code,statement_family,row_count,missing_count,available_count,missing_ratio
000001.XSHE,balance,728,42,686,0.057692307692307696
000001.XSHE,bank_indicator,143,33,110,0.23076923076923078
000001.XSHE,cash_flow,1040,64,976,0.06153846153846154
000001.XSHE,income,624,83,541,0.1330128205128205
000001.XSHE,indicator,884,51,833,0.057692307692307696
001227.XSHE,balance,266,42,224,0.15789473684210525
001227.XSHE,bank_indicator,55,33,22,0.6
001227.XSHE,cash_flow,380,61,319,0.16052631578947368
001227.XSHE,income,228,36,192,0.15789473684210525
001227.XSHE,indicator,323,51,272,0.15789473684210525
002142.XSHE,balance,728,42,686,0.057692307692307696
002142.XSHE,bank_indicator,143,33,110,0.23076923076923078
002142.XSHE,cash_flow,1040,60,980,0.057692307692307696
002142.XSHE,income,624,36,588,0.057692307692307696
002142.XSHE,indicator,884,51,833,0.057692307692307696
002807.XSHE,balance,574,42,532,0.07317073170731707
002807.XSHE,bank_indicator,121,33,88,0.2727272727272727
002807.XSHE,cash_flow,820,60,760,0.07317073170731707
002807.XSHE,income,492,36,456,0.07317073170731707
002807.XSHE,indicator,697,51,646,0.07317073170731707
002839.XSHE,balance,546,42,504,0.07692307692307693
002839.XSHE,bank_indicator,110,33,77,0.3
002839.XSHE,cash_flow,780,60,720,0.07692307692307693
002839.XSHE,income,468,36,432,0.07692307692307693
002839.XSHE,indicator,663,51,612,0.07692307692307693
002936.XSHE,balance,462,42,420,0.09090909090909091
002936.XSHE,bank_indicator,99,33,66,0.3333333333333333
002936.XSHE,cash_flow,660,60,600,0.09090909090909091
002936.XSHE,income,396,36,360,0.09090909090909091
002936.XSHE,indicator,561,51,510,0.09090909090909091
002948.XSHE,balance,434,42,392,0.0967741935483871
002948.XSHE,bank_indicator,88,33,55,0.375
002948.XSHE,cash_flow,620,60,560,0.0967741935483871
002948.XSHE,income,372,36,336,0.0967741935483871
002948.XSHE,indicator,527,51,476,0.0967741935483871
002958.XSHE,balance,434,42,392,0.0967741935483871
002958.XSHE,bank_indicator,88,33,55,0.375
002958.XSHE,cash_flow,620,60,560,0.0967741935483871
002958.XSHE,income,372,37,335,0.09946236559139784
002958.XSHE,indicator,527,51,476,0.0967741935483871
002966.XSHE,balance,406,42,364,0.10344827586206896
002966.XSHE,bank_indicator,88,33,55,0.375
002966.XSHE,cash_flow,580,60,520,0.10344827586206896
002966.XSHE,income,348,36,312,0.10344827586206896
002966.XSHE,indicator,493,51,442,0.10344827586206896
600000.XSHG,balance,728,42,686,0.057692307692307696
600000.XSHG,bank_indicator,143,33,110,0.23076923076923078
600000.XSHG,cash_flow,1040,62,978,0.05961538461538462
600000.XSHG,income,624,36,588,0.057692307692307696
600000.XSHG,indicator,884,53,831,0.05995475113122172
600015.XSHG,balance,728,42,686,0.057692307692307696
600015.XSHG,bank_indicator,143,33,110,0.23076923076923078
600015.XSHG,cash_flow,1040,60,980,0.057692307692307696
600015.XSHG,income,624,36,588,0.057692307692307696
600015.XSHG,indicator,884,53,831,0.05995475113122172
600016.XSHG,balance,728,42,686,0.057692307692307696
600016.XSHG,bank_indicator,143,33,110,0.23076923076923078
600016.XSHG,cash_flow,1040,60,980,0.057692307692307696
600016.XSHG,income,624,36,588,0.057692307692307696
600016.XSHG,indicator,884,53,831,0.05995475113122172
600036.XSHG,balance,728,42,686,0.057692307692307696
600036.XSHG,bank_indicator,143,33,110,0.23076923076923078
600036.XSHG,cash_flow,1040,74,966,0.07115384615384615
600036.XSHG,income,624,36,588,0.057692307692307696
600036.XSHG,indicator,884,53,831,0.05995475113122172
600908.XSHG,balance,574,42,532,0.07317073170731707
600908.XSHG,bank_indicator,121,33,88,0.2727272727272727
600908.XSHG,cash_flow,820,60,760,0.07317073170731707
600908.XSHG,income,492,36,456,0.07317073170731707
600908.XSHG,indicator,697,51,646,0.07317073170731707
600919.XSHG,balance,574,42,532,0.07317073170731707
600919.XSHG,bank_indicator,121,34,87,0.2809917355371901
600919.XSHG,cash_flow,820,60,760,0.07317073170731707
600919.XSHG,income,492,36,456,0.07317073170731707
600919.XSHG,indicator,697,51,646,0.07317073170731707
600926.XSHG,balance,560,42,518,0.075
600926.XSHG,bank_indicator,121,33,88,0.2727272727272727
600926.XSHG,cash_flow,800,64,736,0.08
600926.XSHG,income,480,73,407,0.15208333333333332
600926.XSHG,indicator,680,51,629,0.075
600928.XSHG,balance,434,42,392,0.0967741935483871
600928.XSHG,bank_indicator,88,33,55,0.375
600928.XSHG,cash_flow,620,93,527,0.15
600928.XSHG,income,372,36,336,0.0967741935483871
600928.XSHG,indicator,527,55,472,0.10436432637571158
601009.XSHG,balance,728,42,686,0.057692307692307696
601009.XSHG,bank_indicator,143,33,110,0.23076923076923078
601009.XSHG,cash_flow,1040,64,976,0.06153846153846154
601009.XSHG,income,624,36,588,0.057692307692307696
601009.XSHG,indicator,884,51,833,0.057692307692307696
601077.XSHG,balance,392,42,350,0.10714285714285714
601077.XSHG,bank_indicator,88,33,55,0.375
601077.XSHG,cash_flow,560,60,500,0.10714285714285714
601077.XSHG,income,336,36,300,0.10714285714285714
601077.XSHG,indicator,476,51,425,0.10714285714285714
601128.XSHG,balance,574,42,532,0.07317073170731707
601128.XSHG,bank_indicator,121,33,88,0.2727272727272727
601128.XSHG,cash_flow,820,60,760,0.07317073170731707
601128.XSHG,income,492,36,456,0.07317073170731707
601128.XSHG,indicator,697,51,646,0.07317073170731707
601166.XSHG,balance,728,42,686,0.057692307692307696
601166.XSHG,bank_indicator,143,33,110,0.23076923076923078
601166.XSHG,cash_flow,1040,64,976,0.06153846153846154
601166.XSHG,income,624,36,588,0.057692307692307696
601166.XSHG,indicator,884,51,833,0.057692307692307696
601169.XSHG,balance,728,42,686,0.057692307692307696
601169.XSHG,bank_indicator,143,33,110,0.23076923076923078
601169.XSHG,cash_flow,1040,60,980,0.057692307692307696
601169.XSHG,income,624,36,588,0.057692307692307696
601169.XSHG,indicator,884,51,833,0.057692307692307696
601187.XSHG,balance,336,42,294,0.125
601187.XSHG,bank_indicator,77,33,44,0.42857142857142855
601187.XSHG,cash_flow,480,62,418,0.12916666666666668
601187.XSHG,income,288,36,252,0.125
601187.XSHG,indicator,408,51,357,0.125
601229.XSHG,balance,560,42,518,0.075
601229.XSHG,bank_indicator,121,33,88,0.2727272727272727
601229.XSHG,cash_flow,800,60,740,0.075
601229.XSHG,income,480,36,444,0.075
601229.XSHG,indicator,680,51,629,0.075
601288.XSHG,balance,728,42,686,0.057692307692307696
601288.XSHG,bank_indicator,143,33,110,0.23076923076923078
601288.XSHG,cash_flow,1040,60,980,0.057692307692307696
601288.XSHG,income,624,36,588,0.057692307692307696
601288.XSHG,indicator,884,53,831,0.05995475113122172
601328.XSHG,balance,728,42,686,0.057692307692307696
601328.XSHG,bank_indicator,143,33,110,0.23076923076923078
601328.XSHG,cash_flow,1040,60,980,0.057692307692307696
601328.XSHG,income,624,36,588,0.057692307692307696
601328.XSHG,indicator,884,53,831,0.05995475113122172
601398.XSHG,balance,728,42,686,0.057692307692307696
601398.XSHG,bank_indicator,143,33,110,0.23076923076923078
601398.XSHG,cash_flow,1040,68,972,0.06538461538461539
601398.XSHG,income,624,36,588,0.057692307692307696
601398.XSHG,indicator,884,51,833,0.057692307692307696
601528.XSHG,balance,308,42,266,0.13636363636363635
601528.XSHG,bank_indicator,66,33,33,0.5
601528.XSHG,cash_flow,440,60,380,0.13636363636363635
601528.XSHG,income,264,36,228,0.13636363636363635
601528.XSHG,indicator,374,51,323,0.13636363636363635
601577.XSHG,balance,462,42,420,0.09090909090909091
601577.XSHG,bank_indicator,99,33,66,0.3333333333333333
601577.XSHG,cash_flow,660,60,600,0.09090909090909091
601577.XSHG,income,396,36,360,0.09090909090909091
601577.XSHG,indicator,561,51,510,0.09090909090909091
601658.XSHG,balance,392,42,350,0.10714285714285714
601658.XSHG,bank_indicator,88,33,55,0.375
601658.XSHG,cash_flow,560,60,500,0.10714285714285714
601658.XSHG,income,336,36,300,0.10714285714285714
601658.XSHG,indicator,476,51,425,0.10714285714285714
601665.XSHG,balance,308,42,266,0.13636363636363635
601665.XSHG,bank_indicator,66,33,33,0.5
601665.XSHG,cash_flow,440,60,380,0.13636363636363635
601665.XSHG,income,264,36,228,0.13636363636363635
601665.XSHG,indicator,374,51,323,0.13636363636363635
601818.XSHG,balance,728,42,686,0.057692307692307696
601818.XSHG,bank_indicator,143,33,110,0.23076923076923078
601818.XSHG,cash_flow,1040,63,977,0.06057692307692308
601818.XSHG,income,624,36,588,0.057692307692307696
601818.XSHG,indicator,884,51,833,0.057692307692307696
601825.XSHG,balance,294,42,252,0.14285714285714285
601825.XSHG,bank_indicator,66,33,33,0.5
601825.XSHG,cash_flow,420,60,360,0.14285714285714285
601825.XSHG,income,252,36,216,0.14285714285714285
601825.XSHG,indicator,357,51,306,0.14285714285714285
601838.XSHG,balance,490,42,448,0.08571428571428572
601838.XSHG,bank_indicator,99,33,66,0.3333333333333333
601838.XSHG,cash_flow,700,62,638,0.08857142857142856
601838.XSHG,income,420,41,379,0.09761904761904762
601838.XSHG,indicator,595,51,544,0.08571428571428572
601860.XSHG,balance,434,42,392,0.0967741935483871
601860.XSHG,bank_indicator,88,33,55,0.375
601860.XSHG,cash_flow,620,61,559,0.09838709677419355
601860.XSHG,income,372,64,308,0.17204301075268819
601860.XSHG,indicator,527,51,476,0.0967741935483871
601916.XSHG,balance,392,42,350,0.10714285714285714
601916.XSHG,bank_indicator,88,33,55,0.375
601916.XSHG,cash_flow,560,62,498,0.11071428571428571
601916.XSHG,income,336,36,300,0.10714285714285714
601916.XSHG,indicator,476,51,425,0.10714285714285714
601939.XSHG,balance,728,42,686,0.057692307692307696
601939.XSHG,bank_indicator,143,33,110,0.23076923076923078
601939.XSHG,cash_flow,1040,68,972,0.06538461538461539
601939.XSHG,income,624,36,588,0.057692307692307696
601939.XSHG,indicator,884,51,833,0.057692307692307696
601963.XSHG,balance,322,42,280,0.13043478260869565
601963.XSHG,bank_indicator,66,33,33,0.5
601963.XSHG,cash_flow,460,62,398,0.13478260869565217
601963.XSHG,income,276,36,240,0.13043478260869565
601963.XSHG,indicator,391,51,340,0.13043478260869565
601988.XSHG,balance,728,42,686,0.057692307692307696
601988.XSHG,bank_indicator,143,33,110,0.23076923076923078
601988.XSHG,cash_flow,1040,60,980,0.057692307692307696
601988.XSHG,income,624,36,588,0.057692307692307696
601988.XSHG,indicator,884,51,833,0.057692307692307696
601997.XSHG,balance,574,42,532,0.07317073170731707
601997.XSHG,bank_indicator,121,33,88,0.2727272727272727
601997.XSHG,cash_flow,820,63,757,0.07682926829268293
601997.XSHG,income,492,36,456,0.07317073170731707
601997.XSHG,indicator,697,51,646,0.07317073170731707
601998.XSHG,balance,728,42,686,0.057692307692307696
601998.XSHG,bank_indicator,143,33,110,0.23076923076923078
601998.XSHG,cash_flow,1040,60,980,0.057692307692307696
601998.XSHG,income,624,36,588,0.057692307692307696
601998.XSHG,indicator,884,51,833,0.057692307692307696
603323.XSHG,balance,560,42,518,0.075
603323.XSHG,bank_indicator,121,33,88,0.2727272727272727
603323.XSHG,cash_flow,800,60,740,0.075
603323.XSHG,income,480,36,444,0.075
603323.XSHG,indicator,680,51,629,0.075
