date,line,nav
2021-05-31,benchmark,1.0082
2021-06-01,benchmark,1.0032
2021-06-02,benchmark,1.0064
2021-06-03,benchmark,0.9957
2021-06-04,benchmark,1.0137
2021-06-07,benchmark,1.0055
2021-06-08,benchmark,0.9961
2021-06-09,benchmark,0.9891
2021-06-10,benchmark,0.9896
2021-06-11,benchmark,0.9766
2021-06-15,benchmark,0.9601
2021-06-16,benchmark,0.9702
2021-06-17,benchmark,0.9623
2021-06-18,benchmark,0.9523
2021-06-21,benchmark,0.9381
2021-06-22,benchmark,0.956
2021-06-23,benchmark,0.9485
2021-06-24,benchmark,0.9595
2021-06-25,benchmark,0.9742
2021-06-28,benchmark,0.9518
2021-06-29,benchmark,0.943
2021-06-30,benchmark,0.9498
2021-07-01,benchmark,0.9645
2021-07-02,benchmark,0.9415
2021-07-05,benchmark,0.9442
2021-07-06,benchmark,0.9563
2021-07-07,benchmark,0.9593
2021-07-08,benchmark,0.9296
2021-07-09,benchmark,0.9125
2021-07-12,benchmark,0.892
2021-07-13,benchmark,0.8989
2021-07-14,benchmark,0.8795
2021-07-15,benchmark,0.9095
2021-07-16,benchmark,0.9115
2021-07-19,benchmark,0.9126
2021-07-20,benchmark,0.896
2021-07-21,benchmark,0.8915
2021-07-22,benchmark,0.8984
2021-07-23,benchmark,0.8971
2021-07-26,benchmark,0.8645
2021-07-27,benchmark,0.8364
2021-07-28,benchmark,0.8515
2021-07-29,benchmark,0.8453999999999999
2021-07-30,benchmark,0.8287
2021-08-02,benchmark,0.8455
2021-08-03,benchmark,0.8392000000000001
2021-08-04,benchmark,0.8282
2021-08-05,benchmark,0.8259
2021-08-06,benchmark,0.8268
2021-08-09,benchmark,0.8541
2021-08-10,benchmark,0.8851
2021-08-11,benchmark,0.8996999999999999
2021-08-12,benchmark,0.8938
2021-08-13,benchmark,0.8959
2021-08-16,benchmark,0.8883
2021-08-17,benchmark,0.8812
2021-08-18,benchmark,0.9191
2021-08-19,benchmark,0.8948
2021-08-20,benchmark,0.8939
2021-08-23,benchmark,0.8956999999999999
2021-08-24,benchmark,0.8977999999999999
2021-08-25,benchmark,0.8888
2021-08-26,benchmark,0.8774
2021-08-27,benchmark,0.8841
2021-08-30,benchmark,0.8679
2021-08-31,benchmark,0.8925
2021-09-01,benchmark,0.9251
2021-09-02,benchmark,0.9319999999999999
2021-09-03,benchmark,0.9274
2021-09-06,benchmark,0.9241
2021-09-07,benchmark,0.9454
2021-09-08,benchmark,0.9506
2021-09-09,benchmark,0.9531
2021-09-10,benchmark,0.9731
2021-09-13,benchmark,0.9684
2021-09-14,benchmark,0.942
2021-09-15,benchmark,0.9308
2021-09-16,benchmark,0.9226
2021-09-17,benchmark,0.9306
2021-09-22,benchmark,0.9074
2021-09-23,benchmark,0.9077999999999999
2021-09-24,benchmark,0.9026
2021-09-27,benchmark,0.8988
2021-09-28,benchmark,0.9178
2021-09-29,benchmark,0.9313
2021-09-30,benchmark,0.9137
2021-10-08,benchmark,0.9317
2021-10-11,benchmark,0.9561
2021-10-12,benchmark,0.9614
2021-10-13,benchmark,0.9577
2021-10-14,benchmark,0.9416
2021-10-15,benchmark,0.954
2021-10-18,benchmark,0.95
2021-10-19,benchmark,0.9631
2021-10-20,benchmark,0.9541
2021-10-21,benchmark,0.984
2021-10-22,benchmark,0.9796
2021-10-25,benchmark,0.9808
2021-10-26,benchmark,0.9789
2021-10-27,benchmark,0.9642
2021-10-28,benchmark,0.9505
2021-10-29,benchmark,0.9453
2021-11-01,benchmark,0.9603
2021-11-02,benchmark,0.9324
2021-11-03,benchmark,0.9342
2021-11-04,benchmark,0.9245
2021-11-05,benchmark,0.9171
2021-11-08,benchmark,0.9117999999999999
2021-11-09,benchmark,0.9064
2021-11-10,benchmark,0.9115
2021-11-11,benchmark,0.935
2021-11-12,benchmark,0.9317
2021-11-15,benchmark,0.9368
2021-11-16,benchmark,0.9281
2021-11-17,benchmark,0.9157
2021-11-18,benchmark,0.9063
2021-11-19,benchmark,0.9197
2021-11-22,benchmark,0.9072
2021-11-23,benchmark,0.9139
2021-11-24,benchmark,0.9089
2021-11-25,benchmark,0.907
2021-11-26,benchmark,0.8975
2021-11-29,benchmark,0.8891
2021-11-30,benchmark,0.8893
2021-12-01,benchmark,0.8933
2021-12-02,benchmark,0.8887
2021-12-03,benchmark,0.9028
2021-12-06,benchmark,0.9051
2021-12-07,benchmark,0.9151
2021-12-08,benchmark,0.9121
2021-12-09,benchmark,0.9249
2021-12-10,benchmark,0.9206
2021-12-13,benchmark,0.9123
2021-12-14,benchmark,0.8994
2021-12-15,benchmark,0.8991
2021-12-16,benchmark,0.9081
2021-12-17,benchmark,0.901
2021-12-20,benchmark,0.9006000000000001
2021-12-21,benchmark,0.9052
2021-12-22,benchmark,0.8975
2021-12-23,benchmark,0.8976999999999999
2021-12-24,benchmark,0.8955
2021-12-27,benchmark,0.8871
2021-12-28,benchmark,0.8902
2021-12-29,benchmark,0.878
2021-12-30,benchmark,0.8843
2021-12-31,benchmark,0.8855999999999999
2022-01-04,benchmark,0.8872
2022-01-05,benchmark,0.9053
2022-01-06,benchmark,0.899
2022-01-07,benchmark,0.9198999999999999
2022-01-10,benchmark,0.9287
2022-01-11,benchmark,0.9452
2022-01-12,benchmark,0.949
2022-01-13,benchmark,0.9453
2022-01-14,benchmark,0.9238
2022-01-17,benchmark,0.9275
2022-01-18,benchmark,0.9564
2022-01-19,benchmark,0.9693
2022-01-20,benchmark,0.9889
2022-01-21,benchmark,0.9824
2022-01-24,benchmark,0.979
2022-01-25,benchmark,0.965
2022-01-26,benchmark,0.967
2022-01-27,benchmark,0.9681
2022-01-28,benchmark,0.9515
2022-02-07,benchmark,0.9869
2022-02-08,benchmark,0.9929
2022-02-09,benchmark,0.9823
2022-02-10,benchmark,0.9932
2022-02-11,benchmark,1.0124
2022-02-14,benchmark,0.9811
2022-02-15,benchmark,0.9657
2022-02-16,benchmark,0.9778
2022-02-17,benchmark,0.9831
2022-02-18,benchmark,1.0008
2022-02-21,benchmark,1.0002
2022-02-22,benchmark,0.9882
2022-02-23,benchmark,0.9792
2022-02-24,benchmark,0.9652000000000001
2022-02-25,benchmark,0.9572
2022-02-28,benchmark,0.9577
2022-03-01,benchmark,0.9739
2022-03-02,benchmark,0.9723
2022-03-03,benchmark,0.9881
2022-03-04,benchmark,0.982
2022-03-07,benchmark,0.9617
2022-03-08,benchmark,0.938
2022-03-09,benchmark,0.9261
2022-03-10,benchmark,0.9234
2022-03-11,benchmark,0.9293
2022-03-14,benchmark,0.8956999999999999
2022-03-15,benchmark,0.8457
2022-03-16,benchmark,0.8881
2022-03-17,benchmark,0.8989
2022-03-18,benchmark,0.9145
2022-03-21,benchmark,0.9021
2022-03-22,benchmark,0.9256
2022-03-23,benchmark,0.9222
2022-03-24,benchmark,0.9271
2022-03-25,benchmark,0.9175
2022-03-28,benchmark,0.9178999999999999
2022-03-29,benchmark,0.927
2022-03-30,benchmark,0.9385
2022-03-31,benchmark,0.9547
2022-04-01,benchmark,0.9874
2022-04-06,benchmark,1.0063
2022-04-07,benchmark,0.9971
2022-04-08,benchmark,1.0044
2022-04-11,benchmark,0.9869
2022-04-12,benchmark,0.9928
2022-04-13,benchmark,0.9917
2022-04-14,benchmark,0.9822
2022-04-15,benchmark,1.0142
2022-04-18,benchmark,0.9931
2022-04-19,benchmark,0.9925
2022-04-20,benchmark,0.9709
2022-04-21,benchmark,0.9671
2022-04-22,benchmark,0.9933
2022-04-25,benchmark,0.9522
2022-04-26,benchmark,0.9458
2022-04-27,benchmark,0.9447
2022-04-28,benchmark,0.9774
2022-04-29,benchmark,0.9723
2022-05-05,benchmark,0.9915
2022-05-06,benchmark,0.9689
2022-05-09,benchmark,0.9448
2022-05-10,benchmark,0.9564
2022-05-11,benchmark,0.9457
2022-05-12,benchmark,0.9406
2022-05-13,benchmark,0.9523
2022-05-16,benchmark,0.9389
2022-05-17,benchmark,0.9515
2022-05-18,benchmark,0.9371
2022-05-19,benchmark,0.9293
2022-05-20,benchmark,0.9392
2022-05-23,benchmark,0.9307
2022-05-24,benchmark,0.9193
2022-05-25,benchmark,0.9277
2022-05-26,benchmark,0.931
2022-05-27,benchmark,0.9348
2022-05-30,benchmark,0.9256
2022-05-31,benchmark,0.9309000000000001
2022-06-01,benchmark,0.927
2022-06-02,benchmark,0.9226
2022-06-06,benchmark,0.9257
2022-06-07,benchmark,0.9461
2022-06-08,benchmark,0.9507
2022-06-09,benchmark,0.9625
2022-06-10,benchmark,0.9647
2022-06-13,benchmark,0.9443
2022-06-14,benchmark,0.9587
2022-06-15,benchmark,0.9741
2022-06-16,benchmark,0.9569
2022-06-17,benchmark,0.9519
2022-06-20,benchmark,0.9428
2022-06-21,benchmark,0.9556
2022-06-22,benchmark,0.9417
2022-06-23,benchmark,0.9479
2022-06-24,benchmark,0.9447
2022-06-27,benchmark,0.9618
2022-06-28,benchmark,0.9672000000000001
2022-06-29,benchmark,0.9761
2022-06-30,benchmark,0.977
2022-07-01,benchmark,0.9715
2022-07-04,benchmark,0.9666
2022-07-05,benchmark,0.9684
2022-07-06,benchmark,0.9544
2022-07-07,benchmark,0.9557
2022-07-08,benchmark,0.9553
2022-07-11,benchmark,0.9637
2022-07-12,benchmark,0.9746
2022-07-13,benchmark,0.9512
2022-07-14,benchmark,0.9366
2022-07-15,benchmark,0.9302
2022-07-18,benchmark,0.9398
2022-07-19,benchmark,0.945
2022-07-20,benchmark,0.9509
2022-07-21,benchmark,0.9305
2022-07-22,benchmark,0.9342
2022-07-25,benchmark,0.9396
2022-07-26,benchmark,0.9497
2022-07-27,benchmark,0.9466
2022-07-28,benchmark,0.9406
2022-07-29,benchmark,0.9346
2022-08-01,benchmark,0.9257
2022-08-02,benchmark,0.9101
2022-08-03,benchmark,0.897
2022-08-04,benchmark,0.9047000000000001
2022-08-05,benchmark,0.9124
2022-08-08,benchmark,0.9121
2022-08-09,benchmark,0.9038
2022-08-10,benchmark,0.8981
2022-08-11,benchmark,0.9102
2022-08-12,benchmark,0.9151
2022-08-15,benchmark,0.8984
2022-08-16,benchmark,0.8982
2022-08-17,benchmark,0.9081
2022-08-18,benchmark,0.893
2022-08-19,benchmark,0.8905000000000001
2022-08-22,benchmark,0.8902
2022-08-23,benchmark,0.8784
2022-08-24,benchmark,0.8771
2022-08-25,benchmark,0.8941
2022-08-26,benchmark,0.8998
2022-08-29,benchmark,0.8965
2022-08-30,benchmark,0.9022
2022-08-31,benchmark,0.917
2022-09-01,benchmark,0.9112
2022-09-02,benchmark,0.9086
2022-09-05,benchmark,0.9138
2022-09-06,benchmark,0.909
2022-09-07,benchmark,0.9053
2022-09-08,benchmark,0.9152
2022-09-09,benchmark,0.9347
2022-09-13,benchmark,0.941
2022-09-14,benchmark,0.9343
2022-09-15,benchmark,0.9429
2022-09-16,benchmark,0.9253
2022-09-19,benchmark,0.9285
2022-09-20,benchmark,0.9172
2022-09-21,benchmark,0.9216
2022-09-22,benchmark,0.9196
2022-09-23,benchmark,0.9234
2022-09-26,benchmark,0.9053
2022-09-27,benchmark,0.9134
2022-09-28,benchmark,0.9156
2022-09-29,benchmark,0.9092
2022-09-30,benchmark,0.9126
2022-10-10,benchmark,0.8952
2022-10-11,benchmark,0.8893
2022-10-12,benchmark,0.8962
2022-10-13,benchmark,0.8764000000000001
2022-10-14,benchmark,0.8862
2022-10-17,benchmark,0.8854
2022-10-18,benchmark,0.8845
2022-10-19,benchmark,0.8724000000000001
2022-10-20,benchmark,0.8678
2022-10-21,benchmark,0.8638
2022-10-24,benchmark,0.8338
2022-10-25,benchmark,0.8273
2022-10-26,benchmark,0.8152
2022-10-27,benchmark,0.8126
2022-10-28,benchmark,0.811
2022-10-31,benchmark,0.7887
2022-11-01,benchmark,0.7993
2022-11-02,benchmark,0.7983
2022-11-03,benchmark,0.7889999999999999
2022-11-04,benchmark,0.8063
2022-11-07,benchmark,0.8049999999999999
2022-11-08,benchmark,0.8034
2022-11-09,benchmark,0.8039000000000001
2022-11-10,benchmark,0.8052
2022-11-11,benchmark,0.8432
2022-11-14,benchmark,0.8625
2022-11-15,benchmark,0.865
2022-11-16,benchmark,0.8567
2022-11-17,benchmark,0.8537
2022-11-18,benchmark,0.8482000000000001
2022-11-21,benchmark,0.847
2022-11-22,benchmark,0.8647
2022-11-23,benchmark,0.8637
2022-11-24,benchmark,0.8607
2022-11-25,benchmark,0.883
2022-11-28,benchmark,0.8654
2022-11-29,benchmark,0.9093
2022-11-30,benchmark,0.9033
2022-12-01,benchmark,0.8945
2022-12-02,benchmark,0.8847
2022-12-05,benchmark,0.9127
2022-12-06,benchmark,0.9117999999999999
2022-12-07,benchmark,0.8968
2022-12-08,benchmark,0.9049
2022-12-09,benchmark,0.922
2022-12-12,benchmark,0.8989
2022-12-13,benchmark,0.9065
2022-12-14,benchmark,0.9121
2022-12-15,benchmark,0.8967
2022-12-16,benchmark,0.9071
2022-12-19,benchmark,0.8933
2022-12-20,benchmark,0.8801
2022-12-21,benchmark,0.8866
2022-12-22,benchmark,0.8871
2022-12-23,benchmark,0.8815
2022-12-26,benchmark,0.8802
2022-12-27,benchmark,0.8998
2022-12-28,benchmark,0.9124
2022-12-29,benchmark,0.909
2022-12-30,benchmark,0.9164
2023-01-03,benchmark,0.9185
2023-01-04,benchmark,0.9381
2023-01-05,benchmark,0.9341
2023-01-06,benchmark,0.9309000000000001
2023-01-09,benchmark,0.9333
2023-01-10,benchmark,0.9231
2023-01-11,benchmark,0.9336
2023-01-12,benchmark,0.9342
2023-01-13,benchmark,0.9414
2023-01-16,benchmark,0.9396
2023-01-17,benchmark,0.9379
2023-01-18,benchmark,0.9387
2023-01-19,benchmark,0.9339999999999999
2023-01-20,benchmark,0.9388
2023-01-30,benchmark,0.9418
2023-01-31,benchmark,0.9305
2023-02-01,benchmark,0.9261
2023-02-02,benchmark,0.9187
2023-02-03,benchmark,0.9087
2023-02-06,benchmark,0.8991
2023-02-07,benchmark,0.9031
2023-02-08,benchmark,0.9002
2023-02-09,benchmark,0.8991
2023-02-10,benchmark,0.8971
2023-02-13,benchmark,0.8897
2023-02-14,benchmark,0.8932
2023-02-15,benchmark,0.8824
2023-02-16,benchmark,0.8794
2023-02-17,benchmark,0.8687
2023-02-20,benchmark,0.9011
2023-02-21,benchmark,0.8996
2023-02-22,benchmark,0.8924
2023-02-23,benchmark,0.8922
2023-02-24,benchmark,0.8849
2023-02-27,benchmark,0.8815999999999999
2023-02-28,benchmark,0.8827
2023-03-01,benchmark,0.8934
2023-03-02,benchmark,0.8967
2023-03-03,benchmark,0.9063
2023-03-06,benchmark,0.8865000000000001
2023-03-07,benchmark,0.8878
2023-03-08,benchmark,0.8787
2023-03-09,benchmark,0.8731
2023-03-10,benchmark,0.8605
2023-03-13,benchmark,0.8644000000000001
2023-03-14,benchmark,0.8549
2023-03-15,benchmark,0.8621
2023-03-16,benchmark,0.862
2023-03-17,benchmark,0.8592
2023-03-20,benchmark,0.8532
2023-03-21,benchmark,0.8532
2023-03-22,benchmark,0.8628
2023-03-23,benchmark,0.8659
2023-03-24,benchmark,0.8543000000000001
2023-03-27,benchmark,0.8461
2023-03-28,benchmark,0.8491
2023-03-29,benchmark,0.8469
2023-03-30,benchmark,0.8556
2023-03-31,benchmark,0.8472999999999999
2023-04-03,benchmark,0.8499
2023-04-04,benchmark,0.8529
2023-04-06,benchmark,0.85
2023-04-07,benchmark,0.8533
2023-04-10,benchmark,0.8558
2023-04-11,benchmark,0.8514
2023-04-12,benchmark,0.8546
2023-04-13,benchmark,0.8674
2023-04-14,benchmark,0.873
2023-04-17,benchmark,0.8887
2023-04-18,benchmark,0.8969
2023-04-19,benchmark,0.8943
2023-04-20,benchmark,0.8897
2023-04-21,benchmark,0.8787
2023-04-24,benchmark,0.8693
2023-04-25,benchmark,0.8865000000000001
2023-04-26,benchmark,0.8746
2023-04-27,benchmark,0.8762
2023-04-28,benchmark,0.8896
2023-05-04,benchmark,0.9082
2023-05-05,benchmark,0.9131
2023-05-08,benchmark,0.9403
2023-05-09,benchmark,0.9241
2023-05-10,benchmark,0.8983
2023-05-11,benchmark,0.9007000000000001
2023-05-12,benchmark,0.8915
2023-05-15,benchmark,0.9027000000000001
2023-05-16,benchmark,0.8995
2023-05-17,benchmark,0.8915
2023-05-18,benchmark,0.8981
2023-05-19,benchmark,0.8902
2023-05-22,benchmark,0.8953
2023-05-23,benchmark,0.8799
2023-05-24,benchmark,0.8577
2023-05-25,benchmark,0.8503000000000001
2023-05-26,benchmark,0.8536
2023-05-29,benchmark,0.8471
2023-05-30,benchmark,0.8457
2023-05-31,benchmark,0.8404
2023-06-01,benchmark,0.8381
2023-06-02,benchmark,0.8555
2023-06-05,benchmark,0.857
2023-06-06,benchmark,0.8567
2023-06-07,benchmark,0.8632
2023-06-08,benchmark,0.8809
2023-06-09,benchmark,0.8782
2023-06-12,benchmark,0.8721
2023-06-13,benchmark,0.8742
2023-06-14,benchmark,0.8599
2023-06-15,benchmark,0.8627
2023-06-16,benchmark,0.8592
2023-06-19,benchmark,0.8507
2023-06-20,benchmark,0.8452
2023-06-21,benchmark,0.8414
2023-06-26,benchmark,0.8308
2023-06-27,benchmark,0.8381
2023-06-28,benchmark,0.8381
2023-06-29,benchmark,0.8315
2023-06-30,benchmark,0.8348
2023-07-03,benchmark,0.8475
2023-07-04,benchmark,0.842
2023-07-05,benchmark,0.8375
2023-07-06,benchmark,0.8307
2023-07-07,benchmark,0.8289
2023-07-10,benchmark,0.8317
2023-07-11,benchmark,0.8375
2023-07-12,benchmark,0.8444
2023-07-13,benchmark,0.8527
2023-07-14,benchmark,0.8512
2023-07-17,benchmark,0.8438
2023-07-18,benchmark,0.8404
2023-07-19,benchmark,0.8422000000000001
2023-07-20,benchmark,0.8446
2023-07-21,benchmark,0.8456
2023-07-24,benchmark,0.8436
2023-07-25,benchmark,0.8748
2023-07-26,benchmark,0.8735999999999999
2023-07-27,benchmark,0.8804
2023-07-28,benchmark,0.914
2023-07-31,benchmark,0.9218
2023-08-01,benchmark,0.9127
2023-08-02,benchmark,0.8956999999999999
2023-08-03,benchmark,0.9057
2023-08-04,benchmark,0.9088
2023-08-07,benchmark,0.9
2023-08-08,benchmark,0.8992
2023-08-09,benchmark,0.9008
2023-08-10,benchmark,0.9016
2023-08-11,benchmark,0.8862
2023-08-14,benchmark,0.8746
2023-08-15,benchmark,0.8822
2023-08-16,benchmark,0.8827
2023-08-17,benchmark,0.874
2023-08-18,benchmark,0.8819
2023-08-21,benchmark,0.8705
2023-08-22,benchmark,0.8786
2023-08-23,benchmark,0.8739
2023-08-24,benchmark,0.873
2023-08-25,benchmark,0.8785000000000001
2023-08-28,benchmark,0.8931
2023-08-29,benchmark,0.881
2023-08-30,benchmark,0.8694
2023-08-31,benchmark,0.8643
2023-09-01,benchmark,0.8716
2023-09-04,benchmark,0.8857
2023-09-05,benchmark,0.8779
2023-09-06,benchmark,0.8804
2023-09-07,benchmark,0.8802
2023-09-08,benchmark,0.8782
2023-09-11,benchmark,0.8794
2023-09-12,benchmark,0.8786
2023-09-13,benchmark,0.8813
2023-09-14,benchmark,0.8919
2023-09-15,benchmark,0.8884
2023-09-18,benchmark,0.89
2023-09-19,benchmark,0.8963
2023-09-20,benchmark,0.9014
2023-09-21,benchmark,0.8969
2023-09-22,benchmark,0.9047000000000001
2023-09-25,benchmark,0.9065
2023-09-26,benchmark,0.9032
2023-09-27,benchmark,0.894
2023-09-28,benchmark,0.8998
2023-10-09,benchmark,0.898
2023-10-10,benchmark,0.8983
2023-10-11,benchmark,0.9006000000000001
2023-10-12,benchmark,0.9206
2023-10-13,benchmark,0.9299999999999999
2023-10-16,benchmark,0.9324
2023-10-17,benchmark,0.9364
2023-10-18,benchmark,0.9364
2023-10-19,benchmark,0.9167
2023-10-20,benchmark,0.9129
2023-10-23,benchmark,0.907
2023-10-24,benchmark,0.8977999999999999
2023-10-25,benchmark,0.8951
2023-10-26,benchmark,0.906
2023-10-27,benchmark,0.9049
2023-10-30,benchmark,0.8868
2023-10-31,benchmark,0.8932
2023-11-01,benchmark,0.8929
2023-11-02,benchmark,0.8981
2023-11-03,benchmark,0.8909
2023-11-06,benchmark,0.8835
2023-11-07,benchmark,0.8848
2023-11-08,benchmark,0.8812
2023-11-09,benchmark,0.89
2023-11-10,benchmark,0.8876
2023-11-13,benchmark,0.8847
2023-11-14,benchmark,0.8876999999999999
2023-11-15,benchmark,0.889
2023-11-16,benchmark,0.8901
2023-11-17,benchmark,0.885
2023-11-20,benchmark,0.8888
2023-11-21,benchmark,0.8904
2023-11-22,benchmark,0.8873
2023-11-23,benchmark,0.8876
2023-11-24,benchmark,0.8892
2023-11-27,benchmark,0.8827
2023-11-28,benchmark,0.8808
2023-11-29,benchmark,0.8756
2023-11-30,benchmark,0.882
2023-12-01,benchmark,0.8815999999999999
2023-12-04,benchmark,0.8825000000000001
2023-12-05,benchmark,0.8728
2023-12-06,benchmark,0.8655
2023-12-07,benchmark,0.8702
2023-12-08,benchmark,0.8689
2023-12-11,benchmark,0.8713
2023-12-12,benchmark,0.8814
2023-12-13,benchmark,0.8763
2023-12-14,benchmark,0.8737
2023-12-15,benchmark,0.8688
2023-12-18,benchmark,0.8743
2023-12-19,benchmark,0.8745
2023-12-20,benchmark,0.8734
2023-12-21,benchmark,0.8731
2023-12-22,benchmark,0.8738
2023-12-25,benchmark,0.8754
2023-12-26,benchmark,0.8763
2023-12-27,benchmark,0.8828
2023-12-28,benchmark,0.8787
2023-12-29,benchmark,0.8788
2024-01-02,benchmark,0.8823
2024-01-03,benchmark,0.8913
2024-01-04,benchmark,0.899
2024-01-05,benchmark,0.9026
2024-01-08,benchmark,0.9
2024-01-09,benchmark,0.9017
2024-01-10,benchmark,0.8962
2024-01-11,benchmark,0.8931
2024-01-12,benchmark,0.8999
2024-01-15,benchmark,0.9062
2024-01-16,benchmark,0.9185
2024-01-17,benchmark,0.9082
2024-01-18,benchmark,0.9053
2024-01-19,benchmark,0.9027000000000001
2024-01-22,benchmark,0.8999
2024-01-23,benchmark,0.8998
2024-01-24,benchmark,0.9157
2024-01-25,benchmark,0.9291
2024-01-26,benchmark,0.9437
2024-01-29,benchmark,0.9551
2024-01-30,benchmark,0.945
2024-01-31,benchmark,0.9477
2024-02-01,benchmark,0.9417
2024-02-02,benchmark,0.9449
2024-02-05,benchmark,0.956
2024-02-06,benchmark,0.969
2024-02-07,benchmark,0.9525
2024-02-08,benchmark,0.9467
2024-02-19,benchmark,0.9718
2024-02-20,benchmark,0.9791
2024-02-21,benchmark,0.9927
2024-02-22,benchmark,0.9942
2024-02-23,benchmark,1.003
2024-02-26,benchmark,0.9757
2024-02-27,benchmark,0.9767
2024-02-28,benchmark,0.9732
2024-02-29,benchmark,0.9814
2024-03-01,benchmark,0.9823
2024-03-04,benchmark,0.9779
2024-03-05,benchmark,0.9977
2024-03-06,benchmark,0.9865
2024-03-07,benchmark,0.9911
2024-03-08,benchmark,0.9921
2024-03-11,benchmark,0.988
2024-03-12,benchmark,0.9683
2024-03-13,benchmark,0.9598
2024-03-14,benchmark,0.963
2024-03-15,benchmark,0.9644
2024-03-18,benchmark,0.9609
2024-03-19,benchmark,0.9532
2024-03-20,benchmark,0.9614
2024-03-21,benchmark,0.9699
2024-03-22,benchmark,0.9729
2024-03-25,benchmark,0.9769
2024-03-26,benchmark,0.9914
2024-03-27,benchmark,0.9969
2024-03-28,benchmark,0.9792
2024-03-29,benchmark,0.9861
2024-04-01,benchmark,0.9925
2024-04-02,benchmark,0.9974
2024-04-03,benchmark,0.9949
2024-04-08,benchmark,1.0031
2024-04-09,benchmark,0.9956
2024-04-10,benchmark,0.9949
2024-04-11,benchmark,0.9915
2024-04-12,benchmark,0.989
2024-04-15,benchmark,1.0083
2024-04-16,benchmark,1.0125
2024-04-17,benchmark,1.0243
2024-04-18,benchmark,1.0302
2024-04-19,benchmark,1.0316
2024-04-22,benchmark,1.0223
2024-04-23,benchmark,1.0208
2024-04-24,benchmark,1.019
2024-04-25,benchmark,1.0299
2024-04-26,benchmark,1.0067
2024-04-29,benchmark,1.0087
2024-04-30,benchmark,1.0127
2024-05-06,benchmark,1.0124
2024-05-07,benchmark,1.0155
2024-05-08,benchmark,1.0189
2024-05-09,benchmark,1.0211
2024-05-10,benchmark,1.0316
2024-05-13,benchmark,1.0351
2024-05-14,benchmark,1.0302
2024-05-15,benchmark,1.0283
2024-05-16,benchmark,1.0426
2024-05-17,benchmark,1.0508
2024-05-20,benchmark,1.043
2024-05-21,benchmark,1.0544
2024-05-22,benchmark,1.06
2024-05-23,benchmark,1.0569
2024-05-24,benchmark,1.0507
2024-05-27,benchmark,1.0636
2024-05-28,benchmark,1.0599
2024-05-29,benchmark,1.0531
2024-05-30,benchmark,1.0448
2024-05-31,benchmark,1.0478
2024-06-03,benchmark,1.0338
2024-06-04,benchmark,1.0378
2024-06-05,benchmark,1.0305
2024-06-06,benchmark,1.0304
2024-06-07,benchmark,1.0387
2024-06-11,benchmark,1.0224
2024-06-12,benchmark,1.0201
2024-06-13,benchmark,1.0149
2024-06-14,benchmark,1.02
2024-06-17,benchmark,1.0075
2024-06-18,benchmark,1.0124
2024-06-19,benchmark,1.025
2024-06-20,benchmark,1.0254
2024-06-21,benchmark,1.0204
2024-06-24,benchmark,1.0266
2024-06-25,benchmark,1.0329
2024-06-26,benchmark,1.0369
2024-06-27,benchmark,1.0542
2024-06-28,benchmark,1.0568
2024-07-01,benchmark,1.0726
2024-07-02,benchmark,1.0939
2024-07-03,benchmark,1.0824
2024-07-04,benchmark,1.0872
2024-07-05,benchmark,1.0664
2024-07-08,benchmark,1.0787
2024-07-09,benchmark,1.0866
2024-07-10,benchmark,1.0896
2024-07-11,benchmark,1.0784
2024-07-12,benchmark,1.097
2024-07-15,benchmark,1.1133
2024-07-16,benchmark,1.1107
2024-07-17,benchmark,1.113
2024-07-18,benchmark,1.1118
2024-07-19,benchmark,1.1084
2024-07-22,benchmark,1.0927
2024-07-23,benchmark,1.1121
2024-07-24,benchmark,1.1152
2024-07-25,benchmark,1.107
2024-07-26,benchmark,1.0867
2024-07-29,benchmark,1.104
2024-07-30,benchmark,1.1009
2024-07-31,benchmark,1.0881
2024-08-01,benchmark,1.0904
2024-08-02,benchmark,1.0907
2024-08-05,benchmark,1.082
2024-08-06,benchmark,1.0708
2024-08-07,benchmark,1.0711
2024-08-08,benchmark,1.0744
2024-08-09,benchmark,1.0776
2024-08-12,benchmark,1.0798
2024-08-13,benchmark,1.0866
2024-08-14,benchmark,1.0856
2024-08-15,benchmark,1.0993
2024-08-16,benchmark,1.1148
2024-08-19,benchmark,1.1424
2024-08-20,benchmark,1.1487
2024-08-21,benchmark,1.1414
2024-08-22,benchmark,1.1569
2024-08-23,benchmark,1.1607
2024-08-26,benchmark,1.1601
2024-08-27,benchmark,1.1698
2024-08-28,benchmark,1.1616
2024-08-29,benchmark,1.1211
2024-08-30,benchmark,1.0836
2024-09-02,benchmark,1.0957
2024-09-03,benchmark,1.0702
2024-09-04,benchmark,1.0676
2024-09-05,benchmark,1.0596
2024-09-06,benchmark,1.0594
2024-09-09,benchmark,1.0504
2024-09-10,benchmark,1.0648
2024-09-11,benchmark,1.0357
2024-09-12,benchmark,1.0367
2024-09-13,benchmark,1.0334
2024-09-18,benchmark,1.0476
2024-09-19,benchmark,1.044
2024-09-20,benchmark,1.0534
2024-09-23,benchmark,1.0679
2024-09-24,benchmark,1.1147
2024-09-25,benchmark,1.1261
2024-09-26,benchmark,1.1575
2024-09-27,benchmark,1.1327
2024-09-30,benchmark,1.1707
2024-10-08,benchmark,1.1804000000000001
2024-10-09,benchmark,1.1366
2024-10-10,benchmark,1.1839
2024-10-11,benchmark,1.1875
2024-10-14,benchmark,1.2377
2024-10-15,benchmark,1.206
2024-10-16,benchmark,1.2389000000000001
2024-10-17,benchmark,1.2156
2024-10-18,benchmark,1.2168
2024-10-21,benchmark,1.203
2024-10-22,benchmark,1.2053
2024-10-23,benchmark,1.2074
2024-10-24,benchmark,1.2052
2024-10-25,benchmark,1.196
2024-10-28,benchmark,1.1808
2024-10-29,benchmark,1.1864
2024-10-30,benchmark,1.1714
2024-10-31,benchmark,1.1638
2024-11-01,benchmark,1.182
2024-11-04,benchmark,1.1857
2024-11-05,benchmark,1.1907999999999999
2024-11-06,benchmark,1.183
2024-11-07,benchmark,1.1987999999999999
2024-11-08,benchmark,1.1802
2024-11-11,benchmark,1.1636
2024-11-12,benchmark,1.1556
2024-11-13,benchmark,1.1647
2024-11-14,benchmark,1.1687
2024-11-15,benchmark,1.1686
2024-11-18,benchmark,1.1871
2024-11-19,benchmark,1.1818
2024-11-20,benchmark,1.1813
2024-11-21,benchmark,1.1804000000000001
2024-11-22,benchmark,1.1597
2024-11-25,benchmark,1.1648
2024-11-26,benchmark,1.1797
2024-11-27,benchmark,1.191
2024-11-28,benchmark,1.1912
2024-11-29,benchmark,1.1875
2024-12-02,benchmark,1.1724
2024-12-03,benchmark,1.1915
2024-12-04,benchmark,1.1975
2024-12-05,benchmark,1.2006000000000001
2024-12-06,benchmark,1.2103
2024-12-09,benchmark,1.2134
2024-12-10,benchmark,1.2264
2024-12-11,benchmark,1.2095
2024-12-12,benchmark,1.2237
2024-12-13,benchmark,1.2054
2024-12-16,benchmark,1.2295
2024-12-17,benchmark,1.2286
2024-12-18,benchmark,1.2432
2024-12-19,benchmark,1.23
2024-12-20,benchmark,1.2295
2024-12-23,benchmark,1.2543
2024-12-24,benchmark,1.2723
2024-12-25,benchmark,1.2851
2024-12-26,benchmark,1.2812999999999999
2024-12-27,benchmark,1.2787
2024-12-30,benchmark,1.2926
2024-12-31,benchmark,1.2857
2025-01-02,benchmark,1.2561
2025-01-03,benchmark,1.2407
2025-01-06,benchmark,1.2486
2025-01-07,benchmark,1.259
2025-01-08,benchmark,1.2747
2025-01-09,benchmark,1.2638
2025-01-10,benchmark,1.2558
2025-01-13,benchmark,1.2368999999999999
2025-01-14,benchmark,1.2499
2025-01-15,benchmark,1.2594
2025-01-16,benchmark,1.2702
2025-01-17,benchmark,1.2570999999999999
2025-01-20,benchmark,1.249
2025-01-21,benchmark,1.2492
2025-01-22,benchmark,1.2291
2025-01-23,benchmark,1.26
2025-01-24,benchmark,1.2597
2025-01-27,benchmark,1.2812999999999999
2025-02-05,benchmark,1.2594
2025-02-06,benchmark,1.2575
2025-02-07,benchmark,1.2502
2025-02-10,benchmark,1.2506
2025-02-11,benchmark,1.2728
2025-02-12,benchmark,1.2835
2025-02-13,benchmark,1.286
2025-02-14,benchmark,1.2884
2025-02-17,benchmark,1.2876
2025-02-18,benchmark,1.301
2025-02-19,benchmark,1.2955999999999999
2025-02-20,benchmark,1.2988
2025-02-21,benchmark,1.2788
2025-02-24,benchmark,1.2692999999999999
2025-02-25,benchmark,1.2568
2025-02-26,benchmark,1.2616
2025-02-27,benchmark,1.2731
2025-02-28,benchmark,1.2673
2025-03-03,benchmark,1.2654
2025-03-04,benchmark,1.2607
2025-03-05,benchmark,1.2842
2025-03-06,benchmark,1.2732999999999999
2025-03-07,benchmark,1.2681
2025-03-10,benchmark,1.2594
2025-03-11,benchmark,1.2709
2025-03-12,benchmark,1.2617
2025-03-13,benchmark,1.2654
2025-03-14,benchmark,1.2739
2025-03-17,benchmark,1.2803
2025-03-18,benchmark,1.2787
2025-03-19,benchmark,1.2959
2025-03-20,benchmark,1.2879
2025-03-21,benchmark,1.2785
2025-03-24,benchmark,1.2919
2025-03-25,benchmark,1.3028
2025-03-26,benchmark,1.2912
2025-03-27,benchmark,1.295
2025-03-28,benchmark,1.2922
2025-03-31,benchmark,1.3083
2025-04-01,benchmark,1.2981
2025-04-02,benchmark,1.312
2025-04-03,benchmark,1.322
2025-04-07,benchmark,1.2757
2025-04-08,benchmark,1.2911
2025-04-09,benchmark,1.2793
2025-04-10,benchmark,1.2811
2025-04-11,benchmark,1.2911
2025-04-14,benchmark,1.3061
2025-04-15,benchmark,1.3286
2025-04-16,benchmark,1.3425
2025-04-17,benchmark,1.3412
2025-04-18,benchmark,1.3540999999999999
2025-04-21,benchmark,1.339
2025-04-22,benchmark,1.3514
2025-04-23,benchmark,1.3439
2025-04-24,benchmark,1.3655
2025-04-25,benchmark,1.3637
2025-04-28,benchmark,1.3784
2025-04-29,benchmark,1.3748
2025-04-30,benchmark,1.3383
2025-05-06,benchmark,1.3317
2025-05-07,benchmark,1.3553
2025-05-08,benchmark,1.3629
2025-05-09,benchmark,1.3786
2025-05-12,benchmark,1.379
2025-05-13,benchmark,1.3945
2025-05-14,benchmark,1.4015
2025-05-15,benchmark,1.4028
2025-05-16,benchmark,1.3888
2025-05-19,benchmark,1.3859
2025-05-20,benchmark,1.3906
2025-05-21,benchmark,1.3944
2025-05-22,benchmark,1.4055
2025-05-23,benchmark,1.3914
2025-05-26,benchmark,1.3786
2025-05-27,benchmark,1.3811
2025-05-28,benchmark,1.3737
2025-05-29,benchmark,1.3673
2025-05-30,benchmark,1.3756
2025-06-03,benchmark,1.3976
2025-06-04,benchmark,1.3939
2025-06-05,benchmark,1.3865
2025-06-06,benchmark,1.3878
2025-06-09,benchmark,1.3872
2025-06-10,benchmark,1.3916
2025-06-11,benchmark,1.3914
2025-06-12,benchmark,1.3896
2025-06-13,benchmark,1.3781
2025-06-16,benchmark,1.3926
2025-06-17,benchmark,1.3911
2025-06-18,benchmark,1.4086
2025-06-19,benchmark,1.4104999999999999
2025-06-20,benchmark,1.4235
2025-06-23,benchmark,1.4477
2025-06-24,benchmark,1.4589
2025-06-25,benchmark,1.4691
2025-06-26,benchmark,1.4788000000000001
2025-06-27,benchmark,1.4325
2025-06-30,benchmark,1.4325
2025-07-01,benchmark,1.4534
2025-07-02,benchmark,1.4554
2025-07-03,benchmark,1.4485000000000001
2025-07-04,benchmark,1.4707
2025-07-07,benchmark,1.4726
2025-07-08,benchmark,1.4749
2025-07-09,benchmark,1.4887
2025-07-10,benchmark,1.504
2025-07-11,benchmark,1.4819
2025-07-14,benchmark,1.4921
2025-07-15,benchmark,1.4807000000000001
2025-07-16,benchmark,1.475
2025-07-17,benchmark,1.4655
2025-07-18,benchmark,1.4725
2025-07-21,benchmark,1.4626
2025-07-22,benchmark,1.4452
2025-07-23,benchmark,1.456
2025-07-24,benchmark,1.4381
2025-07-25,benchmark,1.4338
2025-07-28,benchmark,1.435
2025-07-29,benchmark,1.421
2025-07-30,benchmark,1.4346999999999999
2025-07-31,benchmark,1.4407999999999999
2025-08-01,benchmark,1.4378
2025-08-04,benchmark,1.4546999999999999
2025-08-05,benchmark,1.4727999999999999
2025-08-06,benchmark,1.4744
2025-08-07,benchmark,1.4859
2025-08-08,benchmark,1.48
2025-08-11,benchmark,1.4667
2025-08-12,benchmark,1.4747999999999999
2025-08-13,benchmark,1.4621
2025-08-14,benchmark,1.4671
2025-08-15,benchmark,1.4434
2025-08-18,benchmark,1.4462
2025-08-19,benchmark,1.4575
2025-08-20,benchmark,1.4657
2025-08-21,benchmark,1.4773
2025-08-22,benchmark,1.4752
2025-08-25,benchmark,1.4790999999999999
2025-08-26,benchmark,1.4732
2025-08-27,benchmark,1.4412
2025-08-28,benchmark,1.4371
2025-08-29,benchmark,1.434
2025-09-01,benchmark,1.4365999999999999
2025-09-02,benchmark,1.4763
2025-09-03,benchmark,1.4595
2025-09-04,benchmark,1.4763
2025-09-05,benchmark,1.4531
2025-09-08,benchmark,1.4501
2025-09-09,benchmark,1.4554
2025-09-10,benchmark,1.4627000000000001
2025-09-11,benchmark,1.4647999999999999
2025-09-12,benchmark,1.4523
2025-09-15,benchmark,1.4393
2025-09-16,benchmark,1.4319
2025-09-17,benchmark,1.4308
2025-09-18,benchmark,1.4014
2025-09-19,benchmark,1.3967
2025-09-22,benchmark,1.3836
2025-09-23,benchmark,1.4111
2025-09-24,benchmark,1.4121000000000001
2025-09-25,benchmark,1.3973
2025-09-26,benchmark,1.3961000000000001
2025-09-29,benchmark,1.3934
2025-09-30,benchmark,1.3869
2025-10-09,benchmark,1.3836
2025-10-10,benchmark,1.3867
2025-10-13,benchmark,1.3961999999999999
2025-10-14,benchmark,1.4388
2025-10-15,benchmark,1.4445000000000001
2025-10-16,benchmark,1.4729
2025-10-17,benchmark,1.474
2025-10-20,benchmark,1.4713
2025-10-21,benchmark,1.4761
2025-10-22,benchmark,1.4925
2025-10-23,benchmark,1.4988000000000001
2025-10-24,benchmark,1.4973
2025-10-27,benchmark,1.5070999999999999
2025-10-28,benchmark,1.5105
2025-10-29,benchmark,1.4854
2025-10-30,benchmark,1.486
2025-10-31,benchmark,1.4744
2025-11-03,benchmark,1.4971999999999999
2025-11-04,benchmark,1.5247
2025-11-05,benchmark,1.5227
2025-11-06,benchmark,1.5147
2025-11-07,benchmark,1.5079
2025-11-10,benchmark,1.5196999999999998
2025-11-11,benchmark,1.5264
2025-11-12,benchmark,1.5403
2025-11-13,benchmark,1.5364
2025-11-14,benchmark,1.5411000000000001
2025-11-17,benchmark,1.5152
2025-11-18,benchmark,1.5077
2025-11-19,benchmark,1.5248
2025-11-20,benchmark,1.5472000000000001
2025-11-21,benchmark,1.5333999999999999
2025-11-24,benchmark,1.5206
2025-11-25,benchmark,1.5372
2025-11-26,benchmark,1.5229
2025-11-27,benchmark,1.5312999999999999
2025-11-28,benchmark,1.5242
2025-12-01,benchmark,1.5293
2025-12-02,benchmark,1.5317
2025-12-03,benchmark,1.5151
2025-12-04,benchmark,1.5088
2025-12-05,benchmark,1.4996
2025-12-08,benchmark,1.5015
2025-12-09,benchmark,1.5030999999999999
2025-12-10,benchmark,1.4775
2025-12-11,benchmark,1.4807000000000001
2025-12-12,benchmark,1.4676
2025-12-15,benchmark,1.4574
2025-12-16,benchmark,1.4559
2025-12-17,benchmark,1.4573
2025-12-18,benchmark,1.487
2025-12-19,benchmark,1.4779
2025-12-22,benchmark,1.4735
2025-12-23,benchmark,1.4816
2025-12-24,benchmark,1.4768
2025-12-25,benchmark,1.4734
2025-12-26,benchmark,1.4625
2025-12-29,benchmark,1.4765
2025-12-30,benchmark,1.4765
2025-12-31,benchmark,1.4887
2026-01-05,benchmark,1.4825
2026-01-06,benchmark,1.4775
2026-01-07,benchmark,1.4643
2026-01-08,benchmark,1.4598
2026-01-09,benchmark,1.4579
2026-01-12,benchmark,1.4617
2026-01-13,benchmark,1.4727000000000001
2026-01-14,benchmark,1.4484
2026-01-15,benchmark,1.4346999999999999
2026-01-16,benchmark,1.4219
2026-01-19,benchmark,1.4069
2026-01-20,benchmark,1.4203000000000001
2026-01-21,benchmark,1.393
2026-01-22,benchmark,1.3831
2026-01-23,benchmark,1.3746
2026-01-26,benchmark,1.381
2026-01-27,benchmark,1.3817
2026-01-28,benchmark,1.3787
2026-01-29,benchmark,1.3976
2026-01-30,benchmark,1.3965999999999998
2026-02-02,benchmark,1.3941
2026-02-03,benchmark,1.3732
2026-02-04,benchmark,1.3889
2026-02-05,benchmark,1.4113
2026-02-06,benchmark,1.4073
2026-02-09,benchmark,1.4104999999999999
2026-02-10,benchmark,1.419
2026-02-11,benchmark,1.4214
2026-02-12,benchmark,1.4017
2026-02-13,benchmark,1.3888
2026-02-24,benchmark,1.3818
2026-02-25,benchmark,1.3774
2026-02-26,benchmark,1.3714
2026-02-27,benchmark,1.3697
2026-03-02,benchmark,1.376
2026-03-03,benchmark,1.4037
2026-03-04,benchmark,1.3927
2026-03-05,benchmark,1.4038
2026-03-06,benchmark,1.4033
2026-03-09,benchmark,1.3965
2026-03-10,benchmark,1.3916
2026-03-11,benchmark,1.405
2026-03-12,benchmark,1.4157
2026-03-13,benchmark,1.4256
2026-03-16,benchmark,1.4339
2026-03-17,benchmark,1.4491
2026-03-18,benchmark,1.4426
2026-03-19,benchmark,1.4487
2026-03-20,benchmark,1.446
2026-03-23,benchmark,1.4063
2026-03-24,benchmark,1.4294
2026-03-25,benchmark,1.4384000000000001
2026-03-26,benchmark,1.4489
2026-03-27,benchmark,1.4392
2026-03-30,benchmark,1.4513
2026-03-31,benchmark,1.472
2026-04-01,benchmark,1.4689999999999999
2026-04-02,benchmark,1.4875
2026-04-03,benchmark,1.4659
2026-04-07,benchmark,1.4462
2026-04-08,benchmark,1.4538
2026-04-09,benchmark,1.4471
2026-04-10,benchmark,1.45
2026-04-13,benchmark,1.4546000000000001
2026-04-14,benchmark,1.4653
2026-04-15,benchmark,1.4786
2026-04-16,benchmark,1.4743
2026-04-17,benchmark,1.4712
2026-04-20,benchmark,1.4956
2026-04-21,benchmark,1.5038
2026-04-22,benchmark,1.4917
2026-04-23,benchmark,1.4882
2026-04-24,benchmark,1.4903
2026-04-27,benchmark,1.4793
2026-04-28,benchmark,1.4879
2026-04-29,benchmark,1.4757
2026-04-30,benchmark,1.4717
2026-05-06,benchmark,1.4569
2026-05-07,benchmark,1.4545
2026-05-08,benchmark,1.454
2026-05-11,benchmark,1.4443
2026-05-12,benchmark,1.4418
2026-05-13,benchmark,1.4367
2026-05-14,benchmark,1.4498
2026-05-15,benchmark,1.4455
2026-05-18,benchmark,1.4373
2026-05-19,benchmark,1.4462
2026-05-20,benchmark,1.4279
2026-05-21,benchmark,1.4341
2026-05-22,benchmark,1.4362
2026-05-25,benchmark,1.4356
2026-05-26,benchmark,1.4397
2026-05-27,benchmark,1.425
2026-05-28,benchmark,1.4148
2026-05-29,benchmark,1.4306
2021-05-31,primary,1.0059
2021-06-01,primary,1.0006
2021-06-02,primary,1.0027
2021-06-03,primary,0.9917
2021-06-04,primary,1.0097
2021-06-07,primary,0.9982
2021-06-08,primary,0.9888
2021-06-09,primary,0.9835
2021-06-10,primary,0.9844
2021-06-11,primary,0.9711
2021-06-15,primary,0.9562
2021-06-16,primary,0.9646
2021-06-17,primary,0.9573
2021-06-18,primary,0.9476
2021-06-21,primary,0.9356
2021-06-22,primary,0.9529
2021-06-23,primary,0.9456
2021-06-24,primary,0.9563
2021-06-25,primary,0.9722
2021-06-28,primary,0.95
2021-06-29,primary,0.9428
2021-06-30,primary,0.9494
2021-07-01,primary,0.9637
2021-07-02,primary,0.9412
2021-07-05,primary,0.9438
2021-07-06,primary,0.9536
2021-07-07,primary,0.956
2021-07-08,primary,0.9268
2021-07-09,primary,0.9075
2021-07-12,primary,0.8899
2021-07-13,primary,0.8972
2021-07-14,primary,0.8792
2021-07-15,primary,0.9094
2021-07-16,primary,0.9099
2021-07-19,primary,0.9156
2021-07-20,primary,0.9057
2021-07-21,primary,0.9009
2021-07-22,primary,0.9062
2021-07-23,primary,0.9059
2021-07-26,primary,0.8759
2021-07-27,primary,0.8518
2021-07-28,primary,0.8693
2021-07-29,primary,0.8631
2021-07-30,primary,0.8432999999999999
2021-08-02,primary,0.8602
2021-08-03,primary,0.8557
2021-08-04,primary,0.844
2021-08-05,primary,0.8432
2021-08-06,primary,0.8431
2021-08-09,primary,0.8696
2021-08-10,primary,0.897
2021-08-11,primary,0.9116
2021-08-12,primary,0.9044
2021-08-13,primary,0.9059
2021-08-16,primary,0.9
2021-08-17,primary,0.8892
2021-08-18,primary,0.9236
2021-08-19,primary,0.8931
2021-08-20,primary,0.8923
2021-08-23,primary,0.8931
2021-08-24,primary,0.8956
2021-08-25,primary,0.8861
2021-08-26,primary,0.8738
2021-08-27,primary,0.8838
2021-08-30,primary,0.8699
2021-08-31,primary,0.8927
2021-09-01,primary,0.9274
2021-09-02,primary,0.9332
2021-09-03,primary,0.9278
2021-09-06,primary,0.9246
2021-09-07,primary,0.9463
2021-09-08,primary,0.9507
2021-09-09,primary,0.9527
2021-09-10,primary,0.9773
2021-09-13,primary,0.974
2021-09-14,primary,0.9508
2021-09-15,primary,0.9336
2021-09-16,primary,0.9256
2021-09-17,primary,0.941
2021-09-22,primary,0.9155
2021-09-23,primary,0.914
2021-09-24,primary,0.9074
2021-09-27,primary,0.9034
2021-09-28,primary,0.9232
2021-09-29,primary,0.9384
2021-09-30,primary,0.9164
2021-10-08,primary,0.9339
2021-10-11,primary,0.9603
2021-10-12,primary,0.9646
2021-10-13,primary,0.9645
2021-10-14,primary,0.9456
2021-10-15,primary,0.9583
2021-10-18,primary,0.9544
2021-10-19,primary,0.9706
2021-10-20,primary,0.9557
2021-10-21,primary,0.9853
2021-10-22,primary,0.9794
2021-10-25,primary,0.983
2021-10-26,primary,0.9883
2021-10-27,primary,0.9794
2021-10-28,primary,0.9683
2021-10-29,primary,0.9613
2021-11-01,primary,0.9774
2021-11-02,primary,0.9491
2021-11-03,primary,0.9509
2021-11-04,primary,0.9411
2021-11-05,primary,0.9335
2021-11-08,primary,0.9279999999999999
2021-11-09,primary,0.9226
2021-11-10,primary,0.9278
2021-11-11,primary,0.9516
2021-11-12,primary,0.9482
2021-11-15,primary,0.9534
2021-11-16,primary,0.9446
2021-11-17,primary,0.9319
2021-11-18,primary,0.9223
2021-11-19,primary,0.9359999999999999
2021-11-22,primary,0.9234
2021-11-23,primary,0.9301
2021-11-24,primary,0.925
2021-11-25,primary,0.9231
2021-11-26,primary,0.9135
2021-11-29,primary,0.9049
2021-11-30,primary,0.9051
2021-12-01,primary,0.9091
2021-12-02,primary,0.9045
2021-12-03,primary,0.9188000000000001
2021-12-06,primary,0.9211
2021-12-07,primary,0.9314
2021-12-08,primary,0.9283
2021-12-09,primary,0.9413
2021-12-10,primary,0.9369000000000001
2021-12-13,primary,0.9284
2021-12-14,primary,0.9154
2021-12-15,primary,0.915
2021-12-16,primary,0.9243
2021-12-17,primary,0.917
2021-12-20,primary,0.9166
2021-12-21,primary,0.9214
2021-12-22,primary,0.9136
2021-12-23,primary,0.9138
2021-12-24,primary,0.9116
2021-12-27,primary,0.903
2021-12-28,primary,0.9062
2021-12-29,primary,0.8938
2021-12-30,primary,0.9002
2021-12-31,primary,0.9016
2022-01-04,primary,0.9032
2022-01-05,primary,0.9217
2022-01-06,primary,0.9153
2022-01-07,primary,0.9366
2022-01-10,primary,0.9456
2022-01-11,primary,0.9626
2022-01-12,primary,0.9665
2022-01-13,primary,0.9626
2022-01-14,primary,0.9408
2022-01-17,primary,0.9446
2022-01-18,primary,0.974
2022-01-19,primary,0.9872
2022-01-20,primary,1.0071
2022-01-21,primary,1.0004
2022-01-24,primary,0.997
2022-01-25,primary,0.9827
2022-01-26,primary,0.9848
2022-01-27,primary,0.9859
2022-01-28,primary,0.969
2022-02-07,primary,1.005
2022-02-08,primary,1.0111
2022-02-09,primary,1.0003
2022-02-10,primary,1.0114
2022-02-11,primary,1.031
2022-02-14,primary,0.9991
2022-02-15,primary,0.9834
2022-02-16,primary,0.9957
2022-02-17,primary,1.0011
2022-02-18,primary,1.0191
2022-02-21,primary,1.0186
2022-02-22,primary,1.0064
2022-02-23,primary,0.9972
2022-02-24,primary,0.983
2022-02-25,primary,0.9748
2022-02-28,primary,0.9754
2022-03-01,primary,0.992
2022-03-02,primary,0.9904
2022-03-03,primary,1.0064
2022-03-04,primary,1.0002
2022-03-07,primary,0.9795
2022-03-08,primary,0.9555
2022-03-09,primary,0.9436
2022-03-10,primary,0.9408
2022-03-11,primary,0.9468
2022-03-14,primary,0.9125
2022-03-15,primary,0.8617
2022-03-16,primary,0.9049
2022-03-17,primary,0.9158
2022-03-18,primary,0.9317
2022-03-21,primary,0.9191
2022-03-22,primary,0.9431
2022-03-23,primary,0.9395
2022-03-24,primary,0.9445
2022-03-25,primary,0.9347
2022-03-28,primary,0.9351
2022-03-29,primary,0.9444
2022-03-30,primary,0.956
2022-03-31,primary,0.9727
2022-04-01,primary,1.0059
2022-04-06,primary,1.0252
2022-04-07,primary,1.0158
2022-04-08,primary,1.0232
2022-04-11,primary,1.0055
2022-04-12,primary,1.0116
2022-04-13,primary,1.0105
2022-04-14,primary,1.0009
2022-04-15,primary,1.0334
2022-04-18,primary,1.0121
2022-04-19,primary,1.0115
2022-04-20,primary,0.9895
2022-04-21,primary,0.9857
2022-04-22,primary,1.0123
2022-04-25,primary,0.9706
2022-04-26,primary,0.9641
2022-04-27,primary,0.9631
2022-04-28,primary,0.9965
2022-04-29,primary,0.9913
2022-05-05,primary,1.011
2022-05-06,primary,0.984
2022-05-09,primary,0.9534
2022-05-10,primary,0.9645
2022-05-11,primary,0.9522
2022-05-12,primary,0.9472
2022-05-13,primary,0.9621
2022-05-16,primary,0.9482
2022-05-17,primary,0.9634
2022-05-18,primary,0.9454
2022-05-19,primary,0.9374
2022-05-20,primary,0.9479
2022-05-23,primary,0.9395
2022-05-24,primary,0.9227
2022-05-25,primary,0.9333
2022-05-26,primary,0.9353
2022-05-27,primary,0.9402
2022-05-30,primary,0.9295
2022-05-31,primary,0.9351
2022-06-01,primary,0.9327
2022-06-02,primary,0.9275
2022-06-06,primary,0.9329000000000001
2022-06-07,primary,0.956
2022-06-08,primary,0.9611
2022-06-09,primary,0.9753
2022-06-10,primary,0.9787
2022-06-13,primary,0.9571
2022-06-14,primary,0.9748
2022-06-15,primary,0.9946
2022-06-16,primary,0.9722
2022-06-17,primary,0.9663
2022-06-20,primary,0.9562
2022-06-21,primary,0.9688
2022-06-22,primary,0.9549
2022-06-23,primary,0.9633
2022-06-24,primary,0.9584
2022-06-27,primary,0.978
2022-06-28,primary,0.9859
2022-06-29,primary,0.9931
2022-06-30,primary,0.9976
2022-07-01,primary,0.9905
2022-07-04,primary,0.9851
2022-07-05,primary,0.9865
2022-07-06,primary,0.969
2022-07-07,primary,0.9736
2022-07-08,primary,0.9728
2022-07-11,primary,0.9851
2022-07-12,primary,0.998
2022-07-13,primary,0.9714
2022-07-14,primary,0.958
2022-07-15,primary,0.9503
2022-07-18,primary,0.9578
2022-07-19,primary,0.9684
2022-07-20,primary,0.9781
2022-07-21,primary,0.9558
2022-07-22,primary,0.9601999999999999
2022-07-25,primary,0.9652000000000001
2022-07-26,primary,0.9782
2022-07-27,primary,0.9728
2022-07-28,primary,0.9661
2022-07-29,primary,0.9606
2022-08-01,primary,0.9509
2022-08-02,primary,0.933
2022-08-03,primary,0.918
2022-08-04,primary,0.9257
2022-08-05,primary,0.9347
2022-08-08,primary,0.9344
2022-08-09,primary,0.9259999999999999
2022-08-10,primary,0.9169
2022-08-11,primary,0.9333
2022-08-12,primary,0.9367
2022-08-15,primary,0.9141
2022-08-16,primary,0.9151
2022-08-17,primary,0.9262
2022-08-18,primary,0.9073
2022-08-19,primary,0.9116
2022-08-22,primary,0.9129
2022-08-23,primary,0.9014
2022-08-24,primary,0.8981
2022-08-25,primary,0.9185
2022-08-26,primary,0.9257
2022-08-29,primary,0.9218
2022-08-30,primary,0.9306
2022-08-31,primary,0.9468
2022-09-01,primary,0.9404
2022-09-02,primary,0.9373
2022-09-05,primary,0.9437
2022-09-06,primary,0.9378
2022-09-07,primary,0.9337
2022-09-08,primary,0.9457
2022-09-09,primary,0.9677
2022-09-13,primary,0.9754
2022-09-14,primary,0.9677
2022-09-15,primary,0.978
2022-09-16,primary,0.9574
2022-09-19,primary,0.9626
2022-09-20,primary,0.949
2022-09-21,primary,0.954
2022-09-22,primary,0.952
2022-09-23,primary,0.9566
2022-09-26,primary,0.9383
2022-09-27,primary,0.9476
2022-09-28,primary,0.9508
2022-09-29,primary,0.9445
2022-09-30,primary,0.9486
2022-10-10,primary,0.9271
2022-10-11,primary,0.9198999999999999
2022-10-12,primary,0.9273
2022-10-13,primary,0.9038
2022-10-14,primary,0.9136
2022-10-17,primary,0.9115
2022-10-18,primary,0.9105
2022-10-19,primary,0.8976999999999999
2022-10-20,primary,0.8925
2022-10-21,primary,0.8889
2022-10-24,primary,0.8553
2022-10-25,primary,0.8477
2022-10-26,primary,0.8331
2022-10-27,primary,0.8303
2022-10-28,primary,0.8294
2022-10-31,primary,0.8017000000000001
2022-11-01,primary,0.8162
2022-11-02,primary,0.8138
2022-11-03,primary,0.8034
2022-11-04,primary,0.8232
2022-11-07,primary,0.8224
2022-11-08,primary,0.8199
2022-11-09,primary,0.8187
2022-11-10,primary,0.8196
2022-11-11,primary,0.8622
2022-11-14,primary,0.8851
2022-11-15,primary,0.8868
2022-11-16,primary,0.8766
2022-11-17,primary,0.8727
2022-11-18,primary,0.8665
2022-11-21,primary,0.8634999999999999
2022-11-22,primary,0.8817
2022-11-23,primary,0.8813
2022-11-24,primary,0.8784
2022-11-25,primary,0.9037
2022-11-28,primary,0.885
2022-11-29,primary,0.9322
2022-11-30,primary,0.9238
2022-12-01,primary,0.9162
2022-12-02,primary,0.9061
2022-12-05,primary,0.9365
2022-12-06,primary,0.9351
2022-12-07,primary,0.9186
2022-12-08,primary,0.9261
2022-12-09,primary,0.9455
2022-12-12,primary,0.9195
2022-12-13,primary,0.9287
2022-12-14,primary,0.9333
2022-12-15,primary,0.9171
2022-12-16,primary,0.9275
2022-12-19,primary,0.9109
2022-12-20,primary,0.8965
2022-12-21,primary,0.9031
2022-12-22,primary,0.9019
2022-12-23,primary,0.8961
2022-12-26,primary,0.895
2022-12-27,primary,0.9195
2022-12-28,primary,0.9331
2022-12-29,primary,0.9309000000000001
2022-12-30,primary,0.9381
2023-01-03,primary,0.9404
2023-01-04,primary,0.9653
2023-01-05,primary,0.9621
2023-01-06,primary,0.9573
2023-01-09,primary,0.958
2023-01-10,primary,0.9477
2023-01-11,primary,0.9611
2023-01-12,primary,0.9607
2023-01-13,primary,0.9697
2023-01-16,primary,0.9724
2023-01-17,primary,0.9716
2023-01-18,primary,0.9735
2023-01-19,primary,0.9695
2023-01-20,primary,0.973
2023-01-30,primary,0.9746
2023-01-31,primary,0.9645
2023-02-01,primary,0.9601
2023-02-02,primary,0.9511000000000001
2023-02-03,primary,0.9383
2023-02-06,primary,0.9272
2023-02-07,primary,0.9324
2023-02-08,primary,0.9284
2023-02-09,primary,0.9272
2023-02-10,primary,0.9259
2023-02-13,primary,0.9172
2023-02-14,primary,0.9231
2023-02-15,primary,0.911
2023-02-16,primary,0.9077999999999999
2023-02-17,primary,0.8949
2023-02-20,primary,0.9318
2023-02-21,primary,0.9292
2023-02-22,primary,0.9211
2023-02-23,primary,0.9218999999999999
2023-02-24,primary,0.9136
2023-02-27,primary,0.9088
2023-02-28,primary,0.9085
2023-03-01,primary,0.922
2023-03-02,primary,0.925
2023-03-03,primary,0.9355
2023-03-06,primary,0.913
2023-03-07,primary,0.9128000000000001
2023-03-08,primary,0.9043
2023-03-09,primary,0.8967
2023-03-10,primary,0.8804
2023-03-13,primary,0.8836999999999999
2023-03-14,primary,0.8708
2023-03-15,primary,0.8798
2023-03-16,primary,0.8784
2023-03-17,primary,0.8754
2023-03-20,primary,0.8678
2023-03-21,primary,0.8687
2023-03-22,primary,0.8791
2023-03-23,primary,0.8831
2023-03-24,primary,0.8691
2023-03-27,primary,0.8606
2023-03-28,primary,0.8636
2023-03-29,primary,0.8598
2023-03-30,primary,0.8702
2023-03-31,primary,0.8619
2023-04-03,primary,0.8657
2023-04-04,primary,0.8668
2023-04-06,primary,0.8622
2023-04-07,primary,0.8658
2023-04-10,primary,0.8685
2023-04-11,primary,0.864
2023-04-12,primary,0.8661
2023-04-13,primary,0.8809
2023-04-14,primary,0.8879
2023-04-17,primary,0.904
2023-04-18,primary,0.9133
2023-04-19,primary,0.91
2023-04-20,primary,0.9073
2023-04-21,primary,0.895
2023-04-24,primary,0.8847
2023-04-25,primary,0.9044
2023-04-26,primary,0.8896
2023-04-27,primary,0.8931
2023-04-28,primary,0.908
2023-05-04,primary,0.9222
2023-05-05,primary,0.9235
2023-05-08,primary,0.9478
2023-05-09,primary,0.9315
2023-05-10,primary,0.9033
2023-05-11,primary,0.9075
2023-05-12,primary,0.8975
2023-05-15,primary,0.9036
2023-05-16,primary,0.8992
2023-05-17,primary,0.8905000000000001
2023-05-18,primary,0.8944
2023-05-19,primary,0.8852
2023-05-22,primary,0.8886000000000001
2023-05-23,primary,0.8749
2023-05-24,primary,0.8544
2023-05-25,primary,0.8472999999999999
2023-05-26,primary,0.8495
2023-05-29,primary,0.84
2023-05-30,primary,0.8406
2023-05-31,primary,0.8345
2023-06-01,primary,0.8317
2023-06-02,primary,0.8513
2023-06-05,primary,0.8508
2023-06-06,primary,0.8496
2023-06-07,primary,0.8559
2023-06-08,primary,0.8729
2023-06-09,primary,0.8693
2023-06-12,primary,0.8652
2023-06-13,primary,0.8667
2023-06-14,primary,0.8533999999999999
2023-06-15,primary,0.8558
2023-06-16,primary,0.8522000000000001
2023-06-19,primary,0.843
2023-06-20,primary,0.8355
2023-06-21,primary,0.8303
2023-06-26,primary,0.8218
2023-06-27,primary,0.8291
2023-06-28,primary,0.8287
2023-06-29,primary,0.8222
2023-06-30,primary,0.8256
2023-07-03,primary,0.8391
2023-07-04,primary,0.8343
2023-07-05,primary,0.8303
2023-07-06,primary,0.8242
2023-07-07,primary,0.823
2023-07-10,primary,0.8260000000000001
2023-07-11,primary,0.8318
2023-07-12,primary,0.8394
2023-07-13,primary,0.8485
2023-07-14,primary,0.8478
2023-07-17,primary,0.8407
2023-07-18,primary,0.8388
2023-07-19,primary,0.8406
2023-07-20,primary,0.842
2023-07-21,primary,0.8435
2023-07-24,primary,0.841
2023-07-25,primary,0.8749
2023-07-26,primary,0.8732
2023-07-27,primary,0.8793
2023-07-28,primary,0.9164
2023-07-31,primary,0.9292
2023-08-01,primary,0.9185
2023-08-02,primary,0.9055
2023-08-03,primary,0.9149
2023-08-04,primary,0.9218
2023-08-07,primary,0.9095
2023-08-08,primary,0.9082
2023-08-09,primary,0.909
2023-08-10,primary,0.9102
2023-08-11,primary,0.8939
2023-08-14,primary,0.8822
2023-08-15,primary,0.8896
2023-08-16,primary,0.891
2023-08-17,primary,0.8819
2023-08-18,primary,0.889
2023-08-21,primary,0.8775999999999999
2023-08-22,primary,0.8862
2023-08-23,primary,0.8797
2023-08-24,primary,0.8787
2023-08-25,primary,0.8855999999999999
2023-08-28,primary,0.9021
2023-08-29,primary,0.8907
2023-08-30,primary,0.8753
2023-08-31,primary,0.8698
2023-09-01,primary,0.8778
2023-09-04,primary,0.8921
2023-09-05,primary,0.8842
2023-09-06,primary,0.8867
2023-09-07,primary,0.8865000000000001
2023-09-08,primary,0.8845
2023-09-11,primary,0.8857
2023-09-12,primary,0.8849
2023-09-13,primary,0.8876
2023-09-14,primary,0.8983
2023-09-15,primary,0.8947
2023-09-18,primary,0.8964
2023-09-19,primary,0.9027000000000001
2023-09-20,primary,0.9078999999999999
2023-09-21,primary,0.9034
2023-09-22,primary,0.9112
2023-09-25,primary,0.913
2023-09-26,primary,0.9097
2023-09-27,primary,0.9004
2023-09-28,primary,0.9063
2023-10-09,primary,0.9045
2023-10-10,primary,0.9047000000000001
2023-10-11,primary,0.9071
2023-10-12,primary,0.9272
2023-10-13,primary,0.9367
2023-10-16,primary,0.9391
2023-10-17,primary,0.9432
2023-10-18,primary,0.9432
2023-10-19,primary,0.9233
2023-10-20,primary,0.9195
2023-10-23,primary,0.9135
2023-10-24,primary,0.9043
2023-10-25,primary,0.9016
2023-10-26,primary,0.9126
2023-10-27,primary,0.9115
2023-10-30,primary,0.8932
2023-10-31,primary,0.8996999999999999
2023-11-01,primary,0.8994
2023-11-02,primary,0.9046000000000001
2023-11-03,primary,0.8974
2023-11-06,primary,0.8898
2023-11-07,primary,0.8912
2023-11-08,primary,0.8876
2023-11-09,primary,0.8964
2023-11-10,primary,0.894
2023-11-13,primary,0.8911
2023-11-14,primary,0.8941
2023-11-15,primary,0.8954
2023-11-16,primary,0.8965
2023-11-17,primary,0.8914
2023-11-20,primary,0.8952
2023-11-21,primary,0.8968
2023-11-22,primary,0.8936999999999999
2023-11-23,primary,0.894
2023-11-24,primary,0.8956
2023-11-27,primary,0.889
2023-11-28,primary,0.8872
2023-11-29,primary,0.8819
2023-11-30,primary,0.8884
2023-12-01,primary,0.888
2023-12-04,primary,0.8889
2023-12-05,primary,0.8792
2023-12-06,primary,0.8717
2023-12-07,primary,0.8765000000000001
2023-12-08,primary,0.8752
2023-12-11,primary,0.8775999999999999
2023-12-12,primary,0.8876999999999999
2023-12-13,primary,0.8826
2023-12-14,primary,0.88
2023-12-15,primary,0.8751
2023-12-18,primary,0.8806
2023-12-19,primary,0.8808
2023-12-20,primary,0.8797
2023-12-21,primary,0.8794
2023-12-22,primary,0.8802
2023-12-25,primary,0.8818
2023-12-26,primary,0.8827
2023-12-27,primary,0.8892
2023-12-28,primary,0.8851
2023-12-29,primary,0.8851
2024-01-02,primary,0.8887
2024-01-03,primary,0.8976999999999999
2024-01-04,primary,0.9056
2024-01-05,primary,0.9091
2024-01-08,primary,0.9065
2024-01-09,primary,0.9082
2024-01-10,primary,0.9027000000000001
2024-01-11,primary,0.8996
2024-01-12,primary,0.9064
2024-01-15,primary,0.9127
2024-01-16,primary,0.9251
2024-01-17,primary,0.9148000000000001
2024-01-18,primary,0.9117999999999999
2024-01-19,primary,0.9093
2024-01-22,primary,0.9064
2024-01-23,primary,0.9063
2024-01-24,primary,0.9223
2024-01-25,primary,0.9358
2024-01-26,primary,0.9505
2024-01-29,primary,0.962
2024-01-30,primary,0.9519
2024-01-31,primary,0.9545
2024-02-01,primary,0.9485
2024-02-02,primary,0.9518
2024-02-05,primary,0.963
2024-02-06,primary,0.976
2024-02-07,primary,0.9594
2024-02-08,primary,0.9535
2024-02-19,primary,0.9788
2024-02-20,primary,0.9861
2024-02-21,primary,0.9999
2024-02-22,primary,1.0014
2024-02-23,primary,1.0103
2024-02-26,primary,0.9827
2024-02-27,primary,0.9838
2024-02-28,primary,0.9802
2024-02-29,primary,0.9884
2024-03-01,primary,0.9894
2024-03-04,primary,0.9849
2024-03-05,primary,1.0049
2024-03-06,primary,0.9936
2024-03-07,primary,0.9982
2024-03-08,primary,0.9993
2024-03-11,primary,0.9952
2024-03-12,primary,0.9753
2024-03-13,primary,0.9668
2024-03-14,primary,0.9699
2024-03-15,primary,0.9714
2024-03-18,primary,0.9678
2024-03-19,primary,0.9601
2024-03-20,primary,0.9684
2024-03-21,primary,0.9769
2024-03-22,primary,0.98
2024-03-25,primary,0.9839
2024-03-26,primary,0.9986
2024-03-27,primary,1.0041
2024-03-28,primary,0.9862
2024-03-29,primary,0.9932
2024-04-01,primary,0.9997
2024-04-02,primary,1.0046
2024-04-03,primary,1.002
2024-04-08,primary,1.0103
2024-04-09,primary,1.0027
2024-04-10,primary,1.002
2024-04-11,primary,0.9986
2024-04-12,primary,0.9961
2024-04-15,primary,1.0156
2024-04-16,primary,1.0198
2024-04-17,primary,1.0317
2024-04-18,primary,1.0376
2024-04-19,primary,1.039
2024-04-22,primary,1.0297
2024-04-23,primary,1.0281
2024-04-24,primary,1.0263
2024-04-25,primary,1.0373
2024-04-26,primary,1.0139
2024-04-29,primary,1.0158
2024-04-30,primary,1.0199
2024-05-06,primary,1.0197
2024-05-07,primary,1.0227
2024-05-08,primary,1.0262
2024-05-09,primary,1.0284
2024-05-10,primary,1.039
2024-05-13,primary,1.0424
2024-05-14,primary,1.0376
2024-05-15,primary,1.0357
2024-05-16,primary,1.0501
2024-05-17,primary,1.0582
2024-05-20,primary,1.0505
2024-05-21,primary,1.0619
2024-05-22,primary,1.0676
2024-05-23,primary,1.0645
2024-05-24,primary,1.0583
2024-05-27,primary,1.0712
2024-05-28,primary,1.0676
2024-05-29,primary,1.0607
2024-05-30,primary,1.0524
2024-05-31,primary,1.0553
2024-06-03,primary,1.0412
2024-06-04,primary,1.0452
2024-06-05,primary,1.0379
2024-06-06,primary,1.0378
2024-06-07,primary,1.0462
2024-06-11,primary,1.0297
2024-06-12,primary,1.0275
2024-06-13,primary,1.0223
2024-06-14,primary,1.0273
2024-06-17,primary,1.0147
2024-06-18,primary,1.0197
2024-06-19,primary,1.0323
2024-06-20,primary,1.0328
2024-06-21,primary,1.0277
2024-06-24,primary,1.0339
2024-06-25,primary,1.0404
2024-06-26,primary,1.0444
2024-06-27,primary,1.0617
2024-06-28,primary,1.0644
2024-07-01,primary,1.0803
2024-07-02,primary,1.1017
2024-07-03,primary,1.0902
2024-07-04,primary,1.095
2024-07-05,primary,1.074
2024-07-08,primary,1.0865
2024-07-09,primary,1.0944
2024-07-10,primary,1.0974
2024-07-11,primary,1.0861
2024-07-12,primary,1.1048
2024-07-15,primary,1.1213
2024-07-16,primary,1.1187
2024-07-17,primary,1.121
2024-07-18,primary,1.1198
2024-07-19,primary,1.1163
2024-07-22,primary,1.1005
2024-07-23,primary,1.12
2024-07-24,primary,1.1232
2024-07-25,primary,1.115
2024-07-26,primary,1.0945
2024-07-29,primary,1.1118999999999999
2024-07-30,primary,1.1088
2024-07-31,primary,1.0959
2024-08-01,primary,1.0982
2024-08-02,primary,1.0985
2024-08-05,primary,1.0898
2024-08-06,primary,1.0785
2024-08-07,primary,1.0788
2024-08-08,primary,1.0821
2024-08-09,primary,1.0854
2024-08-12,primary,1.0875
2024-08-13,primary,1.0944
2024-08-14,primary,1.0934
2024-08-15,primary,1.1072
2024-08-16,primary,1.1228
2024-08-19,primary,1.1506
2024-08-20,primary,1.1569
2024-08-21,primary,1.1495
2024-08-22,primary,1.1652
2024-08-23,primary,1.169
2024-08-26,primary,1.1684
2024-08-27,primary,1.1782
2024-08-28,primary,1.1699
2024-08-29,primary,1.1292
2024-08-30,primary,1.0914
2024-09-02,primary,1.0983
2024-09-03,primary,1.0714
2024-09-04,primary,1.0667
2024-09-05,primary,1.0598
2024-09-06,primary,1.0582
2024-09-09,primary,1.0443
2024-09-10,primary,1.0563
2024-09-11,primary,1.0339
2024-09-12,primary,1.0375
2024-09-13,primary,1.0339
2024-09-18,primary,1.0484
2024-09-19,primary,1.0467
2024-09-20,primary,1.0516
2024-09-23,primary,1.0661
2024-09-24,primary,1.1135
2024-09-25,primary,1.1269
2024-09-26,primary,1.162
2024-09-27,primary,1.1402
2024-09-30,primary,1.1869
2024-10-08,primary,1.2041
2024-10-09,primary,1.1484
2024-10-10,primary,1.1901
2024-10-11,primary,1.1844999999999999
2024-10-14,primary,1.2202
2024-10-15,primary,1.1901
2024-10-16,primary,1.2137
2024-10-17,primary,1.1961
2024-10-18,primary,1.2012
2024-10-21,primary,1.183
2024-10-22,primary,1.185
2024-10-23,primary,1.1865999999999999
2024-10-24,primary,1.1865
2024-10-25,primary,1.18
2024-10-28,primary,1.1712
2024-10-29,primary,1.1696
2024-10-30,primary,1.1567
2024-10-31,primary,1.155
2024-11-01,primary,1.1733
2024-11-04,primary,1.178
2024-11-05,primary,1.1844000000000001
2024-11-06,primary,1.1748
2024-11-07,primary,1.1902
2024-11-08,primary,1.1746
2024-11-11,primary,1.1605
2024-11-12,primary,1.1518
2024-11-13,primary,1.1591
2024-11-14,primary,1.1631
2024-11-15,primary,1.1621000000000001
2024-11-18,primary,1.1886
2024-11-19,primary,1.1877
2024-11-20,primary,1.1814
2024-11-21,primary,1.1782
2024-11-22,primary,1.1562000000000001
2024-11-25,primary,1.1595
2024-11-26,primary,1.1768
2024-11-27,primary,1.187
2024-11-28,primary,1.1848
2024-11-29,primary,1.18
2024-12-02,primary,1.1753
2024-12-03,primary,1.1936
2024-12-04,primary,1.2004
2024-12-05,primary,1.1998
2024-12-06,primary,1.2106
2024-12-09,primary,1.2151
2024-12-10,primary,1.2277
2024-12-11,primary,1.2098
2024-12-12,primary,1.2253
2024-12-13,primary,1.2096
2024-12-16,primary,1.2286
2024-12-17,primary,1.2252
2024-12-18,primary,1.2377
2024-12-19,primary,1.2253
2024-12-20,primary,1.2264
2024-12-23,primary,1.2522
2024-12-24,primary,1.269
2024-12-25,primary,1.2819
2024-12-26,primary,1.2765
2024-12-27,primary,1.2743
2024-12-30,primary,1.2898
2024-12-31,primary,1.2823
2025-01-02,primary,1.2517
2025-01-03,primary,1.2396
2025-01-06,primary,1.2453
2025-01-07,primary,1.2574
2025-01-08,primary,1.2711000000000001
2025-01-09,primary,1.2604
2025-01-10,primary,1.2524
2025-01-13,primary,1.2344
2025-01-14,primary,1.2490999999999999
2025-01-15,primary,1.2579
2025-01-16,primary,1.2682
2025-01-17,primary,1.2553
2025-01-20,primary,1.2502
2025-01-21,primary,1.2519
2025-01-22,primary,1.2322
2025-01-23,primary,1.2638
2025-01-24,primary,1.2606
2025-01-27,primary,1.2818
2025-02-05,primary,1.2605
2025-02-06,primary,1.2581
2025-02-07,primary,1.2541
2025-02-10,primary,1.2561
2025-02-11,primary,1.2765
2025-02-12,primary,1.2871000000000001
2025-02-13,primary,1.292
2025-02-14,primary,1.2951000000000001
2025-02-17,primary,1.2951000000000001
2025-02-18,primary,1.3096999999999999
2025-02-19,primary,1.3027
2025-02-20,primary,1.3035
2025-02-21,primary,1.2844
2025-02-24,primary,1.2748
2025-02-25,primary,1.2634
2025-02-26,primary,1.2688
2025-02-27,primary,1.2795
2025-02-28,primary,1.2736
2025-03-03,primary,1.2728
2025-03-04,primary,1.2673
2025-03-05,primary,1.2896
2025-03-06,primary,1.2779
2025-03-07,primary,1.2735
2025-03-10,primary,1.2642
2025-03-11,primary,1.2738
2025-03-12,primary,1.2648
2025-03-13,primary,1.2699
2025-03-14,primary,1.2806
2025-03-17,primary,1.2865
2025-03-18,primary,1.2852000000000001
2025-03-19,primary,1.3012000000000001
2025-03-20,primary,1.2921
2025-03-21,primary,1.2823
2025-03-24,primary,1.295
2025-03-25,primary,1.3041
2025-03-26,primary,1.2912
2025-03-27,primary,1.2936
2025-03-28,primary,1.2892000000000001
2025-03-31,primary,1.2996
2025-04-01,primary,1.289
2025-04-02,primary,1.3029
2025-04-03,primary,1.3117
2025-04-07,primary,1.263
2025-04-08,primary,1.2806
2025-04-09,primary,1.2709
2025-04-10,primary,1.2717
2025-04-11,primary,1.2858
2025-04-14,primary,1.2983
2025-04-15,primary,1.3215
2025-04-16,primary,1.3343
2025-04-17,primary,1.3315
2025-04-18,primary,1.3432
2025-04-21,primary,1.3296000000000001
2025-04-22,primary,1.3449
2025-04-23,primary,1.3383
2025-04-24,primary,1.3581
2025-04-25,primary,1.3516
2025-04-28,primary,1.3647
2025-04-29,primary,1.3613
2025-04-30,primary,1.3315
2025-05-06,primary,1.323
2025-05-07,primary,1.3441
2025-05-08,primary,1.3482
2025-05-09,primary,1.3618999999999999
2025-05-12,primary,1.3622999999999998
2025-05-13,primary,1.3833
2025-05-14,primary,1.3918
2025-05-15,primary,1.3900000000000001
2025-05-16,primary,1.3724
2025-05-19,primary,1.3678
2025-05-20,primary,1.3686
2025-05-21,primary,1.3761999999999999
2025-05-22,primary,1.388
2025-05-23,primary,1.3737
2025-05-26,primary,1.3657
2025-05-27,primary,1.3746
2025-05-28,primary,1.3752
2025-05-29,primary,1.3696
2025-05-30,primary,1.3759000000000001
2025-06-03,primary,1.3894
2025-06-04,primary,1.3899
2025-06-05,primary,1.3836
2025-06-06,primary,1.3845
2025-06-09,primary,1.3835
2025-06-10,primary,1.3875
2025-06-11,primary,1.3875
2025-06-12,primary,1.3900000000000001
2025-06-13,primary,1.3794
2025-06-16,primary,1.396
2025-06-17,primary,1.3979
2025-06-18,primary,1.4186999999999999
2025-06-19,primary,1.4211
2025-06-20,primary,1.4386999999999999
2025-06-23,primary,1.4619
2025-06-24,primary,1.4734
2025-06-25,primary,1.4851
2025-06-26,primary,1.4983
2025-06-27,primary,1.457
2025-06-30,primary,1.4557
2025-07-01,primary,1.4811999999999999
2025-07-02,primary,1.4854
2025-07-03,primary,1.4772
2025-07-04,primary,1.4984
2025-07-07,primary,1.5083
2025-07-08,primary,1.5118
2025-07-09,primary,1.5293
2025-07-10,primary,1.5425
2025-07-11,primary,1.5242
2025-07-14,primary,1.5352000000000001
2025-07-15,primary,1.5267
2025-07-16,primary,1.5161
2025-07-17,primary,1.5106000000000002
2025-07-18,primary,1.5243
2025-07-21,primary,1.5070000000000001
2025-07-22,primary,1.4893
2025-07-23,primary,1.4963
2025-07-24,primary,1.4764
2025-07-25,primary,1.4668999999999999
2025-07-28,primary,1.4682
2025-07-29,primary,1.4494
2025-07-30,primary,1.4586999999999999
2025-07-31,primary,1.4598
2025-08-01,primary,1.4623
2025-08-04,primary,1.4745
2025-08-05,primary,1.4948
2025-08-06,primary,1.494
2025-08-07,primary,1.5015
2025-08-08,primary,1.4944
2025-08-11,primary,1.481
2025-08-12,primary,1.4881
2025-08-13,primary,1.4721
2025-08-14,primary,1.4724
2025-08-15,primary,1.4516
2025-08-18,primary,1.4544
2025-08-19,primary,1.4611
2025-08-20,primary,1.4719
2025-08-21,primary,1.484
2025-08-22,primary,1.4796
2025-08-25,primary,1.4839
2025-08-26,primary,1.4747
2025-08-27,primary,1.4472
2025-08-28,primary,1.4438
2025-08-29,primary,1.4388
2025-09-01,primary,1.4438
2025-09-02,primary,1.483
2025-09-03,primary,1.4612
2025-09-04,primary,1.4729999999999999
2025-09-05,primary,1.4584000000000001
2025-09-08,primary,1.4542
2025-09-09,primary,1.4628999999999999
2025-09-10,primary,1.4666
2025-09-11,primary,1.4679
2025-09-12,primary,1.4531
2025-09-15,primary,1.4384000000000001
2025-09-16,primary,1.429
2025-09-17,primary,1.4249
2025-09-18,primary,1.3981
2025-09-19,primary,1.3941
2025-09-22,primary,1.3808
2025-09-23,primary,1.4066
2025-09-24,primary,1.4077
2025-09-25,primary,1.394
2025-09-26,primary,1.3942999999999999
2025-09-29,primary,1.3967
2025-09-30,primary,1.3907
2025-10-09,primary,1.3874
2025-10-10,primary,1.393
2025-10-13,primary,1.4053
2025-10-14,primary,1.4487
2025-10-15,primary,1.4551
2025-10-16,primary,1.4832
2025-10-17,primary,1.4856
2025-10-20,primary,1.4838
2025-10-21,primary,1.4893
2025-10-22,primary,1.504
2025-10-23,primary,1.5053999999999998
2025-10-24,primary,1.5029
2025-10-27,primary,1.5121
2025-10-28,primary,1.5137
2025-10-29,primary,1.4915
2025-10-30,primary,1.4937
2025-10-31,primary,1.4908
2025-11-03,primary,1.5123
2025-11-04,primary,1.5401
2025-11-05,primary,1.5381
2025-11-06,primary,1.53
2025-11-07,primary,1.5232
2025-11-10,primary,1.5352000000000001
2025-11-11,primary,1.5419
2025-11-12,primary,1.556
2025-11-13,primary,1.5522
2025-11-14,primary,1.5569
2025-11-17,primary,1.5308
2025-11-18,primary,1.5232
2025-11-19,primary,1.5405
2025-11-20,primary,1.5629
2025-11-21,primary,1.549
2025-11-24,primary,1.5361
2025-11-25,primary,1.5528
2025-11-26,primary,1.5385
2025-11-27,primary,1.5470000000000002
2025-11-28,primary,1.5399
2025-12-01,primary,1.5451000000000001
2025-12-02,primary,1.5476
2025-12-03,primary,1.5308
2025-12-04,primary,1.5246
2025-12-05,primary,1.5152999999999999
2025-12-08,primary,1.5171000000000001
2025-12-09,primary,1.5188000000000001
2025-12-10,primary,1.4927000000000001
2025-12-11,primary,1.496
2025-12-12,primary,1.4828999999999999
2025-12-15,primary,1.4725
2025-12-16,primary,1.4711
2025-12-17,primary,1.4724
2025-12-18,primary,1.5025
2025-12-19,primary,1.4933
2025-12-22,primary,1.4888
2025-12-23,primary,1.4969
2025-12-24,primary,1.4921
2025-12-25,primary,1.4886
2025-12-26,primary,1.4777
2025-12-29,primary,1.4918
2025-12-30,primary,1.4919
2025-12-31,primary,1.5042
2026-01-05,primary,1.498
2026-01-06,primary,1.4929000000000001
2026-01-07,primary,1.4796
2026-01-08,primary,1.475
2026-01-09,primary,1.4729999999999999
2026-01-12,primary,1.4767000000000001
2026-01-13,primary,1.4878
2026-01-14,primary,1.4631
2026-01-15,primary,1.4494
2026-01-16,primary,1.4364
2026-01-19,primary,1.4213
2026-01-20,primary,1.4348
2026-01-21,primary,1.4071
2026-01-22,primary,1.3971
2026-01-23,primary,1.3885
2026-01-26,primary,1.395
2026-01-27,primary,1.3957
2026-01-28,primary,1.3927
2026-01-29,primary,1.4119
2026-01-30,primary,1.411
2026-02-02,primary,1.4083
2026-02-03,primary,1.3873
2026-02-04,primary,1.4032
2026-02-05,primary,1.4258
2026-02-06,primary,1.4218
2026-02-09,primary,1.425
2026-02-10,primary,1.4335
2026-02-11,primary,1.436
2026-02-12,primary,1.4161
2026-02-13,primary,1.403
2026-02-24,primary,1.3961000000000001
2026-02-25,primary,1.3917
2026-02-26,primary,1.3856
2026-02-27,primary,1.3839000000000001
2026-03-02,primary,1.3902
2026-03-03,primary,1.4183
2026-03-04,primary,1.4072
2026-03-05,primary,1.4184
2026-03-06,primary,1.4179
2026-03-09,primary,1.4109
2026-03-10,primary,1.4061
2026-03-11,primary,1.4197
2026-03-12,primary,1.4304000000000001
2026-03-13,primary,1.4405
2026-03-16,primary,1.4488
2026-03-17,primary,1.4642
2026-03-18,primary,1.4576
2026-03-19,primary,1.4637
2026-03-20,primary,1.4611
2026-03-23,primary,1.4209
2026-03-24,primary,1.4442
2026-03-25,primary,1.4532
2026-03-26,primary,1.464
2026-03-27,primary,1.4541
2026-03-30,primary,1.4664
2026-03-31,primary,1.4872
2026-04-01,primary,1.4842
2026-04-02,primary,1.5028000000000001
2026-04-03,primary,1.4811
2026-04-07,primary,1.4611
2026-04-08,primary,1.4689999999999999
2026-04-09,primary,1.4621
2026-04-10,primary,1.4651
2026-04-13,primary,1.4698
2026-04-14,primary,1.4805
2026-04-15,primary,1.494
2026-04-16,primary,1.4897
2026-04-17,primary,1.4865
2026-04-20,primary,1.5110999999999999
2026-04-21,primary,1.5192999999999999
2026-04-22,primary,1.5070999999999999
2026-04-23,primary,1.5036
2026-04-24,primary,1.5056
2026-04-27,primary,1.4946
2026-04-28,primary,1.5032999999999999
2026-04-29,primary,1.4907
2026-04-30,primary,1.4868000000000001
2026-05-06,primary,1.4717
2026-05-07,primary,1.4694
2026-05-08,primary,1.4689
2026-05-11,primary,1.459
2026-05-12,primary,1.4564
2026-05-13,primary,1.4513
2026-05-14,primary,1.4646
2026-05-15,primary,1.4602
2026-05-18,primary,1.4519
2026-05-19,primary,1.4609
2026-05-20,primary,1.4423
2026-05-21,primary,1.4485999999999999
2026-05-22,primary,1.4506999999999999
2026-05-25,primary,1.45
2026-05-26,primary,1.4541
2026-05-27,primary,1.4392
2026-05-28,primary,1.4288
2026-05-29,primary,1.4447999999999999
