id,code,statDate,pubDate,statDate.1,cash_equivalents,settlement_provi,lend_capital,trading_assets,bill_receivable,account_receivable,advance_payment,insurance_receivables,reinsurance_receivables,reinsurance_contract_reserves_receivable,interest_receivable,dividend_receivable,other_receivable,bought_sellback_assets,inventories,non_current_asset_in_one_year,other_current_assets,total_current_assets,loan_and_advance,hold_for_sale_assets,hold_to_maturity_investments,longterm_receivable_account,longterm_equity_invest,investment_property,fixed_assets,constru_in_process,construction_materials,fixed_assets_liquidation,biological_assets,oil_gas_assets,intangible_assets,development_expenditure,good_will,long_deferred_expense,deferred_tax_assets,other_non_current_assets,total_non_current_assets,total_assets,shortterm_loan,borrowing_from_centralbank,deposit_in_interbank,borrowing_capital,trading_liability,notes_payable,accounts_payable,advance_peceipts,sold_buyback_secu_proceeds,commission_payable,salaries_payable,taxs_payable,interest_payable,dividend_payable,other_payable,reinsurance_payables,insurance_contract_reserves,proxy_secu_proceeds,receivings_from_vicariously_sold_securities,non_current_liability_in_one_year,other_current_liability,total_current_liability,longterm_loan,bonds_payable,longterm_account_payable,specific_account_payable,estimate_liability,deferred_tax_liability,other_non_current_liability,total_non_current_liability,total_liability,paidin_capital,capital_reserve_fund,treasury_stock,specific_reserves,surplus_reserve_fund,ordinary_risk_reserve_fund,retained_profit,foreign_currency_report_conv_diff,equities_parent_company_owners,minority_interests,total_owner_equities,total_sheet_owner_equities,other_comprehensive_income,deferred_earning,loan_and_advance_current_assets,derivative_financial_asset,hold_sale_asset,loan_and_advance_noncurrent_assets,derivative_financial_liability,hold_sale_liability,estimate_liability_current,deferred_earning_current,preferred_shares_noncurrent,pepertual_liability_noncurrent,longterm_salaries_payable,other_equity_tools,preferred_shares_equity,pepertual_liability_equity,receivable_fin,usufruct_assets,contract_assets,bond_invest,other_bond_invest,other_equity_tools_invest,other_non_current_financial_assets,contract_liability,lease_liability,requested_period
90137,601288.XSHG,2014-03-31,2014-04-26,2014-03-31,3244048000000.0,,382171000000.0,333481000000.0,,,,,,0.0,86684000000.0,,,735891000000.0,,,,,,785585000000.0,1578715000000.0,,,,149395000000.0,,,,,,26466000000.0,,,,72400000000.0,,,15322116000000.0,0.0,122000000.0,13283235000000.0,172202000000.0,,,,,11486000000.0,,39681000000.0,64887000000.0,159213000000.0,,,,0.0,,,,,,,,,,7281000000.0,9000000.0,,,14416967000000.0,324794000000.0,82993000000.0,,,60687000000.0,139358000000.0,296703000000.0,-903000000.0,903632000000.0,1517000000.0,905149000000.0,15322116000000.0,,,,8282000000.0,,,6144000000.0,,,,,,,,,,,,,,,,,,,2014q1
90136,601288.XSHG,2014-06-30,2014-08-27,2014-06-30,3375243000000.0,,547064000000.0,351373000000.0,,,,,,0.0,95215000000.0,,,750986000000.0,,,,,,826749000000.0,1636625000000.0,,,,148126000000.0,,,,,,26139000000.0,,,,70334000000.0,,,16006612000000.0,0.0,141000000.0,13722216000000.0,231128000000.0,,,,,123922000000.0,,42385000000.0,32864000000.0,171223000000.0,,,,0.0,,,,,,,,,,8966000000.0,5000000.0,,,15098875000000.0,324794000000.0,92438000000.0,,,60689000000.0,156673000000.0,272499000000.0,-877000000.0,906216000000.0,1521000000.0,907737000000.0,16006612000000.0,,,,6592000000.0,,,5603000000.0,,,,,,,,,,,,,,,,,,,2014q2
90135,601288.XSHG,2014-09-30,2014-10-31,2014-09-30,3401078000000.0,,359904000000.0,396213000000.0,,,,,,0.0,97807000000.0,,,566629000000.0,,,,,,884259000000.0,1674298000000.0,,,,148410000000.0,,,,,,25853000000.0,,,,73182000000.0,,,15959249000000.0,0.0,100141000000.0,13521976000000.0,234667000000.0,,,,,35644000000.0,,43306000000.0,45775000000.0,185783000000.0,,,,0.0,,,,,,,,,,9822000000.0,43000000.0,,,15000556000000.0,324794000000.0,94957000000.0,,,60689000000.0,156666000000.0,320913000000.0,-895000000.0,957124000000.0,1569000000.0,958693000000.0,15959249000000.0,,,,6280000000.0,,,6793000000.0,,,,,,,,,,,,,,,,,,,2014q3
90134,601288.XSHG,2014-12-31,2015-03-25,2014-12-31,3315870000000.0,,407062000000.0,414660000000.0,,,,,,0.0,97948000000.0,,,509418000000.0,,,,,,927903000000.0,1710950000000.0,,,,154950000000.0,,,,,,26117000000.0,,,,78640000000.0,,,15974152000000.0,0.0,80121000000.0,13364538000000.0,224923000000.0,372493000000.0,,,,131021000000.0,,40511000000.0,48873000000.0,192876000000.0,,,,0.0,,,,,,,,,,13902000000.0,43000000.0,,,14941533000000.0,324794000000.0,98773000000.0,,,78594000000.0,156707000000.0,329989000000.0,,1031066000000.0,1553000000.0,1032619000000.0,15974152000000.0,2265000000.0,,,7195000000.0,,,7240000000.0,,,,,,,39944000000.0,,,,,,,,,,,,2014q4
90133,601288.XSHG,2015-03-31,2015-04-29,2015-03-31,3508041000000.0,,372234000000.0,392740000000.0,,,,,,0.0,104471000000.0,,,656545000000.0,,,,,,982018000000.0,1808923000000.0,,,,152378000000.0,,,,,,25775000000.0,,,,81820000000.0,,,16836530000000.0,0.0,100110000000.0,14237244000000.0,264169000000.0,,,,,6961000000.0,,38440000000.0,57911000000.0,184772000000.0,,,,0.0,,,,,,,,,,14241000000.0,6000000.0,,,15711010000000.0,324794000000.0,98773000000.0,,,78614000000.0,156783000000.0,384009000000.0,,1123672000000.0,1848000000.0,1125520000000.0,16836530000000.0,80699000000.0,,,7925000000.0,,,8266000000.0,,,,,,,,,,,,,,,,,,,2015q1
90132,601288.XSHG,2015-06-30,2015-08-28,2015-06-30,3596203000000.0,,375428000000.0,399935000000.0,,,,,,0.0,108340000000.0,,,647110000000.0,,,,,,1002482000000.0,2064944000000.0,,153000000.0,,150244000000.0,,,,,,25963000000.0,,1381000000.0,,81183000000.0,,,17459554000000.0,0.0,1705000000.0,14765535000000.0,290941000000.0,343092000000.0,,,,98010000000.0,,40199000000.0,32246000000.0,193887000000.0,,,,0.0,,,,,,,,,,15040000000.0,3000000.0,,,16337512000000.0,324794000000.0,98773000000.0,,,78639000000.0,261800000000.0,356323000000.0,,1120329000000.0,1713000000.0,1122042000000.0,17459554000000.0,,,,7581000000.0,,,8219000000.0,,,,,,,,,,,,,,,,,,,2015q2
90131,601288.XSHG,2015-09-30,2015-10-24,2015-09-30,3408722000000.0,,438910000000.0,412789000000.0,,,,,,0.0,103858000000.0,,,600097000000.0,,,,,,1015701000000.0,2268457000000.0,,284000000.0,,149230000000.0,,,,,,25749000000.0,,,,81862000000.0,,,17709510000000.0,0.0,16250000000.0,14894589000000.0,298403000000.0,,,,,118437000000.0,,41291000000.0,43264000000.0,211893000000.0,,,,0.0,,,,,,,,,,16446000000.0,1000000.0,,,16534383000000.0,324794000000.0,98773000000.0,,,78640000000.0,175524000000.0,405224000000.0,,1173505000000.0,1622000000.0,1175127000000.0,17709510000000.0,10651000000.0,,,11645000000.0,,,9022000000.0,,,,,,,79899000000.0,,,,,,,,,,,,2015q3
90130,601288.XSHG,2015-12-31,2016-04-01,2015-12-31,3284980000000.0,,504252000000.0,439261000000.0,,,,,,0.0,104775000000.0,,,471809000000.0,,,,,,1214542000000.0,2300824000000.0,,273000000.0,,156178000000.0,,,,,,25776000000.0,,,,81548000000.0,,,17791393000000.0,0.0,60599000000.0,14760261000000.0,315759000000.0,,,,,88804000000.0,,39890000000.0,45214000000.0,225383000000.0,,,,0.0,,,,,,,,,,17682000000.0,111000000.0,,,16579508000000.0,324794000000.0,98773000000.0,,,96748000000.0,175606000000.0,412005000000.0,,1210091000000.0,1794000000.0,1211885000000.0,17791393000000.0,22266000000.0,,,16038000000.0,,,12192000000.0,,,,,,,79899000000.0,,,,,,,,,,,,2015q4
90129,601288.XSHG,2016-03-31,2016-04-29,2016-03-31,3346602000000.0,,328657000000.0,483192000000.0,,,,,,0.0,115167000000.0,,,519193000000.0,,,,,,1304277000000.0,2455824000000.0,,271000000.0,,153031000000.0,,,,,,25419000000.0,,,,78402000000.0,,,18413470000000.0,0.0,117103000000.0,15418289000000.0,215927000000.0,358481000000.0,,,,125401000000.0,,35506000000.0,50289000000.0,215852000000.0,,,,0.0,,,,,,,336114000000.0,,,16431000000.0,12000000.0,,,17150375000000.0,324794000000.0,98773000000.0,,,96781000000.0,276804000000.0,464449000000.0,,1261601000000.0,1494000000.0,1263095000000.0,18413470000000.0,,,,14429000000.0,,,14225000000.0,,,,,,,,,,,,,,,,,,,2016q1
95488,601288.XSHG,2016-06-30,2016-08-27,2016-06-30,3188069000000.0,,368411000000.0,444793000000.0,,,,,,0.0,109430000000.0,,,534840000000.0,,,,,,1345567000000.0,2662523000000.0,,270000000.0,,150651000000.0,,,,,,25323000000.0,,,,78900000000.0,,,18680221000000.0,0.0,66038000000.0,15660752000000.0,281375000000.0,312899000000.0,,,,161247000000.0,,36688000000.0,18350000000.0,217250000000.0,,,,0.0,,,,,,,344094000000.0,,,15410000000.0,2000000.0,,,17421419000000.0,324794000000.0,98773000000.0,,,96811000000.0,198148000000.0,438172000000.0,,1256333000000.0,2469000000.0,1258802000000.0,18680221000000.0,19736000000.0,,,19044000000.0,,,22137000000.0,,,,,,,79899000000.0,79899000000.0,,,,,,,,,,,2016q2
98875,601288.XSHG,2016-09-30,2016-10-29,2016-09-30,3325205000000.0,,432546000000.0,453036000000.0,,,,,,0.0,108564000000.0,,,312465000000.0,,,,,,1338168000000.0,2806081000000.0,,264000000.0,,149485000000.0,,,,,,25265000000.0,,,,77256000000.0,,,19064101000000.0,0.0,131057000000.0,15915147000000.0,300681000000.0,323123000000.0,,,,95679000000.0,,37865000000.0,24997000000.0,222906000000.0,,,,0.0,,,,,,,,,,13774000000.0,12000000.0,,,17751076000000.0,324794000000.0,98773000000.0,,,96812000000.0,198216000000.0,487125000000.0,,1310436000000.0,2589000000.0,1313025000000.0,19064101000000.0,24817000000.0,,,6967000000.0,,,12358000000.0,,,,,,,79899000000.0,,,,,,,,,,,,2016q3
100119,601288.XSHG,2016-12-31,2017-03-29,2016-12-31,3434318000000.0,,580949000000.0,417955000000.0,,,,,,0.0,110370000000.0,,,323051000000.0,,,,,,1408881000000.0,2882152000000.0,,213000000.0,,158669000000.0,,,,,,25266000000.0,,1381000000.0,,83187000000.0,,,19570061000000.0,0.0,291052000000.0,16194045000000.0,302021000000.0,301170000000.0,,,,205832000000.0,,39902000000.0,21578000000.0,229115000000.0,,,,0.0,,,,,,,388215000000.0,,,13590000000.0,58000000.0,,,18248470000000.0,324794000000.0,98773000000.0,,,115136000000.0,198305000000.0,496083000000.0,,1318193000000.0,3398000000.0,1321591000000.0,19570061000000.0,5203000000.0,,,31460000000.0,,,20758000000.0,,,,,,,79899000000.0,,,,,,,,,,,,2016q4
105219,601288.XSHG,2017-03-31,2017-04-29,2017-03-31,3192044000000.0,,570991000000.0,502008000000.0,,,,,,0.0,118554000000.0,,,575234000000.0,,,,,,1390801000000.0,3132065000000.0,,215000000.0,,155622000000.0,,,,,,25028000000.0,,1381000000.0,,86008000000.0,,,20323984000000.0,0.0,405027000000.0,16822242000000.0,334895000000.0,303387000000.0,,,,139188000000.0,,35614000000.0,28705000000.0,214881000000.0,,,,0.0,,,,,,,448340000000.0,,,13367000000.0,45000000.0,,,18957939000000.0,324794000000.0,98773000000.0,,,115149000000.0,198502000000.0,549383000000.0,,1362744000000.0,3301000000.0,1366045000000.0,20323984000000.0,-3756000000.0,,,19117000000.0,,,13120000000.0,,,,,,,79899000000.0,,,,,,,,,,,,2017q1
108776,601288.XSHG,2017-06-30,2017-08-31,2017-06-30,3080822000000.0,,387844000000.0,532973000000.0,,,,,,0.0,117677000000.0,,,596304000000.0,,,,,,1362623000000.0,3320161000000.0,,215000000.0,,153226000000.0,,,,,,24913000000.0,,1381000000.0,,95975000000.0,,,20573586000000.0,0.0,435749000000.0,17036985000000.0,295469000000.0,292472000000.0,,,,121537000000.0,,37517000000.0,29067000000.0,218217000000.0,,,,0.0,,,,,,,439986000000.0,,,13953000000.0,51000000.0,,,19215145000000.0,324794000000.0,98773000000.0,,,115137000000.0,230463000000.0,515102000000.0,,1355200000000.0,3241000000.0,1358441000000.0,20573586000000.0,-8968000000.0,,,15452000000.0,,,10361000000.0,,,,,,,79899000000.0,,,,,,,,,,,,2017q2
112126,601288.XSHG,2017-09-30,2017-10-31,2017-09-30,3089476000000.0,,454416000000.0,504019000000.0,,,,,,0.0,120579000000.0,,,542549000000.0,,,,,,1421392000000.0,3400583000000.0,,221000000.0,,152189000000.0,,,,,,24574000000.0,,1381000000.0,,95146000000.0,,,20923117000000.0,0.0,446750000000.0,17298687000000.0,257801000000.0,335651000000.0,,,,123820000000.0,,37893000000.0,33246000000.0,225884000000.0,,,,0.0,,,,,,,451352000000.0,,,12083000000.0,52000000.0,,,19513757000000.0,324794000000.0,98773000000.0,,,115140000000.0,230314000000.0,566666000000.0,,1405981000000.0,3379000000.0,1409360000000.0,20923117000000.0,-9605000000.0,,,22740000000.0,,,23836000000.0,,,,,,,79899000000.0,,,,,,,,,,,,2017q3
116251,601288.XSHG,2017-12-31,2018-03-27,2017-12-31,3026864000000.0,,505269000000.0,577965000000.0,,,,,,0.0,118693000000.0,,,540386000000.0,,,,,,1426420000000.0,3489135000000.0,,227000000.0,,155258000000.0,,,,,,24535000000.0,,1381000000.0,,97751000000.0,,,21053382000000.0,0.0,465947000000.0,17169009000000.0,280061000000.0,391772000000.0,,,,319789000000.0,,40222000000.0,40164000000.0,228805000000.0,,,,0.0,,,,,,,475017000000.0,,,10709000000.0,87000000.0,,,19623985000000.0,324794000000.0,98773000000.0,,,134348000000.0,230750000000.0,577573000000.0,,1426415000000.0,2982000000.0,1429397000000.0,21053382000000.0,-19722000000.0,,,28284000000.0,,,30872000000.0,,,,,,,79899000000.0,,,,,,,,,,,,2017q4
123332,601288.XSHG,2018-03-31,2018-04-28,2018-03-31,3078311000000.0,,388260000000.0,574639000000.0,,,,,,0.0,126236000000.0,,,708704000000.0,,,,,,,,,230000000.0,,152946000000.0,,,,,,24120000000.0,,1381000000.0,,110237000000.0,,,21639047000000.0,0.0,500947000000.0,17780002000000.0,290410000000.0,319814000000.0,,,,90838000000.0,,36066000000.0,54313000000.0,207028000000.0,,,,0.0,,,,,,,579146000000.0,,,27061000000.0,87000000.0,,,20175420000000.0,324794000000.0,98773000000.0,,,134357000000.0,230716000000.0,597779000000.0,,1459992000000.0,3635000000.0,1463627000000.0,21639047000000.0,-6326000000.0,,,51478000000.0,,,57789000000.0,,,,,,,79899000000.0,,,,,,,,,,,,2018q1
126326,601288.XSHG,2018-06-30,2018-08-29,2018-06-30,3068282000000.0,,424382000000.0,647628000000.0,,,,,,0.0,127765000000.0,,,367812000000.0,,,,,,,,,1948000000.0,,150640000000.0,,,,,,23985000000.0,,1381000000.0,,120294000000.0,,,21920851000000.0,0.0,402735000000.0,18002888000000.0,303733000000.0,314888000000.0,,,,113410000000.0,,39361000000.0,34602000000.0,202368000000.0,,,,0.0,,,,,,,668187000000.0,,,27041000000.0,86000000.0,,,20351140000000.0,349983000000.0,173573000000.0,,,134368000000.0,239352000000.0,588077000000.0,,1565226000000.0,4485000000.0,1569711000000.0,21920851000000.0,-26000000.0,,,31190000000.0,,,32140000000.0,,,,,,,79899000000.0,,,,,,,,,,,,2018q2
130591,601288.XSHG,2018-09-30,2018-10-31,2018-09-30,2970095000000.0,,550508000000.0,597350000000.0,,,,,,0.0,132200000000.0,,,518887000000.0,,,,,,,,,4006000000.0,,149250000000.0,,,,,,23578000000.0,,1381000000.0,,117370000000.0,,,22700325000000.0,0.0,561075000000.0,18461259000000.0,308353000000.0,305205000000.0,,,,76760000000.0,,42259000000.0,48233000000.0,213605000000.0,,,,0.0,,,,,,,,,,25424000000.0,91000000.0,,,21065457000000.0,349983000000.0,173549000000.0,,,134370000000.0,239267000000.0,643980000000.0,,1630380000000.0,4488000000.0,1634868000000.0,22700325000000.0,9332000000.0,,,49402000000.0,,,41921000000.0,,,,,,,79899000000.0,,,,,,,,,,,,2018q3
132040,601288.XSHG,2018-12-31,2019-03-30,2018-12-31,2914835000000.0,,552013000000.0,643245000000.0,,,,,,0.0,,,,371001000000.0,,,,,,,,,4005000000.0,,152452000000.0,,,,,,23575000000.0,,1381000000.0,,113293000000.0,,,22609471000000.0,0.0,561195000000.0,18470612000000.0,325541000000.0,286303000000.0,,,,157101000000.0,,45285000000.0,56816000000.0,,,,,0.0,,,,,,,780673000000.0,,,25883000000.0,139000000.0,,,20934684000000.0,349983000000.0,173556000000.0,,,154257000000.0,239190000000.0,652944000000.0,,1670294000000.0,4493000000.0,1674787000000.0,22609471000000.0,20465000000.0,,,36944000000.0,,,34554000000.0,,,,,,,79899000000.0,,,,,,,,,,,,2018q4
136547,601288.XSHG,2019-03-31,2019-04-27,2019-03-31,2609621000000.0,,487107000000.0,622704000000.0,,,,,,0.0,,,,789236000000.0,,,,,,,,,4051000000.0,,149321000000.0,,,,,,23225000000.0,,1381000000.0,,117432000000.0,,,23657926000000.0,0.0,429055000000.0,19649778000000.0,342724000000.0,249906000000.0,,,,48316000000.0,,40754000000.0,62711000000.0,,,,,0.0,,,,,,,,,,25734000000.0,160000000.0,,,21920411000000.0,349983000000.0,173556000000.0,,,154279000000.0,239346000000.0,711817000000.0,,1732411000000.0,5104000000.0,1737515000000.0,23657926000000.0,23531000000.0,,,26144000000.0,,,24392000000.0,,,,,,,79899000000.0,,,,,,,,,,,,2019q1
146591,601288.XSHG,2019-06-30,2019-08-31,2019-06-30,2771471000000.0,,461315000000.0,697392000000.0,,,,,,0.0,,,,321801000000.0,,,,,,,,,4962000000.0,,147969000000.0,,,,,,23155000000.0,,1381000000.0,,123961000000.0,,,23975153000000.0,0.0,470063000000.0,19803057000000.0,348650000000.0,235708000000.0,,,,51257000000.0,,43823000000.0,38142000000.0,,,,,0.0,,,,,,,912386000000.0,,,26563000000.0,120000000.0,,,22237018000000.0,349983000000.0,173556000000.0,,,154298000000.0,277080000000.0,673396000000.0,,1732667000000.0,5468000000.0,1738135000000.0,23975153000000.0,24455000000.0,,,18207000000.0,,,31660000000.0,,,,,,,79899000000.0,,,,,,,,,,,,2019q2
153815,601288.XSHG,2019-09-30,2019-10-26,2019-09-30,3046371000000.0,,537837000000.0,812068000000.0,,,,,,0.0,,,,404432000000.0,,,,,,,,,5904000000.0,,146908000000.0,,,,,,22842000000.0,,1381000000.0,,125495000000.0,,,24870961000000.0,0.0,487062000000.0,20048971000000.0,345476000000.0,503033000000.0,,,,68256000000.0,,47483000000.0,53503000000.0,,,,,0.0,,,,,,,,,,26678000000.0,127000000.0,,,22947501000000.0,349983000000.0,173556000000.0,,,154286000000.0,277106000000.0,732608000000.0,,1917649000000.0,5811000000.0,1923460000000.0,24870961000000.0,30224000000.0,,,44309000000.0,,,62069000000.0,,,,,,,199886000000.0,79899000000.0,119987000000.0,,,,,,,,,,2019q3
178795,601288.XSHG,2019-12-31,2020-03-31,2019-12-31,2935637000000.0,,523183000000.0,801361000000.0,,,,,,0.0,,,,708551000000.0,,,,,,,,,6672000000.0,,152484000000.0,,,,,,23118000000.0,,1381000000.0,,120952000000.0,,,24878288000000.0,0.0,608536000000.0,20046770000000.0,325363000000.0,330627000000.0,,,,53197000000.0,,50471000000.0,67827000000.0,,,,,0.0,,,,,,,1108212000000.0,,,30558000000.0,520000000.0,,,22918526000000.0,349983000000.0,173556000000.0,,,174910000000.0,277016000000.0,741101000000.0,,1948355000000.0,11407000000.0,1959762000000.0,24878288000000.0,31903000000.0,,,24944000000.0,,,29548000000.0,,,,,,,199886000000.0,79899000000.0,119987000000.0,,,,4946741000000.0,1671746000000.0,3082000000.0,,,,2019q4
183846,601288.XSHG,2020-03-31,2020-04-29,2020-03-31,2917817000000.0,,487148000000.0,826992000000.0,,,,,,0.0,,,,1025276000000.0,,,,,,,,,6651000000.0,,149744000000.0,,,,,,23027000000.0,,1381000000.0,,116634000000.0,,,26226388000000.0,0.0,699833000000.0,21169956000000.0,326126000000.0,336486000000.0,,,,35546000000.0,,49484000000.0,84000000000.0,,,,,0.0,,,,,,,1144583000000.0,,,33837000000.0,549000000.0,,,24193551000000.0,349983000000.0,173556000000.0,,,174932000000.0,277168000000.0,802914000000.0,,2021002000000.0,11835000000.0,2032837000000.0,26226388000000.0,42563000000.0,,,28611000000.0,,,37257000000.0,,,,,,,199886000000.0,79899000000.0,119987000000.0,,,,4981259000000.0,,1748614000000.0,,,,2020q1
206075,601288.XSHG,2020-06-30,2020-08-31,2020-06-30,2821272000000.0,,525012000000.0,865079000000.0,,,,,,0.0,,,,650799000000.0,,,,,,,,,7557000000.0,,148248000000.0,,,,,,22770000000.0,,1381000000.0,,124778000000.0,,,26472127000000.0,0.0,635743000000.0,21648305000000.0,344468000000.0,42757000000.0,,,,31020000000.0,,50927000000.0,35988000000.0,,,,,0.0,,,,,,,1137927000000.0,,,37844000000.0,420000000.0,,,24379118000000.0,349983000000.0,173556000000.0,,,175016000000.0,311825000000.0,749158000000.0,,2082127000000.0,10882000000.0,2093009000000.0,26472127000000.0,37711000000.0,,,20427000000.0,,,32894000000.0,,,,,,,284878000000.0,79899000000.0,204979000000.0,,,,,,1812533000000.0,,,,2020q2
210107,601288.XSHG,2020-09-30,2020-10-31,2020-09-30,3043405000000.0,,470796000000.0,786075000000.0,,,,,,0.0,,,,692956000000.0,,,,,,,,,8440000000.0,,147290000000.0,,,,,,22706000000.0,,1381000000.0,,133637000000.0,,,27296753000000.0,0.0,633694000000.0,22122155000000.0,358917000000.0,18411000000.0,,,,54997000000.0,,52982000000.0,48171000000.0,,,,,0.0,,,,,,,1376638000000.0,,,40255000000.0,461000000.0,,,25132374000000.0,349983000000.0,173556000000.0,,,175016000000.0,311779000000.0,800504000000.0,,2153348000000.0,11031000000.0,2164379000000.0,27296753000000.0,22635000000.0,,,41370000000.0,,,49762000000.0,,,,,,,319875000000.0,79899000000.0,239976000000.0,,,,5595228000000.0,,1670845000000.0,,,,2020q3
214896,601288.XSHG,2020-12-31,2021-03-31,2020-12-31,2871460000000.0,,546948000000.0,583069000000.0,,,,,,0.0,,,,816206000000.0,,,,,,,,,8865000000.0,,143839000000.0,7315000000.0,,,,,23494000000.0,,1381000000.0,,133355000000.0,,,27205047000000.0,0.0,737161000000.0,21767417000000.0,390660000000.0,27817000000.0,,,,109195000000.0,,56811000000.0,64575000000.0,,,,,0.0,,,,,,,1371845000000.0,,,42100000000.0,334000000.0,,,24994301000000.0,349983000000.0,173556000000.0,,,196071000000.0,311449000000.0,828240000000.0,,2204789000000.0,5957000000.0,2210746000000.0,27205047000000.0,25615000000.0,,,61937000000.0,,,65282000000.0,,,,,,,319875000000.0,79899000000.0,239976000000.0,,,,5684220000000.0,,1555370000000.0,,,,2020q4
222042,601288.XSHG,2021-03-31,2021-04-30,2021-03-31,2935550000000.0,,501724000000.0,506641000000.0,,,,,,0.0,,,,1154848000000.0,,,,,,,,,8430000000.0,,142064000000.0,7013000000.0,,,,,23541000000.0,,1381000000.0,,134822000000.0,,,28547154000000.0,0.0,719236000000.0,23202397000000.0,359368000000.0,32596000000.0,,,,32832000000.0,,51295000000.0,78357000000.0,,,,,0.0,,,,,,,1361380000000.0,,,44212000000.0,348000000.0,,,26276758000000.0,349983000000.0,173556000000.0,,,196180000000.0,311405000000.0,892100000000.0,,2264143000000.0,6253000000.0,2270396000000.0,28547154000000.0,21044000000.0,,,58766000000.0,,,45991000000.0,,,,,,,319875000000.0,,,,,,5793198000000.0,,1522955000000.0,,,,2021q1
227387,601288.XSHG,2021-06-30,2021-08-31,2021-06-30,2769577000000.0,,449997000000.0,471006000000.0,,,,,,0.0,,,,878226000000.0,,,,,,,,,9120000000.0,,141238000000.0,8131000000.0,,,,,23575000000.0,,1381000000.0,,134608000000.0,,,28652363000000.0,0.0,701164000000.0,23338955000000.0,349884000000.0,18226000000.0,,,,27127000000.0,,45472000000.0,39244000000.0,1405000000.0,,,,0.0,,,,,,,1442284000000.0,,,45161000000.0,349000000.0,,,26389996000000.0,349983000000.0,173556000000.0,,,196354000000.0,351604000000.0,840404000000.0,,2255845000000.0,6522000000.0,2262367000000.0,28652363000000.0,24069000000.0,,,52208000000.0,,,38142000000.0,,,,,,,319875000000.0,79899000000.0,239976000000.0,,,,,6008417000000.0,1487612000000.0,,,,2021q2
231203,601288.XSHG,2021-09-30,2021-10-29,2021-09-30,2829282000000.0,,448023000000.0,8003295000000.0,,,,,,0.0,,,,836540000000.0,,,,,,,,,9808000000.0,,140319000000.0,8072000000.0,,,,,25077000000.0,,1381000000.0,,138520000000.0,,,28988663000000.0,0.0,695661000000.0,23562338000000.0,334627000000.0,16680000000.0,,,,27859000000.0,,50032000000.0,58113000000.0,,,,,0.0,,,,,,,,,,37276000000.0,299000000.0,,,26661513000000.0,349983000000.0,173556000000.0,,,196354000000.0,351958000000.0,897704000000.0,,2320428000000.0,6722000000.0,2327150000000.0,28988663000000.0,30998000000.0,,,26760000000.0,,,15190000000.0,,,,,,,319875000000.0,79899000000.0,239976000000.0,,,,,,,,,,2021q3
233620,601288.XSHG,2021-12-31,2022-03-31,2021-12-31,2539906000000.0,,446944000000.0,460241000000.0,,,,,,0.0,,,,837637000000.0,,,,,,,,,8297000000.0,,143817000000.0,9482000000.0,,,,,26572000000.0,,1381000000.0,,143027000000.0,,,29069155000000.0,0.0,747213000000.0,23529493000000.0,291105000000.0,15860000000.0,,,,36033000000.0,,59736000000.0,72210000000.0,,,,,0.0,,,,,,,1507657000000.0,,,33809000000.0,655000000.0,,,26647796000000.0,349983000000.0,173556000000.0,,,220792000000.0,351616000000.0,925955000000.0,,2414605000000.0,6754000000.0,2421359000000.0,29069155000000.0,32831000000.0,,,21978000000.0,,,19337000000.0,,,,,,,359872000000.0,79899000000.0,279973000000.0,,,,6372522000000.0,1397280000000.0,,,,,2021q4
241580,601288.XSHG,2022-03-31,2022-04-30,2022-03-31,2890110000000.0,,449390000000.0,443311000000.0,,,,,,0.0,,,,988359000000.0,,,,,,,,,9215000000.0,,141096000000.0,9372000000.0,,,,,26513000000.0,,1381000000.0,,149599000000.0,,,30888302000000.0,0.0,881940000000.0,25096401000000.0,332758000000.0,12874000000.0,,,,25482000000.0,,52057000000.0,92113000000.0,,,,,0.0,,,,,,,1469324000000.0,,,35086000000.0,663000000.0,,,28354073000000.0,349983000000.0,173556000000.0,,,220813000000.0,351733000000.0,994631000000.0,,2527653000000.0,6576000000.0,2534229000000.0,30888302000000.0,27068000000.0,,,24455000000.0,,,27174000000.0,,,,,,,409869000000.0,79899000000.0,329970000000.0,,,,6513556000000.0,,1529440000000.0,,,,2022q1
245861,601288.XSHG,2022-06-30,2022-08-30,2022-06-30,3051915000000.0,,541846000000.0,459865000000.0,,,,,,0.0,,,,1106640000000.0,,,,,,,,,8691000000.0,,139716000000.0,9599000000.0,,,,,26564000000.0,,1381000000.0,,148034000000.0,,,32426420000000.0,0.0,939268000000.0,26276091000000.0,349260000000.0,11840000000.0,,,,20574000000.0,,54881000000.0,39758000000.0,72377000000.0,,,,0.0,,,,,,,1775531000000.0,,,41865000000.0,532000000.0,,,29900207000000.0,349983000000.0,173556000000.0,,,220814000000.0,385387000000.0,943837000000.0,,2519496000000.0,6717000000.0,2526213000000.0,32426420000000.0,36050000000.0,,,33174000000.0,,,23410000000.0,,,,,,,409869000000.0,79899000000.0,329970000000.0,,,,6938657000000.0,,1567433000000.0,,,,2022q2
250770,601288.XSHG,2022-09-30,2022-10-29,2022-09-30,3245543000000.0,,555076000000.0,490670000000.0,,,,,,0.0,,,,1461036000000.0,,,,,,,,,8474000000.0,,137942000000.0,9885000000.0,,,,,26919000000.0,,1381000000.0,,146262000000.0,,,33826452000000.0,0.0,889872000000.0,27459506000000.0,381983000000.0,11756000000.0,,,,24892000000.0,,58967000000.0,48459000000.0,,,,,0.0,,,,,,,,,,42140000000.0,281000000.0,,,31194574000000.0,349983000000.0,173556000000.0,,,221090000000.0,387831000000.0,1002900000000.0,,2625417000000.0,6461000000.0,2631878000000.0,33826452000000.0,50188000000.0,,,71572000000.0,,,53288000000.0,,,,,,,439869000000.0,79899000000.0,359970000000.0,,,,,,1707716000000.0,,,,2022q3
252571,601288.XSHG,2022-12-31,2023-03-31,2022-12-31,3180015000000.0,,500330000000.0,522057000000.0,,,,,,0.0,,,,1172187000000.0,,,,,,,,,8092000000.0,,142542000000.0,10030000000.0,,,,,27867000000.0,,1381000000.0,,149698000000.0,,,33927533000000.0,0.0,901116000000.0,27580218000000.0,333755000000.0,12287000000.0,,,,43779000000.0,,71469000000.0,56134000000.0,,,,,0.0,,,,,,,1869398000000.0,,,40788000000.0,9000000.0,,,31253082000000.0,349983000000.0,173426000000.0,,,246764000000.0,388600000000.0,1032524000000.0,,2668412000000.0,6039000000.0,2674451000000.0,33927533000000.0,37115000000.0,,,30715000000.0,,,31004000000.0,,,,,,,440000000000.0,80000000000.0,360000000000.0,,,,7306000000000.0,,1702106000000.0,,,,2022q4
261345,601288.XSHG,2023-03-31,2023-04-29,2023-03-31,4121551000000.0,,486499000000.0,552412000000.0,,,,,,0.0,,,,1451350000000.0,,,,,,,,,8001000000.0,,140923000000.0,9315000000.0,,,,,27749000000.0,,1381000000.0,,156342000000.0,,,36811547000000.0,0.0,987881000000.0,30296301000000.0,384259000000.0,12291000000.0,,,,44162000000.0,,59769000000.0,32688000000.0,,,,,0.0,,,,,,,1870091000000.0,,,38181000000.0,107000000.0,,,34078356000000.0,349983000000.0,173426000000.0,,,247138000000.0,388675000000.0,1102802000000.0,,2726520000000.0,6671000000.0,2733191000000.0,36811547000000.0,24496000000.0,,,22142000000.0,,,27250000000.0,,,,,,,440000000000.0,80000000000.0,360000000000.0,,,,,,1663614000000.0,,,,2023q1
265462,601288.XSHG,2023-06-30,2023-08-30,2023-06-30,3975114000000.0,,457564000000.0,540613000000.0,,,,,,0.0,,,,1885228000000.0,,,,,,,,,8077000000.0,,140623000000.0,10161000000.0,,,,,28282000000.0,,1381000000.0,,157477000000.0,,,38033395000000.0,0.0,1056559000000.0,31206982000000.0,400900000000.0,11680000000.0,,,,56178000000.0,,62129000000.0,30485000000.0,,,,,0.0,,,,,,,2001076000000.0,,,37798000000.0,25000000.0,,,35312689000000.0,349983000000.0,173426000000.0,,,247144000000.0,456450000000.0,1015977000000.0,,2714446000000.0,6260000000.0,2720706000000.0,38033395000000.0,31466000000.0,,,49511000000.0,,,44213000000.0,,,,,,,440000000000.0,80000000000.0,360000000000.0,,,,,,,,,,2023q2
270102,601288.XSHG,2023-09-30,2023-10-28,2023-09-30,3730400000000.0,,467864000000.0,558434000000.0,,,,,,0.0,,,,1881216000000.0,,,,,,,,,8452000000.0,,140238000000.0,10340000000.0,,,,,28322000000.0,,1381000000.0,,162153000000.0,,,38698016000000.0,0.0,1074902000000.0,31624499000000.0,400073000000.0,12030000000.0,,,,48221000000.0,,65457000000.0,40508000000.0,,,,,0.0,,,,,,,2142221000000.0,,,36795000000.0,15000000.0,,,35876558000000.0,349983000000.0,173425000000.0,,,247144000000.0,456395000000.0,1080298000000.0,,2815621000000.0,5837000000.0,2821458000000.0,38698016000000.0,28376000000.0,,,45797000000.0,,,36243000000.0,,,,,,,480000000000.0,80000000000.0,400000000000.0,,,,,,,,,,2023q3
273038,601288.XSHG,2023-12-31,2024-03-29,2023-12-31,4002123000000.0,,516181000000.0,547407000000.0,,,,,,0.0,,,,1809559000000.0,,,,,,,,,8386000000.0,,144387000000.0,12352000000.0,,,,,28674000000.0,,1381000000.0,,160750000000.0,,,39872989000000.0,0.0,1127069000000.0,32551965000000.0,382290000000.0,12597000000.0,,,,100521000000.0,,78601000000.0,49275000000.0,,,,,0.0,,,,,,,2295921000000.0,,,43674000000.0,14000000.0,,,36976122000000.0,349983000000.0,173425000000.0,,,273558000000.0,456200000000.0,1114576000000.0,,2889248000000.0,7619000000.0,2896867000000.0,39872989000000.0,41506000000.0,,,24873000000.0,,,27817000000.0,,,,,,,480000000000.0,80000000000.0,400000000000.0,,,,,,2203051000000.0,,,,2023q4
291203,601288.XSHG,2024-03-31,2024-04-30,2024-03-31,3836521000000.0,,474395000000.0,520180000000.0,,,,,,0.0,,,,1594432000000.0,,,,,,,,,8374000000.0,,141832000000.0,12707000000.0,,,,,28677000000.0,,1381000000.0,,162172000000.0,,,42157279000000.0,0.0,1111682000000.0,34665099000000.0,385123000000.0,14023000000.0,,,,120862000000.0,,63544000000.0,14959000000.0,,,,,0.0,,,,,,,2341859000000.0,,,34505000000.0,19000000.0,,,39158056000000.0,349983000000.0,173424000000.0,,,273569000000.0,456417000000.0,1181076000000.0,,2991892000000.0,7331000000.0,2999223000000.0,42157279000000.0,37423000000.0,,,27941000000.0,,,37129000000.0,,,,,,,520000000000.0,80000000000.0,440000000000.0,,,,,,3351164000000.0,,,,2024q1
514057,601288.XSHG,2024-06-30,2024-08-31,2024-06-30,3676198000000.0,,456649000000.0,480391000000.0,,,,,,0.0,,,,740355000000.0,,,,,,,,,8254000000.0,,140016000000.0,12032000000.0,,,,,28743000000.0,,1381000000.0,,156071000000.0,,,41984553000000.0,0.0,1107331000000.0,34123674000000.0,399249000000.0,14903000000.0,,,,114326000000.0,,65554000000.0,18741000000.0,,,,,0.0,,,,,,,2580025000000.0,,,35170000000.0,24000000.0,,,38928090000000.0,349983000000.0,173423000000.0,,,273947000000.0,532458000000.0,1086394000000.0,,3049778000000.0,6685000000.0,3056463000000.0,41984553000000.0,53573000000.0,,,40454000000.0,,,37354000000.0,,,,,,,580000000000.0,80000000000.0,500000000000.0,,,,,,3335744000000.0,,,,2024q2
519195,601288.XSHG,2024-09-30,2024-10-31,2024-09-30,3891883000000.0,,486875000000.0,493053000000.0,,,,,,0.0,,,,1409322000000.0,,,,,,,,,10312000000.0,,139413000000.0,12408000000.0,,,,,28656000000.0,,1381000000.0,,156750000000.0,,,43553293000000.0,0.0,1138041000000.0,35686771000000.0,374877000000.0,15300000000.0,,,,92642000000.0,,68960000000.0,21480000000.0,,,,,0.0,,,,,,,2635184000000.0,,,36154000000.0,778000000.0,,,40543004000000.0,349983000000.0,173417000000.0,,,273953000000.0,532516000000.0,1153642000000.0,,3003722000000.0,6567000000.0,3010289000000.0,43553293000000.0,60211000000.0,,,28110000000.0,,,40694000000.0,,,,,,,460000000000.0,80000000000.0,380000000000.0,,,,,,3490886000000.0,,,,2024q3
520495,601288.XSHG,2024-12-31,2025-03-29,2024-12-31,2706408000000.0,,529767000000.0,513306000000.0,,,,,,0.0,,,,1371571000000.0,,,,,,,,,10332000000.0,,140803000000.0,13681000000.0,,,,,29105000000.0,,1381000000.0,,148009000000.0,,,43238135000000.0,0.0,847324000000.0,34972918000000.0,364022000000.0,15841000000.0,,,,615725000000.0,,87803000000.0,15175000000.0,,,,,0.0,,,,,,,2678509000000.0,,,35669000000.0,309000000.0,,,40140862000000.0,349983000000.0,173419000000.0,,,301841000000.0,532991000000.0,1150758000000.0,,3090808000000.0,6465000000.0,3097273000000.0,43238135000000.0,81816000000.0,,,65920000000.0,,,58146000000.0,,,,,,,500000000000.0,80000000000.0,420000000000.0,,,,,,,,,,2024q4
529889,601288.XSHG,2025-03-31,2025-04-30,2025-03-31,3329490000000.0,,442308000000.0,550638000000.0,,,,,,0.0,,,,854308000000.0,,,,,,,,,10358000000.0,,139719000000.0,12677000000.0,,,,,28803000000.0,,1381000000.0,,155274000000.0,,,44818957000000.0,0.0,671007000000.0,36074190000000.0,427905000000.0,20676000000.0,,,,789637000000.0,,71455000000.0,11822000000.0,,,,,0.0,,,,,,,3117069000000.0,,,34077000000.0,411000000.0,,,41675952000000.0,349983000000.0,173419000000.0,,,301850000000.0,532764000000.0,1218134000000.0,,3137261000000.0,5744000000.0,3143005000000.0,44818957000000.0,61111000000.0,,,54720000000.0,,,70721000000.0,,,,,,,500000000000.0,80000000000.0,420000000000.0,,,,,,,,,,2025q1
535499,601288.XSHG,2025-06-30,2025-08-30,2025-06-30,3773749000000.0,,472461000000.0,521158000000.0,,,,,,0.0,,,,1554271000000.0,,,,,,,,,15597000000.0,,137647000000.0,12666000000.0,,,,,28563000000.0,,1381000000.0,,143504000000.0,,,46855878000000.0,0.0,942778000000.0,37570557000000.0,366475000000.0,25036000000.0,,,,1066458000000.0,,72031000000.0,11543000000.0,,,,,0.0,,,,,,,,,,29942000000.0,632000000.0,,,43706637000000.0,349983000000.0,173415000000.0,,,302271000000.0,570192000000.0,1199509000000.0,,3143100000000.0,6141000000.0,3149241000000.0,46855878000000.0,82730000000.0,,,42680000000.0,,,52939000000.0,,,,,,,465000000000.0,80000000000.0,385000000000.0,,,,,,3570257000000.0,,,,2025q2
540717,601288.XSHG,2025-09-30,2025-10-31,2025-09-30,3791181000000.0,,536521000000.0,520544000000.0,,,,,,0.0,,,,1660716000000.0,,,,,,,,,16911000000.0,,137161000000.0,13001000000.0,,,,,28876000000.0,,1381000000.0,,147181000000.0,,,48135429000000.0,0.0,1083975000000.0,38489557000000.0,364828000000.0,26990000000.0,,,,1248496000000.0,,74106000000.0,11061000000.0,,,,,0.0,,,,,,,3158142000000.0,,,27712000000.0,1231000000.0,,,44960218000000.0,349983000000.0,173413000000.0,,,302271000000.0,570356000000.0,1275236000000.0,,3168502000000.0,6709000000.0,3175211000000.0,48135429000000.0,67243000000.0,,,32484000000.0,,,47746000000.0,,,,,,,430000000000.0,80000000000.0,350000000000.0,,,,,,3735554000000.0,,,,2025q3
554069,601288.XSHG,2025-12-31,2026-03-31,2025-12-31,3258868000000.0,,548381000000.0,556994000000.0,,,,,,0.0,,,,1564991000000.0,,,,,,,,,19820000000.0,,148157000000.0,8357000000.0,,,,,28853000000.0,,10921000000.0,,150040000000.0,,,48784674000000.0,0.0,1127471000000.0,38687706000000.0,351561000000.0,33509000000.0,,,,1453842000000.0,,94646000000.0,11354000000.0,,,,,0.0,,,,,,,3263887000000.0,,,25528000000.0,1458000000.0,,,45541303000000.0,349983000000.0,173426000000.0,,,330932000000.0,570282000000.0,1272603000000.0,,3237182000000.0,6189000000.0,3243371000000.0,48784674000000.0,69956000000.0,,,33515000000.0,,,45044000000.0,,,,,,,470000000000.0,80000000000.0,390000000000.0,,,,11799270000000.0,,3965051000000.0,,,,2025q4
563575,601288.XSHG,2026-03-31,2026-04-30,2026-03-31,3552141000000.0,,499363000000.0,518975000000.0,,,,,,0.0,,,,1374471000000.0,,,,,,,,,19829000000.0,,148782000000.0,7157000000.0,,,,,28348000000.0,,10921000000.0,,154431000000.0,,,51029331000000.0,0.0,1219373000000.0,41155261000000.0,364910000000.0,46557000000.0,,,,1584590000000.0,,74908000000.0,12757000000.0,,,,,0.0,,,,,,,2798808000000.0,,,25105000000.0,1087000000.0,,,47726128000000.0,349983000000.0,173426000000.0,,,330943000000.0,570341000000.0,1343351000000.0,,3296589000000.0,6614000000.0,3303203000000.0,51029331000000.0,58545000000.0,,,42361000000.0,,,43563000000.0,,,,,,,470000000000.0,80000000000.0,390000000000.0,,,,12486459000000.0,,4139583000000.0,,,,2026q1
