schedule,rebalance_date,next_rebalance_date,hold_count,turnover_ratio,period_return,selected_codes
daily,2019-01-02,2019-01-03,5,1.0,0.0044127223548838575,"600919.XSHG,002142.XSHE,601939.XSHG,600016.XSHG,601166.XSHG"
daily,2019-01-03,2019-01-04,5,0.4,0.027631175101875228,"600919.XSHG,601939.XSHG,000001.XSHE,600036.XSHG,601166.XSHG"
daily,2019-01-04,2019-01-07,5,0.8,-0.002830760619678929,"002142.XSHE,601229.XSHG,601288.XSHG,601939.XSHG,601398.XSHG"
daily,2019-01-07,2019-01-08,5,0.6,-0.005409885904175371,"600036.XSHG,601328.XSHG,600919.XSHG,002142.XSHE,601229.XSHG"
daily,2019-01-08,2019-01-09,5,0.4,0.01343807421846377,"600036.XSHG,002142.XSHE,000001.XSHE,601229.XSHG,601166.XSHG"
daily,2019-01-09,2019-01-10,5,0.4,-0.0012805744645149053,"600000.XSHG,002142.XSHE,601169.XSHG,601229.XSHG,600036.XSHG"
daily,2019-01-10,2019-01-11,5,0.6,0.010517006989076672,"601166.XSHG,600036.XSHG,600000.XSHG,601939.XSHG,601328.XSHG"
daily,2019-01-11,2019-01-14,5,1.0,-0.005541916380768619,"002142.XSHE,601229.XSHG,600016.XSHG,601398.XSHG,600919.XSHG"
daily,2019-01-14,2019-01-15,5,0.6,0.011751506436627368,"002142.XSHE,600036.XSHG,601169.XSHG,600016.XSHG,601939.XSHG"
daily,2019-01-15,2019-01-16,5,0.4,0.0060367678730617325,"600036.XSHG,000001.XSHE,002142.XSHE,600000.XSHG,601169.XSHG"
daily,2019-01-16,2019-01-17,5,0.4,-0.00439777354380686,"600036.XSHG,600919.XSHG,002142.XSHE,600016.XSHG,601169.XSHG"
daily,2019-01-17,2019-01-18,5,0.19999999999999996,0.01931072068563542,"600036.XSHG,002142.XSHE,600919.XSHG,601009.XSHG,600016.XSHG"
daily,2019-01-18,2019-01-21,5,0.8,0.003073840052255683,"002142.XSHE,601328.XSHG,601229.XSHG,000001.XSHE,601818.XSHG"
daily,2019-01-21,2019-01-22,5,0.6,-0.010875994349486783,"002142.XSHE,601169.XSHG,601818.XSHG,600036.XSHG,600000.XSHG"
daily,2019-01-22,2019-01-23,5,0.6,0.005191051578680028,"601169.XSHG,002142.XSHE,601288.XSHG,600015.XSHG,000001.XSHE"
daily,2019-01-23,2019-01-24,5,0.8,0.006607072449380702,"002142.XSHE,601988.XSHG,601939.XSHG,601166.XSHG,601998.XSHG"
daily,2019-01-24,2019-01-25,5,0.8,0.01409513299129972,"601009.XSHG,601169.XSHG,600919.XSHG,601939.XSHG,601398.XSHG"
daily,2019-01-25,2019-01-28,5,0.6,0.0010585483229476722,"600000.XSHG,601169.XSHG,601328.XSHG,600036.XSHG,600919.XSHG"
daily,2019-01-28,2019-01-29,5,0.4,0.004119776655964591,"601328.XSHG,601169.XSHG,600016.XSHG,601288.XSHG,600919.XSHG"
daily,2019-01-29,2019-01-30,5,0.8,-0.001880290983605515,"600036.XSHG,601288.XSHG,002142.XSHE,601939.XSHG,000001.XSHE"
daily,2019-01-30,2019-01-31,5,0.4,0.011296551169987979,"601009.XSHG,600036.XSHG,002142.XSHE,600919.XSHG,601288.XSHG"
daily,2019-01-31,2019-02-01,5,0.4,0.0029244155571537477,"000001.XSHE,002142.XSHE,601288.XSHG,601009.XSHG,600000.XSHG"
daily,2019-02-01,2019-02-11,5,0.6,-0.0016862321319360608,"601169.XSHG,601998.XSHG,002142.XSHE,601288.XSHG,600036.XSHG"
daily,2019-02-11,2019-02-12,5,0.6,4.306419599584554e-05,"601398.XSHG,600036.XSHG,601988.XSHG,000001.XSHE,601288.XSHG"
daily,2019-02-12,2019-02-13,5,0.6,0.011915779319465258,"601398.XSHG,601939.XSHG,600000.XSHG,601288.XSHG,601166.XSHG"
daily,2019-02-13,2019-02-14,5,0.6,-0.0078013035786401504,"601288.XSHG,601398.XSHG,600036.XSHG,002142.XSHE,000001.XSHE"
daily,2019-02-14,2019-02-15,5,1.0,-0.01957489997321995,"601998.XSHG,601328.XSHG,601818.XSHG,601166.XSHG,600015.XSHG"
daily,2019-02-15,2019-02-18,5,0.8,0.016151304761785834,"600000.XSHG,601818.XSHG,600919.XSHG,601988.XSHG,601009.XSHG"
daily,2019-02-18,2019-02-19,5,0.6,-0.0016130063249810255,"601328.XSHG,600000.XSHG,600015.XSHG,600036.XSHG,601009.XSHG"
daily,2019-02-19,2019-02-20,5,0.19999999999999996,0.0015703434368409485,"600036.XSHG,601988.XSHG,601328.XSHG,600015.XSHG,600000.XSHG"
daily,2019-02-20,2019-02-21,5,0.8,-0.004190414097093242,"002142.XSHE,601398.XSHG,601998.XSHG,601939.XSHG,600036.XSHG"
daily,2019-02-21,2019-02-22,5,0.6,0.01112612889054918,"000001.XSHE,601939.XSHG,601818.XSHG,601998.XSHG,601288.XSHG"
daily,2019-02-22,2019-02-25,5,0.6,0.06805052360275701,"600036.XSHG,601818.XSHG,601988.XSHG,000001.XSHE,600000.XSHG"
daily,2019-02-25,2019-02-26,5,0.19999999999999996,-0.023410689240030425,"600036.XSHG,000001.XSHE,601818.XSHG,601988.XSHG,601166.XSHG"
daily,2019-02-26,2019-02-27,5,0.4,0.01917952962063594,"000001.XSHE,600036.XSHG,601009.XSHG,601998.XSHG,601818.XSHG"
daily,2019-02-27,2019-02-28,5,0.6,-0.00639632012289808,"600036.XSHG,000001.XSHE,601288.XSHG,601988.XSHG,601939.XSHG"
daily,2019-02-28,2019-03-01,5,0.4,0.030066799679991662,"000001.XSHE,600036.XSHG,601939.XSHG,601009.XSHG,600016.XSHG"
daily,2019-03-01,2019-03-04,5,0.6,0.004429568332728273,"600926.XSHG,601009.XSHG,601988.XSHG,600036.XSHG,002142.XSHE"
daily,2019-03-04,2019-03-05,5,0.19999999999999996,-0.003473534804579148,"600036.XSHG,002142.XSHE,000001.XSHE,601988.XSHG,601009.XSHG"
daily,2019-03-05,2019-03-06,5,0.8,0.010027598376922442,"601009.XSHG,601818.XSHG,601229.XSHG,601998.XSHG,601997.XSHG"
daily,2019-03-06,2019-03-07,5,0.8,-0.02067445857712178,"000001.XSHE,600036.XSHG,601818.XSHG,002142.XSHE,601988.XSHG"
daily,2019-03-07,2019-03-08,5,0.4,-0.03326660441581164,"601939.XSHG,601988.XSHG,600016.XSHG,002142.XSHE,600036.XSHG"
daily,2019-03-08,2019-03-11,5,0.8,0.003181437625654504,"600016.XSHG,601398.XSHG,600000.XSHG,601288.XSHG,000001.XSHE"
daily,2019-03-11,2019-03-12,5,0.8,0.0019386688753719294,"601997.XSHG,600926.XSHG,601398.XSHG,600919.XSHG,601229.XSHG"
daily,2019-03-12,2019-03-13,5,0.4,-0.002184774795234845,"601009.XSHG,601997.XSHG,600926.XSHG,601398.XSHG,601939.XSHG"
daily,2019-03-13,2019-03-14,5,0.6,-0.005675580240313382,"601997.XSHG,601009.XSHG,601988.XSHG,600016.XSHG,601288.XSHG"
daily,2019-03-14,2019-03-15,5,0.6,0.002509349905547453,"002142.XSHE,601988.XSHG,601939.XSHG,600015.XSHG,600016.XSHG"
daily,2019-03-15,2019-03-18,5,0.6,0.01531559537955358,"600926.XSHG,601288.XSHG,600016.XSHG,600015.XSHG,601818.XSHG"
daily,2019-03-18,2019-03-19,5,0.8,0.0010015418915774621,"600919.XSHG,600926.XSHG,002142.XSHE,601166.XSHG,601229.XSHG"
daily,2019-03-19,2019-03-20,5,0.8,-0.00014977331981127495,"601288.XSHG,600000.XSHG,600926.XSHG,601328.XSHG,601939.XSHG"
daily,2019-03-20,2019-03-21,5,0.6,-0.005872628230862165,"601939.XSHG,601229.XSHG,601998.XSHG,601288.XSHG,600016.XSHG"
daily,2019-03-21,2019-03-22,5,0.8,-0.005562994995625914,"600926.XSHG,600015.XSHG,601009.XSHG,600919.XSHG,601288.XSHG"
daily,2019-03-22,2019-03-25,5,0.4,-0.022733873568089112,"002142.XSHE,600919.XSHG,601009.XSHG,600926.XSHG,000001.XSHE"
daily,2019-03-25,2019-03-26,5,0.6,-0.013900275937869822,"600926.XSHG,600919.XSHG,601838.XSHG,601998.XSHG,600015.XSHG"
daily,2019-03-26,2019-03-27,5,0.4,0.006144340677729598,"600015.XSHG,601998.XSHG,601229.XSHG,601328.XSHG,600919.XSHG"
daily,2019-03-27,2019-03-28,5,0.6,-0.008003355340454732,"601998.XSHG,601009.XSHG,600919.XSHG,600926.XSHG,601988.XSHG"
daily,2019-03-28,2019-03-29,5,0.4,0.03167997476649829,"600919.XSHG,002142.XSHE,600015.XSHG,601998.XSHG,601009.XSHG"
daily,2019-03-29,2019-04-01,5,0.6,0.021169923103561895,"600919.XSHG,600926.XSHG,600016.XSHG,601988.XSHG,601009.XSHG"
daily,2019-04-01,2019-04-02,5,0.6,-0.0016118145247490778,"600919.XSHG,601998.XSHG,601229.XSHG,002142.XSHE,601988.XSHG"
daily,2019-04-02,2019-04-03,5,0.19999999999999996,0.00943967623373454,"600919.XSHG,002142.XSHE,000001.XSHE,601229.XSHG,601998.XSHG"
daily,2019-04-03,2019-04-04,5,0.4,0.02329794913563803,"002142.XSHE,000001.XSHE,600919.XSHG,601009.XSHG,600036.XSHG"
daily,2019-04-04,2019-04-08,5,0.6,0.011657451671820196,"601166.XSHG,002142.XSHE,600036.XSHG,601988.XSHG,601229.XSHG"
daily,2019-04-08,2019-04-09,5,0.6,-0.01042044946330276,"600036.XSHG,601398.XSHG,000001.XSHE,601988.XSHG,601939.XSHG"
daily,2019-04-09,2019-04-10,5,0.6,-0.0030801865795340166,"000001.XSHE,601288.XSHG,601229.XSHG,601398.XSHG,600919.XSHG"
daily,2019-04-10,2019-04-11,5,0.4,-0.008263705178496016,"600919.XSHG,600926.XSHG,601288.XSHG,601998.XSHG,601398.XSHG"
daily,2019-04-11,2019-04-12,5,0.4,-0.003580185494474253,"000001.XSHE,600919.XSHG,601998.XSHG,601398.XSHG,601939.XSHG"
daily,2019-04-12,2019-04-15,5,0.4,0.006822172415535244,"601166.XSHG,601328.XSHG,601398.XSHG,600919.XSHG,601998.XSHG"
daily,2019-04-15,2019-04-16,5,0.4,0.03748403131796039,"601998.XSHG,601229.XSHG,601328.XSHG,600919.XSHG,600926.XSHG"
daily,2019-04-16,2019-04-17,5,0.8,-0.007986971404125676,"002142.XSHE,600036.XSHG,601009.XSHG,601398.XSHG,600919.XSHG"
daily,2019-04-17,2019-04-18,5,0.6,-0.005654789625488687,"600036.XSHG,601328.XSHG,000001.XSHE,002142.XSHE,601229.XSHG"
daily,2019-04-18,2019-04-19,5,0.6,0.010913959032667342,"000001.XSHE,601009.XSHG,600036.XSHG,601166.XSHG,600919.XSHG"
daily,2019-04-19,2019-04-22,5,0.8,-0.02697417465612595,"601009.XSHG,601818.XSHG,601328.XSHG,601398.XSHG,601288.XSHG"
daily,2019-04-22,2019-04-23,5,0.6,-0.004170674054671375,"601818.XSHG,600919.XSHG,601998.XSHG,601288.XSHG,600926.XSHG"
daily,2019-04-23,2019-04-24,5,0.8,-0.0021253198550173825,"600919.XSHG,601328.XSHG,600015.XSHG,601398.XSHG,600000.XSHG"
daily,2019-04-24,2019-04-25,5,0.8,-0.015051887242291295,"600919.XSHG,600926.XSHG,601838.XSHG,601009.XSHG,601818.XSHG"
daily,2019-04-25,2019-04-26,5,0.6,-0.016123856466394203,"601939.XSHG,601818.XSHG,601328.XSHG,600919.XSHG,600036.XSHG"
daily,2019-04-26,2019-04-29,5,0.6,0.013241089847109722,"601939.XSHG,601998.XSHG,601328.XSHG,601398.XSHG,601288.XSHG"
daily,2019-04-29,2019-04-30,5,0.4,-0.0034166460087177606,"601328.XSHG,601939.XSHG,601988.XSHG,600015.XSHG,601398.XSHG"
daily,2019-04-30,2019-05-06,5,0.4,-0.023664304695149373,"601328.XSHG,601398.XSHG,601818.XSHG,601998.XSHG,601988.XSHG"
daily,2019-05-06,2019-05-07,5,0.6,0.009274561274491177,"601939.XSHG,601818.XSHG,601009.XSHG,601998.XSHG,002142.XSHE"
daily,2019-05-07,2019-05-08,5,0.6,-0.0147712785621128,"601398.XSHG,601939.XSHG,601838.XSHG,601818.XSHG,601328.XSHG"
daily,2019-05-08,2019-05-09,5,0.4,-0.016046109958257927,"601398.XSHG,601838.XSHG,600926.XSHG,002142.XSHE,601328.XSHG"
daily,2019-05-09,2019-05-10,5,0.6,0.015063596343413898,"601838.XSHG,600926.XSHG,601998.XSHG,601818.XSHG,600015.XSHG"
daily,2019-05-10,2019-05-13,5,0.6,-0.008159418265856843,"600926.XSHG,600015.XSHG,601988.XSHG,002142.XSHE,600016.XSHG"
daily,2019-05-13,2019-05-14,5,0.4,-0.004495921413888637,"600926.XSHG,601838.XSHG,600016.XSHG,600015.XSHG,601398.XSHG"
daily,2019-05-14,2019-05-15,5,0.4,0.012731923320573112,"600015.XSHG,601939.XSHG,601009.XSHG,601398.XSHG,601838.XSHG"
daily,2019-05-15,2019-05-16,5,0.4,-0.00042922878452775757,"601998.XSHG,601939.XSHG,601009.XSHG,600015.XSHG,600926.XSHG"
daily,2019-05-16,2019-05-17,5,0.6,-0.02054780975891568,"601838.XSHG,601939.XSHG,601166.XSHG,000001.XSHE,601998.XSHG"
daily,2019-05-17,2019-05-20,5,0.4,-0.012116046617936882,"601166.XSHG,002142.XSHE,601009.XSHG,601838.XSHG,601939.XSHG"
daily,2019-05-20,2019-05-21,5,0.6,0.007660596101164918,"601998.XSHG,600015.XSHG,601166.XSHG,601939.XSHG,600926.XSHG"
daily,2019-05-21,2019-05-22,5,0.4,-0.00392025394866462,"600015.XSHG,600926.XSHG,601838.XSHG,601169.XSHG,601998.XSHG"
daily,2019-05-22,2019-05-23,5,0.19999999999999996,-0.010276086795063111,"600015.XSHG,601838.XSHG,601998.XSHG,600926.XSHG,601229.XSHG"
daily,2019-05-23,2019-05-24,5,0.4,0.006708364004986223,"600015.XSHG,600926.XSHG,600919.XSHG,601997.XSHG,601838.XSHG"
daily,2019-05-24,2019-05-27,5,0.6,0.0018375353627808177,"600919.XSHG,600926.XSHG,601998.XSHG,601166.XSHG,000001.XSHE"
daily,2019-05-27,2019-05-28,5,0.6,0.001451168352336052,"601169.XSHG,601998.XSHG,600926.XSHG,600000.XSHG,601988.XSHG"
daily,2019-05-28,2019-05-29,5,0.6,-0.00522815219370969,"601997.XSHG,601939.XSHG,601988.XSHG,600919.XSHG,600926.XSHG"
daily,2019-05-29,2019-05-30,5,0.6,-0.0072400334020036984,"600015.XSHG,601997.XSHG,601838.XSHG,600926.XSHG,601009.XSHG"
daily,2019-05-30,2019-05-31,5,0.4,-0.0005144307644701307,"600919.XSHG,600926.XSHG,600015.XSHG,600000.XSHG,601838.XSHG"
daily,2019-05-31,2019-06-03,5,0.4,0.002439681626758894,"600919.XSHG,600926.XSHG,600015.XSHG,601997.XSHG,601998.XSHG"
daily,2019-06-03,2019-06-04,5,0.6,-2.85482636945833e-06,"600919.XSHG,600000.XSHG,601988.XSHG,601009.XSHG,600926.XSHG"
daily,2019-06-04,2019-06-05,5,0.4,0.0012336502241829584,"601988.XSHG,600919.XSHG,601998.XSHG,601229.XSHG,600926.XSHG"
daily,2019-06-05,2019-06-06,5,0.4,-0.001284327886067671,"601988.XSHG,600015.XSHG,600919.XSHG,600926.XSHG,600036.XSHG"
daily,2019-06-06,2019-06-10,5,0.6,0.011208843799070056,"601988.XSHG,600919.XSHG,000001.XSHE,601288.XSHG,601009.XSHG"
daily,2019-06-10,2019-06-11,5,0.6,0.013430018225216634,"601988.XSHG,600919.XSHG,601229.XSHG,601997.XSHG,600926.XSHG"
daily,2019-06-11,2019-06-12,5,0.6,-0.00485993439891399,"601988.XSHG,600919.XSHG,601166.XSHG,601288.XSHG,601009.XSHG"
daily,2019-06-12,2019-06-13,5,0.8,-0.0037561266016466143,"601988.XSHG,002142.XSHE,600036.XSHG,601818.XSHG,000001.XSHE"
daily,2019-06-13,2019-06-14,5,0.19999999999999996,-0.006161783559423872,"601009.XSHG,601988.XSHG,002142.XSHE,000001.XSHE,600036.XSHG"
daily,2019-06-14,2019-06-17,5,0.4,0.004567628485282827,"601988.XSHG,000001.XSHE,002142.XSHE,601229.XSHG,601998.XSHG"
daily,2019-06-17,2019-06-18,5,0.8,0.003924818141978137,"601009.XSHG,601988.XSHG,600919.XSHG,601939.XSHG,600926.XSHG"
daily,2019-06-18,2019-06-19,5,0.4,0.00951420899303108,"601009.XSHG,601988.XSHG,600919.XSHG,600015.XSHG,000001.XSHE"
daily,2019-06-19,2019-06-20,5,0.6,0.02640577562215718,"601009.XSHG,601988.XSHG,002142.XSHE,600000.XSHG,601838.XSHG"
daily,2019-06-20,2019-06-21,5,0.6,-0.008180804643397233,"601988.XSHG,601939.XSHG,601166.XSHG,601009.XSHG,601169.XSHG"
daily,2019-06-21,2019-06-24,5,0.6,-0.0026561245533777366,"601009.XSHG,601838.XSHG,000001.XSHE,601328.XSHG,601166.XSHG"
daily,2019-06-24,2019-06-25,5,0.8,-0.01815739201866149,"600015.XSHG,600036.XSHG,000001.XSHE,601229.XSHG,600016.XSHG"
daily,2019-06-25,2019-06-26,5,1.0,-0.0016896497030574275,"601838.XSHG,601169.XSHG,601998.XSHG,601988.XSHG,002142.XSHE"
daily,2019-06-26,2019-06-27,5,0.4,0.005011867967497396,"601169.XSHG,601838.XSHG,600016.XSHG,601166.XSHG,601998.XSHG"
daily,2019-06-27,2019-06-28,5,0.4,-0.0062790843464653355,"601838.XSHG,601997.XSHG,601169.XSHG,601998.XSHG,600919.XSHG"
daily,2019-06-28,2019-07-01,5,0.8,0.014957897311728408,"000001.XSHE,002142.XSHE,600015.XSHG,601009.XSHG,601998.XSHG"
daily,2019-07-01,2019-07-02,5,0.6,0.0049740771580689905,"601169.XSHG,600919.XSHG,600015.XSHG,601328.XSHG,000001.XSHE"
daily,2019-07-02,2019-07-03,5,0.6,-0.0012003038476463557,"002142.XSHE,601998.XSHG,601939.XSHG,601169.XSHG,600015.XSHG"
daily,2019-07-03,2019-07-04,5,0.6,-0.006616566403343316,"601838.XSHG,601998.XSHG,601229.XSHG,002142.XSHE,600036.XSHG"
daily,2019-07-04,2019-07-05,5,0.8,-0.0008217066244938342,"601398.XSHG,600036.XSHG,600000.XSHG,000001.XSHE,601169.XSHG"
daily,2019-07-05,2019-07-08,5,0.8,-0.015458888118136982,"601229.XSHG,601288.XSHG,601998.XSHG,601398.XSHG,601009.XSHG"
daily,2019-07-08,2019-07-09,5,0.6,-0.0013411916450285944,"601838.XSHG,601009.XSHG,600000.XSHG,601398.XSHG,601169.XSHG"
daily,2019-07-09,2019-07-10,5,0.6,-0.012440168121024397,"601009.XSHG,601998.XSHG,601229.XSHG,600919.XSHG,601838.XSHG"
daily,2019-07-10,2019-07-11,5,0.8,0.0009943251912163831,"601288.XSHG,601398.XSHG,601229.XSHG,600016.XSHG,601818.XSHG"
daily,2019-07-11,2019-07-12,5,0.19999999999999996,0.0073518423065131785,"601229.XSHG,601328.XSHG,601818.XSHG,601288.XSHG,601398.XSHG"
daily,2019-07-12,2019-07-15,5,0.19999999999999996,-0.001359152356594806,"600015.XSHG,601328.XSHG,601229.XSHG,601288.XSHG,601398.XSHG"
daily,2019-07-15,2019-07-16,5,0.4,0.0005889891168818995,"601398.XSHG,600036.XSHG,601939.XSHG,600015.XSHG,601229.XSHG"
daily,2019-07-16,2019-07-17,5,0.6,-0.004613876236915204,"601818.XSHG,600036.XSHG,601169.XSHG,600016.XSHG,601398.XSHG"
daily,2019-07-17,2019-07-18,5,0.8,0.0023168833116312903,"600036.XSHG,601009.XSHG,601939.XSHG,601229.XSHG,600000.XSHG"
daily,2019-07-18,2019-07-19,5,0.8,0.012067966562717868,"601169.XSHG,601328.XSHG,002142.XSHE,600000.XSHG,600919.XSHG"
daily,2019-07-19,2019-07-22,5,0.4,-0.0048230895083307915,"601328.XSHG,600000.XSHG,601169.XSHG,601818.XSHG,600016.XSHG"
daily,2019-07-22,2019-07-23,5,0.6,0.0042660621316988005,"600036.XSHG,601328.XSHG,601838.XSHG,600000.XSHG,601939.XSHG"
daily,2019-07-23,2019-07-24,5,0.6,0.00500729358772789,"600036.XSHG,600015.XSHG,600016.XSHG,600000.XSHG,601229.XSHG"
daily,2019-07-24,2019-07-25,5,0.6,0.018904819779888938,"601169.XSHG,600036.XSHG,000001.XSHE,600000.XSHG,002142.XSHE"
daily,2019-07-25,2019-07-26,5,0.8,-0.0016134453781512681,"601398.XSHG,601169.XSHG,601939.XSHG,601838.XSHG,600016.XSHG"
daily,2019-07-26,2019-07-29,5,0.6,-0.0016176606724400688,"600036.XSHG,002142.XSHE,601838.XSHG,601988.XSHG,601169.XSHG"
daily,2019-07-29,2019-07-30,5,0.19999999999999996,0.0032704830487416013,"601838.XSHG,600000.XSHG,601988.XSHG,601169.XSHG,002142.XSHE"
daily,2019-07-30,2019-07-31,5,0.6,-0.0064984297531263556,"600036.XSHG,002142.XSHE,601939.XSHG,601838.XSHG,600016.XSHG"
daily,2019-07-31,2019-08-01,5,0.4,-0.008647038277337949,"002142.XSHE,601939.XSHG,601988.XSHG,600036.XSHG,601997.XSHG"
daily,2019-08-01,2019-08-02,5,0.6,-0.01614951703365184,"002142.XSHE,601998.XSHG,000001.XSHE,601398.XSHG,601997.XSHG"
daily,2019-08-02,2019-08-05,5,0.6,-0.020593396181930547,"600926.XSHG,601998.XSHG,002142.XSHE,601838.XSHG,601166.XSHG"
daily,2019-08-05,2019-08-06,5,0.6,-0.008898449175760992,"600926.XSHG,600919.XSHG,601838.XSHG,601229.XSHG,601009.XSHG"
daily,2019-08-06,2019-08-07,5,0.6,0.0002905009718022544,"601998.XSHG,601166.XSHG,601838.XSHG,600919.XSHG,002142.XSHE"
daily,2019-08-07,2019-08-08,5,0.6,0.006688798009949171,"600919.XSHG,601998.XSHG,600926.XSHG,601229.XSHG,601398.XSHG"
daily,2019-08-08,2019-08-09,5,0.4,-0.0026016162886878915,"601998.XSHG,601939.XSHG,601398.XSHG,601166.XSHG,600926.XSHG"
daily,2019-08-09,2019-08-12,5,0.6,0.008438513034211548,"601009.XSHG,601998.XSHG,600926.XSHG,600919.XSHG,600015.XSHG"
daily,2019-08-12,2019-08-13,5,0.4,-0.010972425783013695,"600926.XSHG,601009.XSHG,601998.XSHG,601988.XSHG,601939.XSHG"
daily,2019-08-13,2019-08-14,5,0.8,-0.004495468732784636,"600926.XSHG,002142.XSHE,600000.XSHG,600919.XSHG,601997.XSHG"
daily,2019-08-14,2019-08-15,5,0.6,-0.0006794146785447319,"601009.XSHG,600926.XSHG,601998.XSHG,601988.XSHG,600000.XSHG"
daily,2019-08-15,2019-08-16,5,0.6,-0.0035336003304996975,"600000.XSHG,002142.XSHE,600926.XSHG,600016.XSHG,601818.XSHG"
daily,2019-08-16,2019-08-19,5,0.6,0.008411832778755813,"600926.XSHG,601988.XSHG,601229.XSHG,601998.XSHG,600016.XSHG"
daily,2019-08-19,2019-08-20,5,0.4,-0.0036398942196220084,"600000.XSHG,601998.XSHG,601838.XSHG,600016.XSHG,600926.XSHG"
daily,2019-08-20,2019-08-21,5,0.6,-0.003165044184608656,"600926.XSHG,600000.XSHG,601997.XSHG,601229.XSHG,601288.XSHG"
daily,2019-08-21,2019-08-22,5,0.19999999999999996,-0.001548314149920782,"600000.XSHG,600926.XSHG,601988.XSHG,601288.XSHG,601997.XSHG"
daily,2019-08-22,2019-08-23,5,0.19999999999999996,0.006222116028371039,"600926.XSHG,601997.XSHG,600000.XSHG,601988.XSHG,601009.XSHG"
daily,2019-08-23,2019-08-26,5,0.6,-0.007118297692921249,"600926.XSHG,601288.XSHG,601229.XSHG,601988.XSHG,600919.XSHG"
daily,2019-08-26,2019-08-27,5,0.6,0.01278078422088127,"601997.XSHG,601838.XSHG,600926.XSHG,601166.XSHG,600919.XSHG"
daily,2019-08-27,2019-08-28,5,0.8,-0.011572227761400922,"601166.XSHG,601009.XSHG,601998.XSHG,000001.XSHE,002142.XSHE"
daily,2019-08-28,2019-08-29,5,0.8,-0.0007166343723840063,"600919.XSHG,000001.XSHE,600926.XSHG,601229.XSHG,601818.XSHG"
daily,2019-08-29,2019-08-30,5,0.4,-0.0023680147257587603,"600919.XSHG,000001.XSHE,600926.XSHG,601288.XSHG,601997.XSHG"
daily,2019-08-30,2019-09-02,5,0.19999999999999996,0.006354120289888354,"000001.XSHE,601997.XSHG,600919.XSHG,601288.XSHG,601939.XSHG"
daily,2019-09-02,2019-09-03,5,0.6,-0.002475525826740865,"601229.XSHG,600919.XSHG,601818.XSHG,000001.XSHE,601166.XSHG"
daily,2019-09-03,2019-09-04,5,0.19999999999999996,0.01366608190751104,"600000.XSHG,600919.XSHG,000001.XSHE,601818.XSHG,601166.XSHG"
daily,2019-09-04,2019-09-05,5,0.19999999999999996,0.018515005788059914,"000001.XSHE,002142.XSHE,601166.XSHG,601818.XSHG,600000.XSHG"
daily,2019-09-05,2019-09-06,5,0.4,0.008888074290138003,"000001.XSHE,601166.XSHG,600036.XSHG,002142.XSHE,601229.XSHG"
daily,2019-09-06,2019-09-09,5,0.4,-0.002835308819535598,"002142.XSHE,601166.XSHG,601939.XSHG,000001.XSHE,601997.XSHG"
daily,2019-09-09,2019-09-10,5,0.6,-0.005506218826398767,"600919.XSHG,601939.XSHG,601818.XSHG,000001.XSHE,600015.XSHG"
daily,2019-09-10,2019-09-11,5,0.4,0.005309125986956431,"601009.XSHG,601818.XSHG,002142.XSHE,600919.XSHG,000001.XSHE"
daily,2019-09-11,2019-09-12,5,0.19999999999999996,0.004901062143970902,"601166.XSHG,000001.XSHE,002142.XSHE,601009.XSHG,600919.XSHG"
daily,2019-09-12,2019-09-16,5,0.19999999999999996,-0.005462333029258182,"601009.XSHG,002142.XSHE,600919.XSHG,601166.XSHG,601328.XSHG"
daily,2019-09-16,2019-09-17,5,0.4,-0.015303835941875055,"601939.XSHG,601166.XSHG,601009.XSHG,601288.XSHG,002142.XSHE"
daily,2019-09-17,2019-09-18,5,0.6,0.0008954773578471409,"601939.XSHG,601166.XSHG,000001.XSHE,600036.XSHG,601398.XSHG"
daily,2019-09-18,2019-09-19,5,0.6,0.0019110159211850775,"601009.XSHG,600926.XSHG,601398.XSHG,601838.XSHG,601939.XSHG"
daily,2019-09-19,2019-09-20,5,0.4,0.0012338302661836886,"600926.XSHG,601939.XSHG,601818.XSHG,601838.XSHG,601166.XSHG"
daily,2019-09-20,2019-09-23,5,0.4,-0.01093242576027742,"600926.XSHG,601166.XSHG,601009.XSHG,601939.XSHG,601997.XSHG"
daily,2019-09-23,2019-09-24,5,0.6,-0.002987616606224597,"601166.XSHG,601818.XSHG,601288.XSHG,600926.XSHG,600016.XSHG"
daily,2019-09-24,2019-09-25,5,0.6,0.001713980599804188,"600919.XSHG,600926.XSHG,601577.XSHG,601328.XSHG,601288.XSHG"
daily,2019-09-25,2019-09-26,5,0.8,0.014918264756434808,"601166.XSHG,601288.XSHG,601169.XSHG,601838.XSHG,601818.XSHG"
daily,2019-09-26,2019-09-27,5,0.6,0.0012311183144246619,"601328.XSHG,601288.XSHG,601939.XSHG,601169.XSHG,000001.XSHE"
daily,2019-09-27,2019-09-30,5,0.6,-0.010444632586696923,"601169.XSHG,000001.XSHE,600926.XSHG,601577.XSHG,600015.XSHG"
daily,2019-09-30,2019-10-08,5,0.6,0.009827008918972747,"601169.XSHG,601577.XSHG,601939.XSHG,600036.XSHG,601166.XSHG"
daily,2019-10-08,2019-10-09,5,0.6,0.008080037640345062,"601398.XSHG,601577.XSHG,601169.XSHG,601288.XSHG,600000.XSHG"
daily,2019-10-09,2019-10-10,5,0.6,-0.0014627175634300605,"601398.XSHG,601988.XSHG,000001.XSHE,601939.XSHG,601288.XSHG"
daily,2019-10-10,2019-10-11,5,0.6,0.02226949711410815,"601398.XSHG,000001.XSHE,600036.XSHG,601577.XSHG,601169.XSHG"
daily,2019-10-11,2019-10-14,5,0.6,0.012729457466525162,"002142.XSHE,000001.XSHE,601398.XSHG,601988.XSHG,601229.XSHG"
daily,2019-10-14,2019-10-15,5,0.4,-0.0019177001064165423,"000001.XSHE,600036.XSHG,002142.XSHE,601398.XSHG,601939.XSHG"
daily,2019-10-15,2019-10-16,5,0.4,-0.004945184601946729,"000001.XSHE,600036.XSHG,601398.XSHG,601166.XSHG,600926.XSHG"
daily,2019-10-16,2019-10-17,5,0.4,-0.003560008608993681,"600036.XSHG,000001.XSHE,601398.XSHG,002142.XSHE,601818.XSHG"
daily,2019-10-17,2019-10-18,5,0.4,-0.015935968689635628,"601398.XSHG,600036.XSHG,600016.XSHG,002142.XSHE,601166.XSHG"
daily,2019-10-18,2019-10-21,5,0.4,0.013981679260311663,"600036.XSHG,002142.XSHE,601939.XSHG,601988.XSHG,601398.XSHG"
daily,2019-10-21,2019-10-22,5,0.6,-0.0014903350503320477,"601229.XSHG,600036.XSHG,600016.XSHG,601169.XSHG,601988.XSHG"
daily,2019-10-22,2019-10-23,5,0.4,-0.001096166690347644,"600015.XSHG,600036.XSHG,601166.XSHG,601988.XSHG,600016.XSHG"
daily,2019-10-23,2019-10-24,5,0.8,0.007886472828855063,"002142.XSHE,601229.XSHG,601166.XSHG,601009.XSHG,600926.XSHG"
daily,2019-10-24,2019-10-25,5,0.6,-0.002164918599674448,"601009.XSHG,601818.XSHG,601169.XSHG,601229.XSHG,600036.XSHG"
daily,2019-10-25,2019-10-28,5,0.4,-0.007845493544829597,"600036.XSHG,601818.XSHG,601009.XSHG,000001.XSHE,600016.XSHG"
daily,2019-10-28,2019-10-29,5,0.4,-0.0018636997028034451,"002142.XSHE,601818.XSHG,600036.XSHG,601009.XSHG,601166.XSHG"
daily,2019-10-29,2019-10-30,5,0.19999999999999996,-0.002662831380939168,"601818.XSHG,600036.XSHG,600016.XSHG,601166.XSHG,002142.XSHE"
daily,2019-10-30,2019-10-31,5,0.8,-0.004630603453751636,"002142.XSHE,601998.XSHG,601009.XSHG,601328.XSHG,601988.XSHG"
daily,2019-10-31,2019-11-01,5,1.0,0.013103834470995768,"601229.XSHG,600000.XSHG,600016.XSHG,601398.XSHG,601166.XSHG"
daily,2019-11-01,2019-11-04,5,0.8,0.0012995090743496362,"601998.XSHG,601288.XSHG,601328.XSHG,601988.XSHG,601398.XSHG"
daily,2019-11-04,2019-11-05,5,0.6,0.011159877101550374,"601288.XSHG,000001.XSHE,601328.XSHG,601009.XSHG,600000.XSHG"
daily,2019-11-05,2019-11-06,5,0.6,0.004824742060148069,"601288.XSHG,002142.XSHE,000001.XSHE,601998.XSHG,601939.XSHG"
daily,2019-11-06,2019-11-07,5,0.6,-0.0052243636215211445,"601288.XSHG,601328.XSHG,601998.XSHG,601009.XSHG,600000.XSHG"
daily,2019-11-07,2019-11-08,5,0.8,-0.011753094621025117,"601998.XSHG,600015.XSHG,600036.XSHG,000001.XSHE,600016.XSHG"
daily,2019-11-08,2019-11-11,5,0.8,-0.021702059029828115,"601009.XSHG,601998.XSHG,601229.XSHG,601818.XSHG,600000.XSHG"
daily,2019-11-11,2019-11-12,5,0.4,0.002739463058234537,"600000.XSHG,601229.XSHG,601998.XSHG,601169.XSHG,002142.XSHE"
daily,2019-11-12,2019-11-13,5,0.8,-0.004044030637191609,"601998.XSHG,600015.XSHG,000001.XSHE,601009.XSHG,601398.XSHG"
daily,2019-11-13,2019-11-14,5,0.6,-0.004245954116939043,"601818.XSHG,600926.XSHG,601998.XSHG,600015.XSHG,601169.XSHG"
daily,2019-11-14,2019-11-15,5,0.8,0.0007007219921032481,"601009.XSHG,000001.XSHE,601398.XSHG,600000.XSHG,601998.XSHG"
daily,2019-11-15,2019-11-18,5,0.4,0.006536025898301911,"601998.XSHG,601009.XSHG,601169.XSHG,600000.XSHG,600016.XSHG"
daily,2019-11-18,2019-11-19,5,0.4,-0.0001536726701010238,"601998.XSHG,601997.XSHG,600000.XSHG,601009.XSHG,601398.XSHG"
daily,2019-11-19,2019-11-20,5,0.6,-0.021623126926948767,"601997.XSHG,601166.XSHG,600000.XSHG,600015.XSHG,601818.XSHG"
daily,2019-11-20,2019-11-21,5,1.0,-0.0037993094791114014,"601577.XSHG,601398.XSHG,601169.XSHG,601988.XSHG,601998.XSHG"
daily,2019-11-21,2019-11-22,5,0.8,-0.004422595818752329,"601169.XSHG,600926.XSHG,601997.XSHG,601838.XSHG,601229.XSHG"
daily,2019-11-22,2019-11-25,5,0.6,0.011262517560487018,"601169.XSHG,601009.XSHG,601166.XSHG,601998.XSHG,601838.XSHG"
daily,2019-11-25,2019-11-26,5,0.8,-0.003952551113308766,"601166.XSHG,601939.XSHG,600000.XSHG,600036.XSHG,600926.XSHG"
daily,2019-11-26,2019-11-27,5,0.6,-0.0033981923124477343,"601577.XSHG,601166.XSHG,601997.XSHG,601818.XSHG,601939.XSHG"
daily,2019-11-27,2019-11-28,5,0.8,-0.004446755090820864,"601818.XSHG,601988.XSHG,601328.XSHG,601169.XSHG,601229.XSHG"
daily,2019-11-28,2019-11-29,5,0.8,-0.006460128045315883,"601838.XSHG,601818.XSHG,601998.XSHG,600000.XSHG,600036.XSHG"
daily,2019-11-29,2019-12-02,5,0.6,0.001116724524649948,"601838.XSHG,601997.XSHG,600926.XSHG,601998.XSHG,600919.XSHG"
daily,2019-12-02,2019-12-03,5,0.6,0.004954466037973981,"601166.XSHG,600036.XSHG,600926.XSHG,601229.XSHG,601997.XSHG"
daily,2019-12-03,2019-12-04,5,0.4,-0.004272345328233995,"601838.XSHG,601997.XSHG,601577.XSHG,601229.XSHG,601166.XSHG"
daily,2019-12-04,2019-12-05,5,0.4,0.00732008121946377,"601997.XSHG,601577.XSHG,600919.XSHG,601838.XSHG,002142.XSHE"
daily,2019-12-05,2019-12-06,5,0.6,0.0033048252560447635,"601988.XSHG,601997.XSHG,601229.XSHG,600919.XSHG,601998.XSHG"
daily,2019-12-06,2019-12-09,5,0.6,0.0018890211165010883,"601229.XSHG,601288.XSHG,600919.XSHG,600926.XSHG,600015.XSHG"
daily,2019-12-09,2019-12-10,5,0.6,-0.0016230890114415253,"601997.XSHG,600000.XSHG,600919.XSHG,600015.XSHG,600036.XSHG"
daily,2019-12-10,2019-12-11,5,0.4,0.008420882037239296,"600000.XSHG,600016.XSHG,601166.XSHG,600015.XSHG,600919.XSHG"
daily,2019-12-11,2019-12-12,5,0.6,0.0008240535465246612,"601988.XSHG,600919.XSHG,600016.XSHG,600036.XSHG,601939.XSHG"
daily,2019-12-12,2019-12-13,5,0.6,0.026520910396907425,"002142.XSHE,000001.XSHE,600016.XSHG,601166.XSHG,600036.XSHG"
daily,2019-12-13,2019-12-16,5,0.8,-0.004929791610966539,"002142.XSHE,600926.XSHG,601398.XSHG,601818.XSHG,601009.XSHG"
daily,2019-12-16,2019-12-17,5,0.6,0.013160594588952846,"601288.XSHG,000001.XSHE,600036.XSHG,601818.XSHG,600926.XSHG"
daily,2019-12-17,2019-12-18,5,0.19999999999999996,-0.0012665193488766268,"002142.XSHE,601288.XSHG,601818.XSHG,000001.XSHE,600926.XSHG"
daily,2019-12-18,2019-12-19,5,0.19999999999999996,0.005099731292185261,"601818.XSHG,002142.XSHE,601288.XSHG,601988.XSHG,600926.XSHG"
daily,2019-12-19,2019-12-20,5,1.0,-0.002685655163993528,"600000.XSHG,601939.XSHG,601998.XSHG,600036.XSHG,601328.XSHG"
daily,2019-12-20,2019-12-23,5,0.6,-0.008010547134244917,"601288.XSHG,002142.XSHE,601939.XSHG,601988.XSHG,600036.XSHG"
daily,2019-12-23,2019-12-24,5,0.8,0.002936297385497122,"002142.XSHE,601398.XSHG,601998.XSHG,601818.XSHG,600016.XSHG"
daily,2019-12-24,2019-12-25,5,0.8,-0.003977541061537892,"601988.XSHG,601288.XSHG,601229.XSHG,601328.XSHG,601998.XSHG"
daily,2019-12-25,2019-12-26,5,0.6,0.006486015073523132,"600919.XSHG,600000.XSHG,600926.XSHG,601328.XSHG,601229.XSHG"
daily,2019-12-26,2019-12-27,5,0.19999999999999996,-0.0009161535632099316,"600919.XSHG,601229.XSHG,601998.XSHG,600000.XSHG,600926.XSHG"
daily,2019-12-27,2019-12-30,5,0.6,-0.002718569015413741,"600919.XSHG,601229.XSHG,002142.XSHE,601818.XSHG,601997.XSHG"
daily,2019-12-30,2019-12-31,5,0.6,0.0028656666465458392,"600919.XSHG,601229.XSHG,600926.XSHG,600016.XSHG,601838.XSHG"
daily,2019-12-31,2020-01-02,5,0.4,0.00880601012808473,"600926.XSHG,601229.XSHG,600919.XSHG,601997.XSHG,601939.XSHG"
daily,2020-01-02,2020-01-03,5,0.4,-0.003291334831182624,"601229.XSHG,601288.XSHG,601997.XSHG,601009.XSHG,600919.XSHG"
daily,2020-01-03,2020-01-06,5,0.0,-0.009344750333651097,"601288.XSHG,601229.XSHG,600919.XSHG,601009.XSHG,601997.XSHG"
daily,2020-01-06,2020-01-07,5,0.6,0.008663296940407595,"002142.XSHE,601838.XSHG,601009.XSHG,000001.XSHE,601229.XSHG"
daily,2020-01-07,2020-01-08,5,0.6,-0.01782789584810669,"002142.XSHE,601169.XSHG,601398.XSHG,601818.XSHG,601009.XSHG"
daily,2020-01-08,2020-01-09,5,0.6,0.0068775418308314904,"002142.XSHE,601818.XSHG,600036.XSHG,601288.XSHG,600919.XSHG"
daily,2020-01-09,2020-01-10,5,0.4,0.0018458343653806164,"601009.XSHG,601229.XSHG,600036.XSHG,601288.XSHG,600919.XSHG"
daily,2020-01-10,2020-01-13,5,0.4,-0.001351632245429557,"601009.XSHG,601229.XSHG,600919.XSHG,601988.XSHG,600000.XSHG"
daily,2020-01-13,2020-01-14,5,0.4,-0.0007780136087387479,"600919.XSHG,601988.XSHG,600015.XSHG,601328.XSHG,600000.XSHG"
daily,2020-01-14,2020-01-15,5,0.6,-0.005561682541320745,"600015.XSHG,601939.XSHG,601328.XSHG,601288.XSHG,601009.XSHG"
daily,2020-01-15,2020-01-16,5,0.19999999999999996,-0.007093083229772579,"601838.XSHG,601939.XSHG,601288.XSHG,601328.XSHG,601009.XSHG"
daily,2020-01-16,2020-01-17,5,0.6,-0.004117812368269025,"601838.XSHG,601328.XSHG,600016.XSHG,600919.XSHG,600926.XSHG"
daily,2020-01-17,2020-01-20,5,0.6,0.0037982371940696426,"601009.XSHG,600000.XSHG,601328.XSHG,601288.XSHG,601838.XSHG"
daily,2020-01-20,2020-01-21,5,0.6,-0.01537290285070909,"601288.XSHG,600926.XSHG,601009.XSHG,601166.XSHG,601169.XSHG"
daily,2020-01-21,2020-01-22,5,0.6,0.0012988633265602623,"600919.XSHG,601838.XSHG,600926.XSHG,002142.XSHE,601166.XSHG"
daily,2020-01-22,2020-01-23,5,0.6,-0.027811604909233067,"601838.XSHG,601229.XSHG,000001.XSHE,601166.XSHG,601009.XSHG"
daily,2020-01-23,2020-02-03,5,0.4,-0.08034032901414508,"601998.XSHG,601009.XSHG,601838.XSHG,600919.XSHG,000001.XSHE"
daily,2020-02-03,2020-02-04,5,0.6,0.029916083875328292,"601838.XSHG,601998.XSHG,600926.XSHG,002142.XSHE,601818.XSHG"
daily,2020-02-04,2020-02-05,5,0.4,-0.0015023016049474426,"601998.XSHG,601169.XSHG,601229.XSHG,601818.XSHG,601838.XSHG"
daily,2020-02-05,2020-02-06,5,0.4,0.005807012020536373,"601169.XSHG,601998.XSHG,601229.XSHG,600015.XSHG,601988.XSHG"
daily,2020-02-06,2020-02-07,5,0.4,5.802637055873916e-05,"601998.XSHG,601229.XSHG,601169.XSHG,601288.XSHG,600000.XSHG"
daily,2020-02-07,2020-02-10,5,0.6,-0.0027894687252504992,"601988.XSHG,601169.XSHG,600000.XSHG,601009.XSHG,601997.XSHG"
daily,2020-02-10,2020-02-11,5,0.8,0.005219543677508964,"601169.XSHG,601838.XSHG,601229.XSHG,601166.XSHG,600926.XSHG"
daily,2020-02-11,2020-02-12,5,0.4,0.0032321594068582373,"601229.XSHG,600016.XSHG,601838.XSHG,601169.XSHG,600000.XSHG"
daily,2020-02-12,2020-02-13,5,0.6,-0.007163306108277779,"601229.XSHG,601818.XSHG,601328.XSHG,601166.XSHG,601838.XSHG"
daily,2020-02-13,2020-02-14,5,0.6,0.005863883887706267,"601818.XSHG,601229.XSHG,600000.XSHG,600919.XSHG,600015.XSHG"
daily,2020-02-14,2020-02-17,5,0.19999999999999996,0.01935007506059021,"601229.XSHG,601818.XSHG,601169.XSHG,600919.XSHG,600000.XSHG"
daily,2020-02-17,2020-02-18,5,0.6,-0.00955104076935498,"601229.XSHG,601328.XSHG,601818.XSHG,002142.XSHE,601988.XSHG"
daily,2020-02-18,2020-02-19,5,0.4,0.0008900413978442323,"601229.XSHG,601818.XSHG,600000.XSHG,601169.XSHG,601328.XSHG"
daily,2020-02-19,2020-02-20,5,0.6,0.013423197142157894,"601229.XSHG,600000.XSHG,601166.XSHG,600036.XSHG,000001.XSHE"
daily,2020-02-20,2020-02-21,5,0.4,-0.0014074481609980482,"601229.XSHG,600000.XSHG,601988.XSHG,002142.XSHE,000001.XSHE"
daily,2020-02-21,2020-02-24,5,0.19999999999999996,-0.012383669757220916,"601229.XSHG,601288.XSHG,601988.XSHG,000001.XSHE,600000.XSHG"
daily,2020-02-24,2020-02-25,5,0.6,-0.010063299307140384,"600015.XSHG,601988.XSHG,601229.XSHG,601939.XSHG,600926.XSHG"
daily,2020-02-25,2020-02-26,5,0.19999999999999996,0.0037765551569475695,"601229.XSHG,601939.XSHG,601988.XSHG,000001.XSHE,600926.XSHG"
daily,2020-02-26,2020-02-27,5,0.4,0.0071314200539795095,"601939.XSHG,601229.XSHG,002142.XSHE,000001.XSHE,601009.XSHG"
daily,2020-02-27,2020-02-28,5,0.4,-0.025112994693692013,"002142.XSHE,601988.XSHG,600926.XSHG,601229.XSHG,601939.XSHG"
daily,2020-02-28,2020-03-02,5,0.4,0.027621868502351356,"002142.XSHE,600926.XSHG,601818.XSHG,601009.XSHG,601229.XSHG"
daily,2020-03-02,2020-03-03,5,0.4,0.0019886122073879743,"601818.XSHG,601939.XSHG,601229.XSHG,601009.XSHG,601288.XSHG"
daily,2020-03-03,2020-03-04,5,0.6,0.0014140628190964844,"002142.XSHE,601229.XSHG,601818.XSHG,601166.XSHG,600015.XSHG"
daily,2020-03-04,2020-03-05,5,0.6,0.019336235741119444,"601398.XSHG,601169.XSHG,601818.XSHG,601838.XSHG,600015.XSHG"
daily,2020-03-05,2020-03-06,5,0.8,-0.01075369084063107,"601288.XSHG,601988.XSHG,601398.XSHG,002142.XSHE,601229.XSHG"
daily,2020-03-06,2020-03-09,5,0.4,-0.017426868983268284,"002142.XSHE,600928.XSHG,601328.XSHG,601398.XSHG,601288.XSHG"
daily,2020-03-09,2020-03-10,5,0.6,0.006337889422853538,"600928.XSHG,002142.XSHE,600926.XSHG,601988.XSHG,601229.XSHG"
daily,2020-03-10,2020-03-11,5,0.6,-0.00704761327627097,"600928.XSHG,000001.XSHE,600036.XSHG,601838.XSHG,600926.XSHG"
daily,2020-03-11,2020-03-12,5,0.4,-0.00418879413915676,"002142.XSHE,000001.XSHE,600928.XSHG,600926.XSHG,600016.XSHG"
daily,2020-03-12,2020-03-13,5,0.4,-0.004576973222185932,"601988.XSHG,600928.XSHG,601328.XSHG,600926.XSHG,000001.XSHE"
daily,2020-03-13,2020-03-16,5,0.6,-0.03801188110827949,"000001.XSHE,600928.XSHG,002142.XSHE,601939.XSHG,601838.XSHG"
daily,2020-03-16,2020-03-17,5,0.6,-0.001967268730553795,"600928.XSHG,601818.XSHG,601838.XSHG,601009.XSHG,600000.XSHG"
daily,2020-03-17,2020-03-18,5,0.4,-0.02549851635321503,"600928.XSHG,600926.XSHG,601838.XSHG,601009.XSHG,601997.XSHG"
daily,2020-03-18,2020-03-19,5,0.6,-0.020458315076399412,"600928.XSHG,601997.XSHG,600000.XSHG,601939.XSHG,601398.XSHG"
daily,2020-03-19,2020-03-20,5,0.6,0.009735328877652893,"002958.XSHE,600928.XSHG,601997.XSHG,601838.XSHG,600919.XSHG"
daily,2020-03-20,2020-03-23,5,0.0,-0.03622549265315043,"002958.XSHE,600928.XSHG,601838.XSHG,600919.XSHG,601997.XSHG"
daily,2020-03-23,2020-03-24,5,0.6,0.016630686681021543,"601838.XSHG,002958.XSHE,601398.XSHG,601009.XSHG,601229.XSHG"
daily,2020-03-24,2020-03-25,5,0.4,0.01096909396988548,"002958.XSHE,601009.XSHG,600919.XSHG,601838.XSHG,601328.XSHG"
daily,2020-03-25,2020-03-26,5,0.0,-0.00903659065252529,"601328.XSHG,601838.XSHG,600919.XSHG,601009.XSHG,002958.XSHE"
daily,2020-03-26,2020-03-27,5,1.0,-0.0010169264968448387,"601229.XSHG,002142.XSHE,600036.XSHG,601398.XSHG,601288.XSHG"
daily,2020-03-27,2020-03-30,5,0.8,-0.011212565527571283,"000001.XSHE,002142.XSHE,601166.XSHG,601838.XSHG,601328.XSHG"
daily,2020-03-30,2020-03-31,5,0.4,-0.011191154606759568,"000001.XSHE,600036.XSHG,601169.XSHG,601166.XSHG,601838.XSHG"
daily,2020-03-31,2020-04-01,5,0.4,0.0013491083546674609,"000001.XSHE,600036.XSHG,600015.XSHG,601166.XSHG,601009.XSHG"
daily,2020-04-01,2020-04-02,5,0.6,0.006777336166475134,"601939.XSHG,000001.XSHE,601169.XSHG,600036.XSHG,601398.XSHG"
daily,2020-04-02,2020-04-03,5,0.6,-0.006147589560616984,"601939.XSHG,600036.XSHG,600926.XSHG,601328.XSHG,600000.XSHG"
daily,2020-04-03,2020-04-07,5,0.19999999999999996,0.008639747192224023,"601328.XSHG,600036.XSHG,600015.XSHG,601939.XSHG,600000.XSHG"
daily,2020-04-07,2020-04-08,5,0.4,-0.0049105468049954306,"600036.XSHG,600015.XSHG,601288.XSHG,600000.XSHG,601229.XSHG"
daily,2020-04-08,2020-04-09,5,0.4,-0.00026609876488377094,"600015.XSHG,601169.XSHG,601229.XSHG,600926.XSHG,600036.XSHG"
daily,2020-04-09,2020-04-10,5,0.6,-0.00098598040368425,"601229.XSHG,601166.XSHG,600015.XSHG,601288.XSHG,601939.XSHG"
daily,2020-04-10,2020-04-13,5,0.4,-0.003201126407058963,"601328.XSHG,601229.XSHG,601939.XSHG,601288.XSHG,600000.XSHG"
daily,2020-04-13,2020-04-14,5,0.4,0.01078417988337894,"600036.XSHG,600926.XSHG,601328.XSHG,601229.XSHG,600000.XSHG"
daily,2020-04-14,2020-04-15,5,0.8,-0.002408984887717058,"600926.XSHG,601288.XSHG,601398.XSHG,601939.XSHG,601009.XSHG"
daily,2020-04-15,2020-04-16,5,0.6,-0.002424834745154714,"600036.XSHG,601939.XSHG,600015.XSHG,601166.XSHG,600926.XSHG"
daily,2020-04-16,2020-04-17,5,0.4,0.0068824797319351205,"601398.XSHG,601818.XSHG,601939.XSHG,600926.XSHG,600036.XSHG"
daily,2020-04-17,2020-04-20,5,0.8,-0.004517788920944876,"002958.XSHE,601229.XSHG,601288.XSHG,601398.XSHG,601328.XSHG"
daily,2020-04-20,2020-04-21,5,0.6,-0.0064744427568756095,"002958.XSHE,600036.XSHG,601009.XSHG,601939.XSHG,601398.XSHG"
daily,2020-04-21,2020-04-22,5,0.4,-0.003610819620485639,"002958.XSHE,601009.XSHG,002142.XSHE,600036.XSHG,601166.XSHG"
daily,2020-04-22,2020-04-23,5,0.6,-0.0035347548234051286,"600926.XSHG,002142.XSHE,601939.XSHG,600036.XSHG,601997.XSHG"
daily,2020-04-23,2020-04-24,5,0.4,-0.010298786464552933,"601009.XSHG,600036.XSHG,002958.XSHE,600926.XSHG,601997.XSHG"
daily,2020-04-24,2020-04-27,5,0.8,0.018411865487337177,"002142.XSHE,601288.XSHG,601009.XSHG,601939.XSHG,601398.XSHG"
daily,2020-04-27,2020-04-28,5,0.8,0.0009423302419784285,"600016.XSHG,601398.XSHG,601328.XSHG,000001.XSHE,601988.XSHG"
daily,2020-04-28,2020-04-29,5,0.6,0.02448093121376029,"600016.XSHG,002142.XSHE,601988.XSHG,600036.XSHG,601166.XSHG"
daily,2020-04-29,2020-04-30,5,0.4,0.001459074564040086,"601988.XSHG,601398.XSHG,002142.XSHE,600016.XSHG,000001.XSHE"
daily,2020-04-30,2020-05-06,5,0.19999999999999996,-0.010168695144955265,"002142.XSHE,601939.XSHG,000001.XSHE,601398.XSHG,601988.XSHG"
daily,2020-05-06,2020-05-07,5,0.6,-0.0021820201003060146,"002142.XSHE,002958.XSHE,601838.XSHG,000001.XSHE,601997.XSHG"
daily,2020-05-07,2020-05-08,5,0.6,0.01190850438236164,"002142.XSHE,600036.XSHG,601398.XSHG,600016.XSHG,000001.XSHE"
daily,2020-05-08,2020-05-11,5,0.8,-0.002985363558722276,"601988.XSHG,600919.XSHG,601169.XSHG,600016.XSHG,601838.XSHG"
daily,2020-05-11,2020-05-12,5,0.6,-0.008965417727022617,"601988.XSHG,600015.XSHG,600016.XSHG,000001.XSHE,600036.XSHG"
daily,2020-05-12,2020-05-13,5,0.8,-0.001646176696768986,"002958.XSHE,600919.XSHG,000001.XSHE,601838.XSHG,601818.XSHG"
daily,2020-05-13,2020-05-14,5,0.8,-0.009189932410132662,"601398.XSHG,002958.XSHE,601288.XSHG,601988.XSHG,601166.XSHG"
daily,2020-05-14,2020-05-15,5,0.6,-0.0032843908286504186,"601988.XSHG,601169.XSHG,601818.XSHG,600919.XSHG,002958.XSHE"
daily,2020-05-15,2020-05-18,5,0.6,0.001353744494506892,"601988.XSHG,600015.XSHG,600919.XSHG,600000.XSHG,601166.XSHG"
daily,2020-05-18,2020-05-19,5,0.4,0.00393624140299198,"600015.XSHG,002958.XSHE,601988.XSHG,600016.XSHG,600919.XSHG"
daily,2020-05-19,2020-05-20,5,0.4,0.009353189119097128,"002958.XSHE,600015.XSHG,600000.XSHG,601998.XSHG,601988.XSHG"
daily,2020-05-20,2020-05-21,5,0.6,-0.00570348646649288,"600015.XSHG,601988.XSHG,601328.XSHG,600016.XSHG,601818.XSHG"
daily,2020-05-21,2020-05-22,5,0.6,-0.012865492597217098,"601818.XSHG,601998.XSHG,600919.XSHG,601169.XSHG,600016.XSHG"
daily,2020-05-22,2020-05-25,5,0.8,-0.00537953267068505,"002142.XSHE,002958.XSHE,600015.XSHG,600919.XSHG,601997.XSHG"
daily,2020-05-25,2020-05-26,5,0.4,0.0060648661256177405,"002958.XSHE,601169.XSHG,000001.XSHE,601997.XSHG,002142.XSHE"
daily,2020-05-26,2020-05-27,5,0.19999999999999996,0.0029031020797363415,"002958.XSHE,002142.XSHE,601998.XSHG,601997.XSHG,000001.XSHE"
daily,2020-05-27,2020-05-28,5,0.4,0.015974873289187074,"002142.XSHE,601998.XSHG,600015.XSHG,601166.XSHG,000001.XSHE"
daily,2020-05-28,2020-05-29,5,0.8,-0.00635893256446729,"601998.XSHG,601169.XSHG,601997.XSHG,600919.XSHG,600016.XSHG"
daily,2020-05-29,2020-06-01,5,0.6,0.010672078708732925,"600926.XSHG,000001.XSHE,600919.XSHG,601997.XSHG,601009.XSHG"
daily,2020-06-01,2020-06-02,5,0.4,0.00435208935150333,"601818.XSHG,601229.XSHG,600919.XSHG,600926.XSHG,601009.XSHG"
daily,2020-06-02,2020-06-03,5,0.4,-0.0031116367972230607,"600926.XSHG,601838.XSHG,601288.XSHG,601009.XSHG,600919.XSHG"
daily,2020-06-03,2020-06-04,5,0.8,-0.004818297364122315,"601229.XSHG,601818.XSHG,601997.XSHG,600926.XSHG,601328.XSHG"
daily,2020-06-04,2020-06-05,5,0.6,0.0008659634654667014,"601229.XSHG,002142.XSHE,600036.XSHG,601818.XSHG,601009.XSHG"
daily,2020-06-05,2020-06-08,5,0.19999999999999996,-0.001633359626564901,"002142.XSHE,000001.XSHE,601009.XSHG,601818.XSHG,601229.XSHG"
daily,2020-06-08,2020-06-09,5,0.6,0.005456786223745236,"601009.XSHG,002958.XSHE,601997.XSHG,601229.XSHG,601838.XSHG"
daily,2020-06-09,2020-06-10,5,0.8,-0.007849532404527371,"000001.XSHE,600036.XSHG,601009.XSHG,601328.XSHG,601988.XSHG"
daily,2020-06-10,2020-06-11,5,0.8,-0.00846520720385191,"601998.XSHG,600036.XSHG,002958.XSHE,002142.XSHE,601818.XSHG"
daily,2020-06-11,2020-06-12,5,0.6,0.0003874630933454748,"601818.XSHG,601998.XSHG,600926.XSHG,601988.XSHG,601169.XSHG"
daily,2020-06-12,2020-06-15,5,0.19999999999999996,-0.013001564114342301,"600926.XSHG,601818.XSHG,601169.XSHG,601009.XSHG,601988.XSHG"
daily,2020-06-15,2020-06-16,5,0.6,0.004292308767494335,"601818.XSHG,601009.XSHG,600919.XSHG,601577.XSHG,000001.XSHE"
daily,2020-06-16,2020-06-17,5,0.8,0.007402512619570168,"601838.XSHG,600926.XSHG,601818.XSHG,601328.XSHG,601939.XSHG"
daily,2020-06-17,2020-06-18,5,0.6,-0.005881120068010936,"601398.XSHG,601229.XSHG,601939.XSHG,601988.XSHG,601818.XSHG"
daily,2020-06-18,2020-06-19,5,0.6,0.007553067638337563,"002958.XSHE,601838.XSHG,601229.XSHG,601988.XSHG,600000.XSHG"
daily,2020-06-19,2020-06-22,5,0.6,-0.00572026511294077,"601577.XSHG,601838.XSHG,601229.XSHG,601939.XSHG,600926.XSHG"
daily,2020-06-22,2020-06-23,5,0.6,-0.006619332113477006,"600926.XSHG,601229.XSHG,600000.XSHG,601988.XSHG,600016.XSHG"
daily,2020-06-23,2020-06-24,5,0.8,0.011089590476109601,"600926.XSHG,601009.XSHG,601169.XSHG,600015.XSHG,601577.XSHG"
daily,2020-06-24,2020-06-29,5,0.6,-0.004340753589504143,"601229.XSHG,601009.XSHG,600015.XSHG,600016.XSHG,600000.XSHG"
daily,2020-06-29,2020-06-30,5,0.8,0.006299981128948984,"601838.XSHG,601169.XSHG,601229.XSHG,002958.XSHE,600926.XSHG"
daily,2020-06-30,2020-07-01,5,0.8,0.02060955151645145,"601166.XSHG,601169.XSHG,600036.XSHG,600016.XSHG,601009.XSHG"
daily,2020-07-01,2020-07-02,5,0.8,0.020682587506946692,"601229.XSHG,601398.XSHG,601288.XSHG,601009.XSHG,601988.XSHG"
daily,2020-07-02,2020-07-03,5,0.19999999999999996,0.02391129374845926,"601398.XSHG,002142.XSHE,601009.XSHG,601229.XSHG,601288.XSHG"
daily,2020-07-03,2020-07-06,5,0.4,0.09042527065574668,"601398.XSHG,002142.XSHE,601166.XSHG,601288.XSHG,600926.XSHG"
daily,2020-07-06,2020-07-07,5,0.4,0.02273025605148098,"002958.XSHE,002142.XSHE,600036.XSHG,601398.XSHG,601288.XSHG"
daily,2020-07-07,2020-07-08,5,0.19999999999999996,0.01757228615324562,"002958.XSHE,002142.XSHE,601288.XSHG,601398.XSHG,000001.XSHE"
daily,2020-07-08,2020-07-09,5,0.6,-0.00633460047415686,"002142.XSHE,000001.XSHE,601939.XSHG,601009.XSHG,601166.XSHG"
daily,2020-07-09,2020-07-10,5,0.19999999999999996,-0.03817608154954131,"000001.XSHE,601939.XSHG,002142.XSHE,601998.XSHG,601009.XSHG"
daily,2020-07-10,2020-07-13,5,0.19999999999999996,-0.0010116320804455237,"002142.XSHE,601998.XSHG,000001.XSHE,601169.XSHG,601009.XSHG"
daily,2020-07-13,2020-07-14,5,0.4,-0.01873294626143196,"601998.XSHG,000001.XSHE,601997.XSHG,601169.XSHG,601838.XSHG"
daily,2020-07-14,2020-07-15,5,0.6,-0.020086180487931826,"601998.XSHG,600926.XSHG,601009.XSHG,002142.XSHE,601997.XSHG"
daily,2020-07-15,2020-07-16,5,0.19999999999999996,-0.006878126224254299,"601998.XSHG,601997.XSHG,600926.XSHG,601169.XSHG,002142.XSHE"
daily,2020-07-16,2020-07-17,5,0.4,-0.006245122247262836,"601998.XSHG,601169.XSHG,601997.XSHG,601166.XSHG,600015.XSHG"
daily,2020-07-17,2020-07-20,5,0.4,0.03250974562147926,"601997.XSHG,601169.XSHG,600926.XSHG,601998.XSHG,601939.XSHG"
daily,2020-07-20,2020-07-21,5,0.4,-0.008980955414178027,"601998.XSHG,601988.XSHG,601169.XSHG,601939.XSHG,600919.XSHG"
daily,2020-07-21,2020-07-22,5,0.6,-0.001392159429843076,"601998.XSHG,601988.XSHG,601229.XSHG,601166.XSHG,002142.XSHE"
daily,2020-07-22,2020-07-23,5,0.4,-0.00839679622684757,"601998.XSHG,002142.XSHE,601229.XSHG,601939.XSHG,601009.XSHG"
daily,2020-07-23,2020-07-24,5,0.8,-0.028724295332138494,"601998.XSHG,601997.XSHG,601169.XSHG,600926.XSHG,600919.XSHG"
daily,2020-07-24,2020-07-27,5,0.4,-0.002447564707382388,"601998.XSHG,601169.XSHG,600015.XSHG,601997.XSHG,601818.XSHG"
daily,2020-07-27,2020-07-28,5,0.4,0.0014581062753475482,"601998.XSHG,601169.XSHG,601229.XSHG,601997.XSHG,600919.XSHG"
daily,2020-07-28,2020-07-29,5,0.0,0.014271958431802423,"601169.XSHG,601998.XSHG,601229.XSHG,600919.XSHG,601997.XSHG"
daily,2020-07-29,2020-07-30,5,0.19999999999999996,-0.008057690153251817,"601169.XSHG,600919.XSHG,600015.XSHG,601998.XSHG,601997.XSHG"
daily,2020-07-30,2020-07-31,5,0.19999999999999996,-0.0013326668148689214,"601998.XSHG,600015.XSHG,002966.XSHE,601169.XSHG,600919.XSHG"
daily,2020-07-31,2020-08-03,5,0.19999999999999996,0.011364077920917603,"600919.XSHG,601998.XSHG,601169.XSHG,600926.XSHG,600015.XSHG"
daily,2020-08-03,2020-08-04,5,0.6,0.023418981114302274,"601229.XSHG,601169.XSHG,002958.XSHE,601009.XSHG,600919.XSHG"
daily,2020-08-04,2020-08-05,5,0.4,-0.014292947345307394,"601229.XSHG,601169.XSHG,600016.XSHG,002958.XSHE,601398.XSHG"
daily,2020-08-05,2020-08-06,5,0.6,0.0012546802948206538,"601398.XSHG,601229.XSHG,601939.XSHG,600015.XSHG,601988.XSHG"
daily,2020-08-06,2020-08-07,5,0.6,-0.011333131886810155,"601169.XSHG,601229.XSHG,600919.XSHG,601939.XSHG,002958.XSHE"
daily,2020-08-07,2020-08-10,5,0.4,0.008454300783105672,"601939.XSHG,002958.XSHE,000001.XSHE,601229.XSHG,601577.XSHG"
daily,2020-08-10,2020-08-11,5,0.4,-0.0031260666573972975,"601577.XSHG,002958.XSHE,601939.XSHG,601398.XSHG,601169.XSHG"
daily,2020-08-11,2020-08-12,5,0.4,0.0034638217618847998,"601939.XSHG,601288.XSHG,002958.XSHE,601398.XSHG,600000.XSHG"
daily,2020-08-12,2020-08-13,5,0.6,-0.002273392685344033,"002958.XSHE,600000.XSHG,601818.XSHG,600036.XSHG,601229.XSHG"
daily,2020-08-13,2020-08-14,5,0.8,0.009981319305049663,"601939.XSHG,600000.XSHG,601398.XSHG,000001.XSHE,601328.XSHG"
daily,2020-08-14,2020-08-17,5,0.4,0.03176237205065595,"600036.XSHG,000001.XSHE,600000.XSHG,601328.XSHG,002958.XSHE"
daily,2020-08-17,2020-08-18,5,0.4,-0.0012923662096258725,"601838.XSHG,600036.XSHG,002958.XSHE,002142.XSHE,600000.XSHG"
daily,2020-08-18,2020-08-19,5,0.4,-0.007724363885634333,"600036.XSHG,002142.XSHE,002958.XSHE,000001.XSHE,601328.XSHG"
daily,2020-08-19,2020-08-20,5,0.4,-0.010340382538217984,"600036.XSHG,601939.XSHG,601398.XSHG,601328.XSHG,002958.XSHE"
daily,2020-08-20,2020-08-21,5,0.4,0.005968762998797672,"002958.XSHE,601229.XSHG,601328.XSHG,601398.XSHG,002142.XSHE"
daily,2020-08-21,2020-08-24,5,0.6,-0.006521186955824909,"601818.XSHG,601939.XSHG,002958.XSHE,002966.XSHE,601398.XSHG"
daily,2020-08-24,2020-08-25,5,0.19999999999999996,-0.005309626334373152,"601398.XSHG,601939.XSHG,002958.XSHE,601288.XSHG,002966.XSHE"
daily,2020-08-25,2020-08-26,5,0.6,-0.0053543188127647134,"601328.XSHG,601288.XSHG,601939.XSHG,601166.XSHG,601169.XSHG"
daily,2020-08-26,2020-08-27,5,0.8,-0.0018940865731540634,"002966.XSHE,002958.XSHE,000001.XSHE,601328.XSHG,601009.XSHG"
daily,2020-08-27,2020-08-28,5,0.6,0.03206147901836505,"601009.XSHG,002966.XSHE,601577.XSHG,601997.XSHG,002142.XSHE"
daily,2020-08-28,2020-08-31,5,0.6,-0.012667882640425265,"002958.XSHE,002966.XSHE,601939.XSHG,601009.XSHG,601328.XSHG"
daily,2020-08-31,2020-09-01,5,0.6,0.0029525748029581413,"002958.XSHE,601577.XSHG,601838.XSHG,002966.XSHE,600919.XSHG"
daily,2020-09-01,2020-09-02,5,0.19999999999999996,-0.0070633506376144295,"601838.XSHG,601577.XSHG,002958.XSHE,000001.XSHE,002966.XSHE"
daily,2020-09-02,2020-09-03,5,0.19999999999999996,-0.0012949467951096638,"601577.XSHG,002966.XSHE,601838.XSHG,002958.XSHE,600919.XSHG"
daily,2020-09-03,2020-09-04,5,0.19999999999999996,-0.004416293448047859,"601838.XSHG,601577.XSHG,600919.XSHG,002966.XSHE,600926.XSHG"
daily,2020-09-04,2020-09-07,5,0.4,-0.0064669285997211775,"601577.XSHG,601838.XSHG,002966.XSHE,601009.XSHG,601166.XSHG"
daily,2020-09-07,2020-09-08,5,0.19999999999999996,0.019859604764876693,"601838.XSHG,601577.XSHG,002966.XSHE,601009.XSHG,601997.XSHG"
daily,2020-09-08,2020-09-09,5,0.4,-0.006534180463050099,"601009.XSHG,601577.XSHG,601838.XSHG,002958.XSHE,600015.XSHG"
daily,2020-09-09,2020-09-10,5,0.19999999999999996,0.011424518463177158,"601009.XSHG,601577.XSHG,601838.XSHG,002966.XSHE,002958.XSHE"
daily,2020-09-10,2020-09-11,5,0.6,-0.013175157940470129,"601009.XSHG,601577.XSHG,600919.XSHG,601997.XSHG,601288.XSHG"
daily,2020-09-11,2020-09-14,5,0.4,0.012700660829234356,"601838.XSHG,601009.XSHG,601577.XSHG,601288.XSHG,601166.XSHG"
daily,2020-09-14,2020-09-15,5,0.6,0.00093997118915925,"601988.XSHG,601577.XSHG,000001.XSHE,601288.XSHG,600016.XSHG"
daily,2020-09-15,2020-09-16,5,0.8,0.005003833930936707,"601997.XSHG,002966.XSHE,600015.XSHG,601398.XSHG,600016.XSHG"
daily,2020-09-16,2020-09-17,5,1.0,-0.006528662167303389,"601009.XSHG,601838.XSHG,601988.XSHG,601577.XSHG,601166.XSHG"
daily,2020-09-17,2020-09-18,5,0.4,0.02087926532691884,"601009.XSHG,601577.XSHG,601988.XSHG,601997.XSHG,600015.XSHG"
daily,2020-09-18,2020-09-21,5,0.6,-0.008549670369405682,"601009.XSHG,600015.XSHG,600926.XSHG,002142.XSHE,601838.XSHG"
daily,2020-09-21,2020-09-22,5,0.4,-0.014113821322110653,"601009.XSHG,002142.XSHE,600919.XSHG,601169.XSHG,601838.XSHG"
daily,2020-09-22,2020-09-23,5,0.6,-0.009172975830249985,"601009.XSHG,600926.XSHG,601166.XSHG,601398.XSHG,601838.XSHG"
daily,2020-09-23,2020-09-24,5,0.6,-0.022717845014911097,"002142.XSHE,601577.XSHG,601166.XSHG,600926.XSHG,000001.XSHE"
daily,2020-09-24,2020-09-25,5,0.8,-0.002602231798807808,"601838.XSHG,002958.XSHE,601577.XSHG,601997.XSHG,600919.XSHG"
daily,2020-09-25,2020-09-28,5,0.8,0.0033237706342422514,"002936.XSHE,601988.XSHG,601229.XSHG,601009.XSHG,002958.XSHE"
daily,2020-09-28,2020-09-29,5,0.6,-0.0016591566086598952,"002936.XSHE,601577.XSHG,002958.XSHE,600015.XSHG,601166.XSHG"
daily,2020-09-29,2020-09-30,5,0.6,-0.01258878949198503,"002936.XSHE,002958.XSHE,601229.XSHG,601169.XSHG,601997.XSHG"
daily,2020-09-30,2020-10-09,5,0.4,0.010722293810430017,"601577.XSHG,002936.XSHE,601838.XSHG,002958.XSHE,601997.XSHG"
daily,2020-10-09,2020-10-12,5,0.4,0.022610351837182963,"002958.XSHE,002936.XSHE,601229.XSHG,601838.XSHG,002966.XSHE"
daily,2020-10-12,2020-10-13,5,0.4,-0.002867016537061939,"601838.XSHG,600919.XSHG,002936.XSHE,600926.XSHG,002958.XSHE"
daily,2020-10-13,2020-10-14,5,0.8,-0.002176714549198944,"600000.XSHG,002958.XSHE,601577.XSHG,601169.XSHG,002966.XSHE"
daily,2020-10-14,2020-10-15,5,0.4,0.012987087163428824,"000001.XSHE,002958.XSHE,002966.XSHE,600919.XSHG,601577.XSHG"
daily,2020-10-15,2020-10-16,5,0.6,0.007695404471299083,"601988.XSHG,002966.XSHE,601288.XSHG,002958.XSHE,601009.XSHG"
daily,2020-10-16,2020-10-19,5,0.6,0.001557395040855214,"002966.XSHE,002958.XSHE,002142.XSHE,600928.XSHG,600926.XSHG"
daily,2020-10-19,2020-10-20,5,0.4,-0.007897195301212512,"002966.XSHE,600928.XSHG,002958.XSHE,600036.XSHG,600000.XSHG"
daily,2020-10-20,2020-10-21,5,0.6,0.01938844276542202,"600036.XSHG,002966.XSHE,000001.XSHE,601009.XSHG,600926.XSHG"
daily,2020-10-21,2020-10-22,5,0.4,-0.006273647047492226,"600036.XSHG,000001.XSHE,002966.XSHE,601988.XSHG,002958.XSHE"
daily,2020-10-22,2020-10-23,5,0.6,0.003781726648886763,"600928.XSHG,601988.XSHG,002958.XSHE,002142.XSHE,601009.XSHG"
daily,2020-10-23,2020-10-26,5,0.4,-0.015793157054800222,"600036.XSHG,002142.XSHE,002958.XSHE,601988.XSHG,601939.XSHG"
daily,2020-10-26,2020-10-27,5,0.4,-0.004119023730761895,"600036.XSHG,601939.XSHG,601398.XSHG,601988.XSHG,600928.XSHG"
daily,2020-10-27,2020-10-28,5,0.8,-0.012116715980296622,"601009.XSHG,600928.XSHG,002966.XSHE,601288.XSHG,601818.XSHG"
daily,2020-10-28,2020-10-29,5,0.8,-0.004451386114351785,"601288.XSHG,601169.XSHG,601939.XSHG,601988.XSHG,600015.XSHG"
daily,2020-10-29,2020-10-30,5,0.6,-0.010594984038856836,"000001.XSHE,600015.XSHG,002966.XSHE,601939.XSHG,601997.XSHG"
daily,2020-10-30,2020-11-02,5,0.8,-0.005480505081301668,"600036.XSHG,601939.XSHG,601328.XSHG,601988.XSHG,600016.XSHG"
daily,2020-11-02,2020-11-03,5,0.8,0.010624701507900935,"601988.XSHG,601818.XSHG,002966.XSHE,601398.XSHG,601166.XSHG"
daily,2020-11-03,2020-11-04,5,0.4,0.0017275245010648587,"601997.XSHG,601398.XSHG,601988.XSHG,601229.XSHG,002966.XSHE"
daily,2020-11-04,2020-11-05,5,0.4,0.0027644777353673434,"601229.XSHG,002966.XSHE,601939.XSHG,601288.XSHG,601997.XSHG"
daily,2020-11-05,2020-11-06,5,0.6,-0.002234218670635135,"601997.XSHG,601166.XSHG,601229.XSHG,600016.XSHG,601328.XSHG"
daily,2020-11-06,2020-11-09,5,0.8,0.010721689887384356,"601997.XSHG,002958.XSHE,600036.XSHG,601838.XSHG,601818.XSHG"
daily,2020-11-09,2020-11-10,5,0.4,0.010599394753906899,"601818.XSHG,600036.XSHG,601997.XSHG,000001.XSHE,601166.XSHG"
daily,2020-11-10,2020-11-11,5,0.6,0.008995365306225,"601229.XSHG,002142.XSHE,601997.XSHG,600036.XSHG,601288.XSHG"
daily,2020-11-11,2020-11-12,5,0.6,-0.013648697864166425,"601229.XSHG,601577.XSHG,002958.XSHE,601009.XSHG,002142.XSHE"
daily,2020-11-12,2020-11-13,5,0.8,-0.02181696166115348,"601838.XSHG,601166.XSHG,601009.XSHG,601997.XSHG,601939.XSHG"
daily,2020-11-13,2020-11-16,5,0.8,0.008663763568096661,"002958.XSHE,601997.XSHG,601229.XSHG,601577.XSHG,600926.XSHG"
daily,2020-11-16,2020-11-17,5,0.6,0.012883390938233142,"601838.XSHG,601997.XSHG,002966.XSHE,600000.XSHG,601577.XSHG"
daily,2020-11-17,2020-11-18,5,0.8,0.012068582301859943,"601398.XSHG,601009.XSHG,601939.XSHG,600015.XSHG,601838.XSHG"
daily,2020-11-18,2020-11-19,5,0.6,0.019943275793562254,"601838.XSHG,601229.XSHG,601398.XSHG,600926.XSHG,600036.XSHG"
daily,2020-11-19,2020-11-20,5,0.6,-0.0023860970935576597,"601229.XSHG,600016.XSHG,601328.XSHG,601988.XSHG,600036.XSHG"
daily,2020-11-20,2020-11-23,5,0.6,0.016867861495140524,"000001.XSHE,600036.XSHG,601009.XSHG,601916.XSHG,601229.XSHG"
daily,2020-11-23,2020-11-24,5,0.4,-0.010403916734850882,"600926.XSHG,000001.XSHE,002142.XSHE,600036.XSHG,601229.XSHG"
daily,2020-11-24,2020-11-25,5,0.4,-0.01348476250595465,"600926.XSHG,601009.XSHG,000001.XSHE,002142.XSHE,600919.XSHG"
daily,2020-11-25,2020-11-26,5,0.6,0.018772769928026546,"600926.XSHG,000001.XSHE,601166.XSHG,600036.XSHG,601838.XSHG"
daily,2020-11-26,2020-11-27,5,0.6,0.02141097517247368,"601009.XSHG,000001.XSHE,600926.XSHG,601077.XSHG,601229.XSHG"
daily,2020-11-27,2020-11-30,5,0.6,-0.0062192372133731185,"000001.XSHE,002142.XSHE,600036.XSHG,601166.XSHG,600926.XSHG"
daily,2020-11-30,2020-12-01,5,0.0,0.020578271950541717,"002142.XSHE,000001.XSHE,600926.XSHG,601166.XSHG,600036.XSHG"
daily,2020-12-01,2020-12-02,5,0.4,-0.008465062083975416,"601166.XSHG,601818.XSHG,002142.XSHE,000001.XSHE,600000.XSHG"
daily,2020-12-02,2020-12-03,5,0.19999999999999996,-0.001868469811596918,"601166.XSHG,601818.XSHG,002142.XSHE,000001.XSHE,601838.XSHG"
daily,2020-12-03,2020-12-04,5,0.6,-0.011631620608259197,"601166.XSHG,601939.XSHG,600000.XSHG,002142.XSHE,601398.XSHG"
daily,2020-12-04,2020-12-07,5,0.6,-0.02267621703608307,"600000.XSHG,601166.XSHG,601818.XSHG,600926.XSHG,601658.XSHG"
daily,2020-12-07,2020-12-08,5,0.8,-0.0029753880916904675,"601077.XSHG,600000.XSHG,002958.XSHE,601939.XSHG,601169.XSHG"
daily,2020-12-08,2020-12-09,5,0.6,0.000498465242477275,"600000.XSHG,600926.XSHG,601077.XSHG,601988.XSHG,601328.XSHG"
daily,2020-12-09,2020-12-10,5,0.8,-0.007788442550070229,"601818.XSHG,601288.XSHG,601658.XSHG,600000.XSHG,601838.XSHG"
daily,2020-12-10,2020-12-11,5,0.4,-0.0010855618296002011,"600926.XSHG,601658.XSHG,601838.XSHG,600000.XSHG,601166.XSHG"
daily,2020-12-11,2020-12-14,5,0.4,0.0038549941840990477,"601818.XSHG,601838.XSHG,600000.XSHG,600926.XSHG,002936.XSHE"
daily,2020-12-14,2020-12-15,5,0.19999999999999996,-0.015733657935453383,"600926.XSHG,601288.XSHG,600000.XSHG,601818.XSHG,601838.XSHG"
daily,2020-12-15,2020-12-16,5,1.0,-0.002359547129335571,"601658.XSHG,002966.XSHE,601577.XSHG,601997.XSHG,002936.XSHE"
daily,2020-12-16,2020-12-17,5,0.4,0.009701164269323881,"601658.XSHG,601997.XSHG,002966.XSHE,601169.XSHG,600926.XSHG"
daily,2020-12-17,2020-12-18,5,0.4,-0.01293063218490409,"601658.XSHG,002966.XSHE,600926.XSHG,601577.XSHG,601818.XSHG"
daily,2020-12-18,2020-12-21,5,0.4,-0.0016926981580259958,"601658.XSHG,601577.XSHG,600000.XSHG,600926.XSHG,600016.XSHG"
daily,2020-12-21,2020-12-22,5,0.6,-0.01508827699870019,"601658.XSHG,002936.XSHE,601988.XSHG,600000.XSHG,601997.XSHG"
daily,2020-12-22,2020-12-23,5,0.4,-0.0007629918031330618,"601658.XSHG,002936.XSHE,601988.XSHG,002948.XSHE,601577.XSHG"
daily,2020-12-23,2020-12-24,5,0.4,0.006122383094096917,"002936.XSHE,002966.XSHE,601988.XSHG,601169.XSHG,601577.XSHG"
daily,2020-12-24,2020-12-25,5,0.6,0.002208219968996894,"601658.XSHG,601398.XSHG,002966.XSHE,601288.XSHG,601169.XSHG"
daily,2020-12-25,2020-12-28,5,0.6,0.002837191371989678,"601169.XSHG,601658.XSHG,601939.XSHG,601328.XSHG,601838.XSHG"
daily,2020-12-28,2020-12-29,5,0.6,0.0024415393928105323,"601009.XSHG,002948.XSHE,601328.XSHG,601169.XSHG,601988.XSHG"
daily,2020-12-29,2020-12-30,5,0.4,0.008214823850182906,"002948.XSHE,601328.XSHG,601169.XSHG,601658.XSHG,600016.XSHG"
daily,2020-12-30,2020-12-31,5,0.4,0.013081692296817948,"601577.XSHG,601658.XSHG,601169.XSHG,600016.XSHG,601009.XSHG"
weekly,2019-01-02,2019-01-07,5,1.0,0.023596881069403032,"600919.XSHG,002142.XSHE,601939.XSHG,600016.XSHG,601166.XSHG"
weekly,2019-01-07,2019-01-14,5,0.6,0.0048198708581157716,"600036.XSHG,601328.XSHG,600919.XSHG,002142.XSHE,601229.XSHG"
weekly,2019-01-14,2019-01-21,5,0.6,0.033248385167181295,"002142.XSHE,600036.XSHG,601169.XSHG,600016.XSHG,601939.XSHG"
weekly,2019-01-21,2019-01-28,5,0.4,0.016487979871669788,"002142.XSHE,601169.XSHG,601818.XSHG,600036.XSHG,600000.XSHG"
weekly,2019-01-28,2019-02-11,5,0.8,0.014226910271045856,"601328.XSHG,601169.XSHG,600016.XSHG,601288.XSHG,600919.XSHG"
weekly,2019-02-11,2019-02-18,5,0.8,0.006022634147900852,"601398.XSHG,600036.XSHG,601988.XSHG,000001.XSHE,601288.XSHG"
weekly,2019-02-18,2019-02-25,5,0.8,0.07372277532373013,"601328.XSHG,600000.XSHG,600015.XSHG,600036.XSHG,601009.XSHG"
weekly,2019-02-25,2019-03-04,5,0.8,0.037207326763017565,"600036.XSHG,000001.XSHE,601818.XSHG,601988.XSHG,601166.XSHG"
weekly,2019-03-04,2019-03-11,5,0.4,-0.032074959228637526,"600036.XSHG,002142.XSHE,000001.XSHE,601988.XSHG,601009.XSHG"
weekly,2019-03-11,2019-03-18,5,1.0,0.0061279938565289346,"601997.XSHG,600926.XSHG,601398.XSHG,600919.XSHG,601229.XSHG"
weekly,2019-03-18,2019-03-25,5,0.4,-0.025641371423566706,"600919.XSHG,600926.XSHG,002142.XSHE,601166.XSHG,601229.XSHG"
weekly,2019-03-25,2019-04-01,5,0.6,0.03448454382306263,"600926.XSHG,600919.XSHG,601838.XSHG,601998.XSHG,600015.XSHG"
weekly,2019-04-01,2019-04-08,5,0.6,0.03374436080295573,"600919.XSHG,601998.XSHG,601229.XSHG,002142.XSHE,601988.XSHG"
weekly,2019-04-08,2019-04-15,5,0.8,-0.011346677906230696,"600036.XSHG,601398.XSHG,000001.XSHE,601988.XSHG,601939.XSHG"
weekly,2019-04-15,2019-04-22,5,1.0,0.008801629827527902,"601998.XSHG,601229.XSHG,601328.XSHG,600919.XSHG,600926.XSHG"
weekly,2019-04-22,2019-04-29,5,0.4,-0.010934465253097537,"601818.XSHG,600919.XSHG,601998.XSHG,601288.XSHG,600926.XSHG"
weekly,2019-04-29,2019-05-06,5,1.0,-0.030097400239616712,"601328.XSHG,601939.XSHG,601988.XSHG,600015.XSHG,601398.XSHG"
weekly,2019-05-06,2019-05-13,5,0.8,-0.012793165281943275,"601939.XSHG,601818.XSHG,601009.XSHG,601998.XSHG,002142.XSHE"
weekly,2019-05-13,2019-05-20,5,1.0,-0.00998594806512505,"600926.XSHG,601838.XSHG,600016.XSHG,600015.XSHG,601398.XSHG"
weekly,2019-05-20,2019-05-27,5,0.6,0.006088341865426417,"601998.XSHG,600015.XSHG,601166.XSHG,601939.XSHG,600926.XSHG"
weekly,2019-05-27,2019-06-03,5,0.6,-0.0018228748470238588,"601169.XSHG,601998.XSHG,600926.XSHG,600000.XSHG,601988.XSHG"
weekly,2019-06-03,2019-06-10,5,0.4,0.006791564196141709,"600919.XSHG,600000.XSHG,601988.XSHG,601009.XSHG,600926.XSHG"
weekly,2019-06-10,2019-06-17,5,0.4,0.004282152081335133,"601988.XSHG,600919.XSHG,601229.XSHG,601997.XSHG,600926.XSHG"
weekly,2019-06-17,2019-06-24,5,0.4,0.019547325061144826,"601009.XSHG,601988.XSHG,600919.XSHG,601939.XSHG,600926.XSHG"
weekly,2019-06-24,2019-07-01,5,1.0,0.005222613062445247,"600015.XSHG,600036.XSHG,000001.XSHE,601229.XSHG,600016.XSHG"
weekly,2019-07-01,2019-07-08,5,0.6,-0.011441433731884488,"601169.XSHG,600919.XSHG,600015.XSHG,601328.XSHG,000001.XSHE"
weekly,2019-07-08,2019-07-15,5,0.8,0.001573557693782468,"601838.XSHG,601009.XSHG,600000.XSHG,601398.XSHG,601169.XSHG"
weekly,2019-07-15,2019-07-22,5,0.8,0.007277481292183219,"601398.XSHG,600036.XSHG,601939.XSHG,600015.XSHG,601229.XSHG"
weekly,2019-07-22,2019-07-29,5,0.6,0.01840057248038094,"600036.XSHG,601328.XSHG,601838.XSHG,600000.XSHG,601939.XSHG"
weekly,2019-07-29,2019-08-05,5,0.6,-0.04667076032138393,"601838.XSHG,600000.XSHG,601988.XSHG,601169.XSHG,002142.XSHE"
weekly,2019-08-05,2019-08-12,5,0.8,0.005576845712067069,"600926.XSHG,600919.XSHG,601838.XSHG,601229.XSHG,601009.XSHG"
weekly,2019-08-12,2019-08-19,5,0.6,-0.01293225078503577,"600926.XSHG,601009.XSHG,601998.XSHG,601988.XSHG,601939.XSHG"
weekly,2019-08-19,2019-08-26,5,0.6,-0.008512047061395678,"600000.XSHG,601998.XSHG,601838.XSHG,600016.XSHG,600926.XSHG"
weekly,2019-08-26,2019-09-02,5,0.6,0.002054712818803739,"601997.XSHG,601838.XSHG,600926.XSHG,601166.XSHG,600919.XSHG"
weekly,2019-09-02,2019-09-09,5,0.6,0.02955730501630325,"601229.XSHG,600919.XSHG,601818.XSHG,000001.XSHE,601166.XSHG"
weekly,2019-09-09,2019-09-16,5,0.4,-0.0022675379647771445,"600919.XSHG,601939.XSHG,601818.XSHG,000001.XSHE,600015.XSHG"
weekly,2019-09-16,2019-09-23,5,0.8,-0.020920655998285943,"601939.XSHG,601166.XSHG,601009.XSHG,601288.XSHG,002142.XSHE"
weekly,2019-09-23,2019-09-30,5,0.6,0.004758494625002418,"601166.XSHG,601818.XSHG,601288.XSHG,600926.XSHG,600016.XSHG"
weekly,2019-09-30,2019-10-08,5,0.8,0.009827008918972747,"601169.XSHG,601577.XSHG,601939.XSHG,600036.XSHG,601166.XSHG"
weekly,2019-10-08,2019-10-14,5,0.6,0.050861754018226346,"601398.XSHG,601577.XSHG,601169.XSHG,601288.XSHG,600000.XSHG"
weekly,2019-10-14,2019-10-21,5,0.8,-0.004927925175028491,"000001.XSHE,600036.XSHG,002142.XSHE,601398.XSHG,601939.XSHG"
weekly,2019-10-21,2019-10-28,5,0.8,-9.563487800394732e-05,"601229.XSHG,600036.XSHG,600016.XSHG,601169.XSHG,601988.XSHG"
weekly,2019-10-28,2019-11-04,5,0.8,0.030273085013508293,"002142.XSHE,601818.XSHG,600036.XSHG,601009.XSHG,601166.XSHG"
weekly,2019-11-04,2019-11-11,5,0.8,-0.027632464809568026,"601288.XSHG,000001.XSHE,601328.XSHG,601009.XSHG,600000.XSHG"
weekly,2019-11-11,2019-11-18,5,0.8,0.003690484694013607,"600000.XSHG,601229.XSHG,601998.XSHG,601169.XSHG,002142.XSHE"
weekly,2019-11-18,2019-11-25,5,0.6,-0.012972609434385874,"601998.XSHG,601997.XSHG,600000.XSHG,601009.XSHG,601398.XSHG"
weekly,2019-11-25,2019-12-02,5,0.8,-0.014407429126666283,"601166.XSHG,601939.XSHG,600000.XSHG,600036.XSHG,600926.XSHG"
weekly,2019-12-02,2019-12-09,5,0.4,0.006952869398317496,"601166.XSHG,600036.XSHG,600926.XSHG,601229.XSHG,601997.XSHG"
weekly,2019-12-09,2019-12-16,5,0.6,0.019071139452606765,"601997.XSHG,600000.XSHG,600919.XSHG,600015.XSHG,600036.XSHG"
weekly,2019-12-16,2019-12-23,5,0.8,0.0018172348338365563,"601288.XSHG,000001.XSHE,600036.XSHG,601818.XSHG,600926.XSHG"
weekly,2019-12-23,2019-12-30,5,0.8,0.00449140029303674,"002142.XSHE,601398.XSHG,601998.XSHG,601818.XSHG,600016.XSHG"
weekly,2019-12-30,2020-01-06,5,0.8,-0.0008613178303065405,"600919.XSHG,601229.XSHG,600926.XSHG,600016.XSHG,601838.XSHG"
weekly,2020-01-06,2020-01-13,5,0.6,-0.00285046332563752,"002142.XSHE,601838.XSHG,601009.XSHG,000001.XSHE,601229.XSHG"
weekly,2020-01-13,2020-01-20,5,1.0,-0.010674253351650531,"600919.XSHG,601988.XSHG,600015.XSHG,601328.XSHG,600000.XSHG"
weekly,2020-01-20,2020-02-03,5,1.0,-0.1033945531516574,"601288.XSHG,600926.XSHG,601009.XSHG,601166.XSHG,601169.XSHG"
weekly,2020-02-03,2020-02-10,5,0.8,0.02066561909688689,"601838.XSHG,601998.XSHG,600926.XSHG,002142.XSHE,601818.XSHG"
weekly,2020-02-10,2020-02-17,5,0.6,0.028607417561469495,"601169.XSHG,601838.XSHG,601229.XSHG,601166.XSHG,600926.XSHG"
weekly,2020-02-17,2020-02-24,5,0.8,-0.012587510682544356,"601229.XSHG,601328.XSHG,601818.XSHG,002142.XSHE,601988.XSHG"
weekly,2020-02-24,2020-03-02,5,0.6,-0.008270831291615566,"600015.XSHG,601988.XSHG,601229.XSHG,601939.XSHG,600926.XSHG"
weekly,2020-03-02,2020-03-09,5,0.6,-0.012534369016189184,"601818.XSHG,601939.XSHG,601229.XSHG,601009.XSHG,601288.XSHG"
weekly,2020-03-09,2020-03-16,5,0.8,-0.04382781093942156,"600928.XSHG,002142.XSHE,600926.XSHG,601988.XSHG,601229.XSHG"
weekly,2020-03-16,2020-03-23,5,0.8,-0.05740232220585648,"600928.XSHG,601818.XSHG,601838.XSHG,601009.XSHG,600000.XSHG"
weekly,2020-03-23,2020-03-30,5,0.6,0.0029628623555663313,"601838.XSHG,002958.XSHE,601398.XSHG,601009.XSHG,601229.XSHG"
weekly,2020-03-30,2020-04-07,5,0.8,-0.00036646350287394824,"000001.XSHE,600036.XSHG,601169.XSHG,601166.XSHG,601838.XSHG"
weekly,2020-04-07,2020-04-13,5,0.8,-0.012775380434809991,"600036.XSHG,600015.XSHG,601288.XSHG,600000.XSHG,601229.XSHG"
weekly,2020-04-13,2020-04-20,5,0.4,0.004990157226705349,"600036.XSHG,600926.XSHG,601328.XSHG,601229.XSHG,600000.XSHG"
weekly,2020-04-20,2020-04-27,5,0.8,0.01134939451831658,"002958.XSHE,600036.XSHG,601009.XSHG,601939.XSHG,601398.XSHG"
weekly,2020-04-27,2020-05-06,5,0.8,0.007757800362813349,"600016.XSHG,601398.XSHG,601328.XSHG,000001.XSHE,601988.XSHG"
weekly,2020-05-06,2020-05-11,5,0.8,0.007902103875146383,"002142.XSHE,002958.XSHE,601838.XSHG,000001.XSHE,601997.XSHG"
weekly,2020-05-11,2020-05-18,5,0.8,-0.02283983920764667,"601988.XSHG,600015.XSHG,600016.XSHG,000001.XSHE,600036.XSHG"
weekly,2020-05-18,2020-05-25,5,0.4,-0.011511697543131905,"600015.XSHG,002958.XSHE,601988.XSHG,600016.XSHG,600919.XSHG"
weekly,2020-05-25,2020-06-01,5,0.8,0.037366901623203795,"002958.XSHE,601169.XSHG,000001.XSHE,601997.XSHG,002142.XSHE"
weekly,2020-06-01,2020-06-08,5,1.0,-0.006538646277279736,"601818.XSHG,601229.XSHG,600919.XSHG,600926.XSHG,601009.XSHG"
weekly,2020-06-08,2020-06-15,5,0.6,0.0003496326208497935,"601009.XSHG,002958.XSHE,601997.XSHG,601229.XSHG,601838.XSHG"
weekly,2020-06-15,2020-06-22,5,0.8,0.008105551377035702,"601818.XSHG,601009.XSHG,600919.XSHG,601577.XSHG,000001.XSHE"
weekly,2020-06-22,2020-06-29,5,1.0,-0.0006224582183132598,"600926.XSHG,601229.XSHG,600000.XSHG,601988.XSHG,600016.XSHG"
weekly,2020-06-29,2020-07-06,5,0.6,0.21336585075057438,"601838.XSHG,601169.XSHG,601229.XSHG,002958.XSHE,600926.XSHG"
weekly,2020-07-06,2020-07-13,5,0.8,-0.016116702060266986,"002958.XSHE,002142.XSHE,600036.XSHG,601398.XSHG,601288.XSHG"
weekly,2020-07-13,2020-07-20,5,1.0,-0.019603298472917485,"601998.XSHG,000001.XSHE,601997.XSHG,601169.XSHG,601838.XSHG"
weekly,2020-07-20,2020-07-27,5,0.6,-0.04511600997777574,"601998.XSHG,601988.XSHG,601169.XSHG,601939.XSHG,600919.XSHG"
weekly,2020-07-27,2020-08-03,5,0.4,0.018513113803113733,"601998.XSHG,601169.XSHG,601229.XSHG,601997.XSHG,600919.XSHG"
weekly,2020-08-03,2020-08-10,5,0.4,0.004299790120126379,"601229.XSHG,601169.XSHG,002958.XSHE,601009.XSHG,600919.XSHG"
weekly,2020-08-10,2020-08-17,5,0.6,0.0527069366927392,"601577.XSHG,002958.XSHE,601939.XSHG,601398.XSHG,601169.XSHG"
weekly,2020-08-17,2020-08-24,5,0.8,-0.0544804225685084,"601838.XSHG,600036.XSHG,002958.XSHE,002142.XSHE,600000.XSHG"
weekly,2020-08-24,2020-08-31,5,0.8,-0.014199566701024558,"601398.XSHG,601939.XSHG,002958.XSHE,601288.XSHG,002966.XSHE"
weekly,2020-08-31,2020-09-07,5,0.6,-0.024193437743924885,"002958.XSHE,601577.XSHG,601838.XSHG,002966.XSHE,600919.XSHG"
weekly,2020-09-07,2020-09-14,5,0.4,0.020375525317424325,"601838.XSHG,601577.XSHG,002966.XSHE,601009.XSHG,601997.XSHG"
weekly,2020-09-14,2020-09-21,5,0.8,0.01428774782686264,"601988.XSHG,601577.XSHG,000001.XSHE,601288.XSHG,600016.XSHG"
weekly,2020-09-21,2020-09-28,5,1.0,-0.04333685156262086,"601009.XSHG,002142.XSHE,600919.XSHG,601169.XSHG,601838.XSHG"
weekly,2020-09-28,2020-10-09,5,1.0,0.002875852418191105,"002936.XSHE,601577.XSHG,002958.XSHE,600015.XSHG,601166.XSHG"
weekly,2020-10-09,2020-10-12,5,0.6,0.022610351837182963,"002958.XSHE,002936.XSHE,601229.XSHG,601838.XSHG,002966.XSHE"
weekly,2020-10-12,2020-10-19,5,0.4,0.04188549370136145,"601838.XSHG,600919.XSHG,002936.XSHE,600926.XSHG,002958.XSHE"
weekly,2020-10-19,2020-10-26,5,0.8,-0.011626847752325165,"002966.XSHE,600928.XSHG,002958.XSHE,600036.XSHG,600000.XSHG"
weekly,2020-10-26,2020-11-02,5,0.6,-0.022278394283136473,"600036.XSHG,601939.XSHG,601398.XSHG,601988.XSHG,600928.XSHG"
weekly,2020-11-02,2020-11-09,5,0.6,0.0210639054357749,"601988.XSHG,601818.XSHG,002966.XSHE,601398.XSHG,601166.XSHG"
weekly,2020-11-09,2020-11-16,5,0.6,-0.013917868665215428,"601818.XSHG,600036.XSHG,601997.XSHG,000001.XSHE,601166.XSHG"
weekly,2020-11-16,2020-11-23,5,0.8,0.04646116670142057,"601838.XSHG,601997.XSHG,002966.XSHE,600000.XSHG,601577.XSHG"
weekly,2020-11-23,2020-11-30,5,1.0,-0.00014268468265565826,"600926.XSHG,000001.XSHE,002142.XSHE,600036.XSHG,601229.XSHG"
weekly,2020-11-30,2020-12-07,5,0.19999999999999996,-0.03139219478977764,"002142.XSHE,000001.XSHE,600926.XSHG,601166.XSHG,600036.XSHG"
weekly,2020-12-07,2020-12-14,5,1.0,-0.014630898650611757,"601077.XSHG,600000.XSHG,002958.XSHE,601939.XSHG,601169.XSHG"
weekly,2020-12-14,2020-12-21,5,0.8,-0.01903735362278334,"600926.XSHG,601288.XSHG,600000.XSHG,601818.XSHG,601838.XSHG"
weekly,2020-12-21,2020-12-28,5,0.8,-0.0008516872498776085,"601658.XSHG,002936.XSHE,601988.XSHG,600000.XSHG,601997.XSHG"
