fold_id,strategy_name,rebalance_date,train_start,validation_start,validation_end,quarter_anchor_date,mode,momentum_col,stage1_count,hold_count,universe_count,stage1_actual_count,candidate_count,portfolio_return,holding_count
fold_01,direct_mom12_top6,2018-11-01,2013-11-01,2018-11-01,2019-11-01,2018-11-01,direct,score__mom12,,6,13,13,13,-0.0010849389,6
fold_01,quarterly_top20_mom12_top6,2018-11-01,2013-11-01,2018-11-01,2019-11-01,2018-11-01,quarterly_gate,score__mom12,,6,13,12,12,-0.0010849389,6
fold_01,mom12_top8_then_fundamental_top6,2018-11-01,2013-11-01,2018-11-01,2019-11-01,2018-11-01,tiebreak,score__mom12,8,6,13,8,13,-0.0011425354,6
fold_01,mom12_top10_then_fundamental_top6,2018-11-01,2013-11-01,2018-11-01,2019-11-01,2018-11-01,tiebreak,score__mom12,10,6,13,10,13,-0.0009515983,6
fold_01,mom12_top12_then_fundamental_top6,2018-11-01,2013-11-01,2018-11-01,2019-11-01,2018-11-01,tiebreak,score__mom12,12,6,13,12,13,-0.0009515983,6
fold_01,mom6_top8_then_fundamental_top6,2018-11-01,2013-11-01,2018-11-01,2019-11-01,2018-11-01,tiebreak,score__mom6,8,6,13,8,13,-0.0006646624,6
fold_01,mom6_top10_then_fundamental_top6,2018-11-01,2013-11-01,2018-11-01,2019-11-01,2018-11-01,tiebreak,score__mom6,10,6,13,10,13,-0.0009515983,6
fold_01,mom6_top12_then_fundamental_top6,2018-11-01,2013-11-01,2018-11-01,2019-11-01,2018-11-01,tiebreak,score__mom6,12,6,13,12,13,-0.0009515983,6
fold_01,mom12_top10_then_fundamental_top4,2018-11-01,2013-11-01,2018-11-01,2019-11-01,2018-11-01,tiebreak,score__mom12,10,4,13,10,13,-0.001232412,4
fold_01,mom12_top10_then_fundamental_top8,2018-11-01,2013-11-01,2018-11-01,2019-11-01,2018-11-01,tiebreak,score__mom12,10,8,13,10,13,-0.0008773493,8
fold_01,direct_mom12_top6,2018-12-03,2013-11-01,2018-11-01,2019-11-01,2018-11-01,direct,score__mom12,,6,12,12,12,-0.0037033315,6
fold_01,quarterly_top20_mom12_top6,2018-12-03,2013-11-01,2018-11-01,2019-11-01,2018-11-01,quarterly_gate,score__mom12,,6,12,11,11,-0.0037033315,6
fold_01,mom12_top8_then_fundamental_top6,2018-12-03,2013-11-01,2018-11-01,2019-11-01,2018-11-01,tiebreak,score__mom12,8,6,12,8,12,-0.0038779491,6
fold_01,mom12_top10_then_fundamental_top6,2018-12-03,2013-11-01,2018-11-01,2019-11-01,2018-11-01,tiebreak,score__mom12,10,6,12,10,12,-0.0038779491,6
fold_01,mom12_top12_then_fundamental_top6,2018-12-03,2013-11-01,2018-11-01,2019-11-01,2018-11-01,tiebreak,score__mom12,12,6,12,12,12,-0.0038779491,6
fold_01,mom6_top8_then_fundamental_top6,2018-12-03,2013-11-01,2018-11-01,2019-11-01,2018-11-01,tiebreak,score__mom6,8,6,12,8,12,-0.0038439895,6
fold_01,mom6_top10_then_fundamental_top6,2018-12-03,2013-11-01,2018-11-01,2019-11-01,2018-11-01,tiebreak,score__mom6,10,6,12,10,12,-0.0037917228,6
fold_01,mom6_top12_then_fundamental_top6,2018-12-03,2013-11-01,2018-11-01,2019-11-01,2018-11-01,tiebreak,score__mom6,12,6,12,12,12,-0.0038779491,6
fold_01,mom12_top10_then_fundamental_top4,2018-12-03,2013-11-01,2018-11-01,2019-11-01,2018-11-01,tiebreak,score__mom12,10,4,12,10,12,-0.0040683719,4
fold_01,mom12_top10_then_fundamental_top8,2018-12-03,2013-11-01,2018-11-01,2019-11-01,2018-11-01,tiebreak,score__mom12,10,8,12,10,12,-0.0035319725,8
fold_01,direct_mom12_top6,2019-01-02,2013-11-01,2018-11-01,2019-11-01,2018-11-01,direct,score__mom12,,6,12,12,12,0.0044817778,6
fold_01,quarterly_top20_mom12_top6,2019-01-02,2013-11-01,2018-11-01,2019-11-01,2018-11-01,quarterly_gate,score__mom12,,6,12,11,11,0.0044817778,6
fold_01,mom12_top8_then_fundamental_top6,2019-01-02,2013-11-01,2018-11-01,2019-11-01,2018-11-01,tiebreak,score__mom12,8,6,12,8,12,0.0038571984,6
fold_01,mom12_top10_then_fundamental_top6,2019-01-02,2013-11-01,2018-11-01,2019-11-01,2018-11-01,tiebreak,score__mom12,10,6,12,10,12,0.0045051348,6
fold_01,mom12_top12_then_fundamental_top6,2019-01-02,2013-11-01,2018-11-01,2019-11-01,2018-11-01,tiebreak,score__mom12,12,6,12,12,12,0.0045051348,6
fold_01,mom6_top8_then_fundamental_top6,2019-01-02,2013-11-01,2018-11-01,2019-11-01,2018-11-01,tiebreak,score__mom6,8,6,12,8,12,0.0049940733,6
fold_01,mom6_top10_then_fundamental_top6,2019-01-02,2013-11-01,2018-11-01,2019-11-01,2018-11-01,tiebreak,score__mom6,10,6,12,10,12,0.0049316366,6
fold_01,mom6_top12_then_fundamental_top6,2019-01-02,2013-11-01,2018-11-01,2019-11-01,2018-11-01,tiebreak,score__mom6,12,6,12,12,12,0.0045051348,6
fold_01,mom12_top10_then_fundamental_top4,2019-01-02,2013-11-01,2018-11-01,2019-11-01,2018-11-01,tiebreak,score__mom12,10,4,12,10,12,0.0050262831,4
fold_01,mom12_top10_then_fundamental_top8,2019-01-02,2013-11-01,2018-11-01,2019-11-01,2018-11-01,tiebreak,score__mom12,10,8,12,10,12,0.0042306632,8
fold_01,direct_mom12_top6,2019-02-01,2013-11-01,2018-11-01,2019-11-01,2018-11-01,direct,score__mom12,,6,14,14,14,0.0055144371,6
fold_01,quarterly_top20_mom12_top6,2019-02-01,2013-11-01,2018-11-01,2019-11-01,2018-11-01,quarterly_gate,score__mom12,,6,14,13,13,0.0055144371,6
fold_01,mom12_top8_then_fundamental_top6,2019-02-01,2013-11-01,2018-11-01,2019-11-01,2018-11-01,tiebreak,score__mom12,8,6,14,8,14,0.0061360042,6
fold_01,mom12_top10_then_fundamental_top6,2019-02-01,2013-11-01,2018-11-01,2019-11-01,2018-11-01,tiebreak,score__mom12,10,6,14,10,14,0.0065554566,6
fold_01,mom12_top12_then_fundamental_top6,2019-02-01,2013-11-01,2018-11-01,2019-11-01,2018-11-01,tiebreak,score__mom12,12,6,14,12,14,0.0063109572,6
fold_01,mom6_top8_then_fundamental_top6,2019-02-01,2013-11-01,2018-11-01,2019-11-01,2018-11-01,tiebreak,score__mom6,8,6,14,8,14,0.0055144371,6
fold_01,mom6_top10_then_fundamental_top6,2019-02-01,2013-11-01,2018-11-01,2019-11-01,2018-11-01,tiebreak,score__mom6,10,6,14,10,14,0.0055144371,6
fold_01,mom6_top12_then_fundamental_top6,2019-02-01,2013-11-01,2018-11-01,2019-11-01,2018-11-01,tiebreak,score__mom6,12,6,14,12,14,0.0056642008,6
fold_01,mom12_top10_then_fundamental_top4,2019-02-01,2013-11-01,2018-11-01,2019-11-01,2018-11-01,tiebreak,score__mom12,10,4,14,10,14,0.0059788808,4
fold_01,mom12_top10_then_fundamental_top8,2019-02-01,2013-11-01,2018-11-01,2019-11-01,2018-11-01,tiebreak,score__mom12,10,8,14,10,14,0.0061098476,8
fold_01,direct_mom12_top6,2019-03-01,2013-11-01,2018-11-01,2019-11-01,2018-11-01,direct,score__mom12,,6,13,13,13,-0.0010161535,6
fold_01,quarterly_top20_mom12_top6,2019-03-01,2013-11-01,2018-11-01,2019-11-01,2018-11-01,quarterly_gate,score__mom12,,6,13,12,12,-0.0010161535,6
fold_01,mom12_top8_then_fundamental_top6,2019-03-01,2013-11-01,2018-11-01,2019-11-01,2018-11-01,tiebreak,score__mom12,8,6,13,8,13,-0.0008540873,6
fold_01,mom12_top10_then_fundamental_top6,2019-03-01,2013-11-01,2018-11-01,2019-11-01,2018-11-01,tiebreak,score__mom12,10,6,13,10,13,-0.0007663588,6
fold_01,mom12_top12_then_fundamental_top6,2019-03-01,2013-11-01,2018-11-01,2019-11-01,2018-11-01,tiebreak,score__mom12,12,6,13,12,13,-0.0007663588,6
fold_01,mom6_top8_then_fundamental_top6,2019-03-01,2013-11-01,2018-11-01,2019-11-01,2018-11-01,tiebreak,score__mom6,8,6,13,8,13,-0.0015813981,6
fold_01,mom6_top10_then_fundamental_top6,2019-03-01,2013-11-01,2018-11-01,2019-11-01,2018-11-01,tiebreak,score__mom6,10,6,13,10,13,-0.0009698333,6
fold_01,mom6_top12_then_fundamental_top6,2019-03-01,2013-11-01,2018-11-01,2019-11-01,2018-11-01,tiebreak,score__mom6,12,6,13,12,13,-0.0007465071,6
fold_01,mom12_top10_then_fundamental_top4,2019-03-01,2013-11-01,2018-11-01,2019-11-01,2018-11-01,tiebreak,score__mom12,10,4,13,10,13,-0.0005404006,4
fold_01,mom12_top10_then_fundamental_top8,2019-03-01,2013-11-01,2018-11-01,2019-11-01,2018-11-01,tiebreak,score__mom12,10,8,13,10,13,-0.0010036507,8
fold_01,direct_mom12_top6,2019-04-01,2013-11-01,2018-11-01,2019-11-01,2018-11-01,direct,score__mom12,,6,14,14,14,-8.11883e-05,6
fold_01,quarterly_top20_mom12_top6,2019-04-01,2013-11-01,2018-11-01,2019-11-01,2018-11-01,quarterly_gate,score__mom12,,6,14,13,13,-0.0003370804,6
fold_01,mom12_top8_then_fundamental_top6,2019-04-01,2013-11-01,2018-11-01,2019-11-01,2018-11-01,tiebreak,score__mom12,8,6,14,8,14,-0.0002093086,6
fold_01,mom12_top10_then_fundamental_top6,2019-04-01,2013-11-01,2018-11-01,2019-11-01,2018-11-01,tiebreak,score__mom12,10,6,14,10,14,-0.0001281481,6
fold_01,mom12_top12_then_fundamental_top6,2019-04-01,2013-11-01,2018-11-01,2019-11-01,2018-11-01,tiebreak,score__mom12,12,6,14,12,14,7.13671e-05,6
fold_01,mom6_top8_then_fundamental_top6,2019-04-01,2013-11-01,2018-11-01,2019-11-01,2018-11-01,tiebreak,score__mom6,8,6,14,8,14,-0.0006861419,6
fold_01,mom6_top10_then_fundamental_top6,2019-04-01,2013-11-01,2018-11-01,2019-11-01,2018-11-01,tiebreak,score__mom6,10,6,14,10,14,-0.0003894815,6
fold_01,mom6_top12_then_fundamental_top6,2019-04-01,2013-11-01,2018-11-01,2019-11-01,2018-11-01,tiebreak,score__mom6,12,6,14,12,14,0.0001374272,6
fold_01,mom12_top10_then_fundamental_top4,2019-04-01,2013-11-01,2018-11-01,2019-11-01,2018-11-01,tiebreak,score__mom12,10,4,14,10,14,-0.0005717273,4
fold_01,mom12_top10_then_fundamental_top8,2019-04-01,2013-11-01,2018-11-01,2019-11-01,2018-11-01,tiebreak,score__mom12,10,8,14,10,14,-0.0003821189,8
fold_01,direct_mom12_top6,2019-05-06,2013-11-01,2018-11-01,2019-11-01,2019-05-06,direct,score__mom12,,6,14,14,14,-0.0016229707,6
fold_01,quarterly_top20_mom12_top6,2019-05-06,2013-11-01,2018-11-01,2019-11-01,2019-05-06,quarterly_gate,score__mom12,,6,14,13,13,-0.0012822054,6
fold_01,mom12_top8_then_fundamental_top6,2019-05-06,2013-11-01,2018-11-01,2019-11-01,2019-05-06,tiebreak,score__mom12,8,6,14,8,14,-0.0013367002,6
fold_01,mom12_top10_then_fundamental_top6,2019-05-06,2013-11-01,2018-11-01,2019-11-01,2019-05-06,tiebreak,score__mom12,10,6,14,10,14,-0.0002811115,6
fold_01,mom12_top12_then_fundamental_top6,2019-05-06,2013-11-01,2018-11-01,2019-11-01,2019-05-06,tiebreak,score__mom12,12,6,14,12,14,0.0003417215,6
fold_01,mom6_top8_then_fundamental_top6,2019-05-06,2013-11-01,2018-11-01,2019-11-01,2019-05-06,tiebreak,score__mom6,8,6,14,8,14,-0.0004612143,6
fold_01,mom6_top10_then_fundamental_top6,2019-05-06,2013-11-01,2018-11-01,2019-11-01,2019-05-06,tiebreak,score__mom6,10,6,14,10,14,-0.0004612143,6
fold_01,mom6_top12_then_fundamental_top6,2019-05-06,2013-11-01,2018-11-01,2019-11-01,2019-05-06,tiebreak,score__mom6,12,6,14,12,14,-4.3876e-06,6
fold_01,mom12_top10_then_fundamental_top4,2019-05-06,2013-11-01,2018-11-01,2019-11-01,2019-05-06,tiebreak,score__mom12,10,4,14,10,14,0.0001779863,4
fold_01,mom12_top10_then_fundamental_top8,2019-05-06,2013-11-01,2018-11-01,2019-11-01,2019-05-06,tiebreak,score__mom12,10,8,14,10,14,-0.0006901621,8
fold_01,direct_mom12_top6,2019-06-03,2013-11-01,2018-11-01,2019-11-01,2019-05-06,direct,score__mom12,,6,14,14,14,0.0049377911,6
fold_01,quarterly_top20_mom12_top6,2019-06-03,2013-11-01,2018-11-01,2019-11-01,2019-05-06,quarterly_gate,score__mom12,,6,14,13,13,0.0036875022,6
fold_01,mom12_top8_then_fundamental_top6,2019-06-03,2013-11-01,2018-11-01,2019-11-01,2019-05-06,tiebreak,score__mom12,8,6,14,8,14,0.0036875022,6
fold_01,mom12_top10_then_fundamental_top6,2019-06-03,2013-11-01,2018-11-01,2019-11-01,2019-05-06,tiebreak,score__mom12,10,6,14,10,14,0.0032829172,6
fold_01,mom12_top12_then_fundamental_top6,2019-06-03,2013-11-01,2018-11-01,2019-11-01,2019-05-06,tiebreak,score__mom12,12,6,14,12,14,0.0032536587,6
fold_01,mom6_top8_then_fundamental_top6,2019-06-03,2013-11-01,2018-11-01,2019-11-01,2019-05-06,tiebreak,score__mom6,8,6,14,8,14,0.0037073967,6
fold_01,mom6_top10_then_fundamental_top6,2019-06-03,2013-11-01,2018-11-01,2019-11-01,2019-05-06,tiebreak,score__mom6,10,6,14,10,14,0.0037073967,6
fold_01,mom6_top12_then_fundamental_top6,2019-06-03,2013-11-01,2018-11-01,2019-11-01,2019-05-06,tiebreak,score__mom6,12,6,14,12,14,0.0032536587,6
fold_01,mom12_top10_then_fundamental_top4,2019-06-03,2013-11-01,2018-11-01,2019-11-01,2019-05-06,tiebreak,score__mom12,10,4,14,10,14,0.0038339683,4
fold_01,mom12_top10_then_fundamental_top8,2019-06-03,2013-11-01,2018-11-01,2019-11-01,2019-05-06,tiebreak,score__mom12,10,8,14,10,14,0.0031083816,8
fold_01,direct_mom12_top6,2019-07-01,2013-11-01,2018-11-01,2019-11-01,2019-05-06,direct,score__mom12,,6,14,14,14,-0.0001957542,6
fold_01,quarterly_top20_mom12_top6,2019-07-01,2013-11-01,2018-11-01,2019-11-01,2019-05-06,quarterly_gate,score__mom12,,6,14,13,13,-0.0001109694,6
fold_01,mom12_top8_then_fundamental_top6,2019-07-01,2013-11-01,2018-11-01,2019-11-01,2019-05-06,tiebreak,score__mom12,8,6,14,8,14,-0.0001109694,6
fold_01,mom12_top10_then_fundamental_top6,2019-07-01,2013-11-01,2018-11-01,2019-11-01,2019-05-06,tiebreak,score__mom12,10,6,14,10,14,-7.74691e-05,6
fold_01,mom12_top12_then_fundamental_top6,2019-07-01,2013-11-01,2018-11-01,2019-11-01,2019-05-06,tiebreak,score__mom12,12,6,14,12,14,-7.74691e-05,6
fold_01,mom6_top8_then_fundamental_top6,2019-07-01,2013-11-01,2018-11-01,2019-11-01,2019-05-06,tiebreak,score__mom6,8,6,14,8,14,-0.0001109694,6
fold_01,mom6_top10_then_fundamental_top6,2019-07-01,2013-11-01,2018-11-01,2019-11-01,2019-05-06,tiebreak,score__mom6,10,6,14,10,14,-0.0001565149,6
fold_01,mom6_top12_then_fundamental_top6,2019-07-01,2013-11-01,2018-11-01,2019-11-01,2019-05-06,tiebreak,score__mom6,12,6,14,12,14,-0.0001565149,6
fold_01,mom12_top10_then_fundamental_top4,2019-07-01,2013-11-01,2018-11-01,2019-11-01,2019-05-06,tiebreak,score__mom12,10,4,14,10,14,-0.0002914368,4
fold_01,mom12_top10_then_fundamental_top8,2019-07-01,2013-11-01,2018-11-01,2019-11-01,2019-05-06,tiebreak,score__mom12,10,8,14,10,14,-0.0002016015,8
fold_01,direct_mom12_top6,2019-08-01,2013-11-01,2018-11-01,2019-11-01,2019-05-06,direct,score__mom12,,6,14,14,14,-0.0013243825,6
fold_01,quarterly_top20_mom12_top6,2019-08-01,2013-11-01,2018-11-01,2019-11-01,2019-05-06,quarterly_gate,score__mom12,,6,14,13,13,-0.0018505933,6
fold_01,mom12_top8_then_fundamental_top6,2019-08-01,2013-11-01,2018-11-01,2019-11-01,2019-05-06,tiebreak,score__mom12,8,6,14,8,14,-0.0020265802,6
fold_01,mom12_top10_then_fundamental_top6,2019-08-01,2013-11-01,2018-11-01,2019-11-01,2019-05-06,tiebreak,score__mom12,10,6,14,10,14,-0.0023054092,6
fold_01,mom12_top12_then_fundamental_top6,2019-08-01,2013-11-01,2018-11-01,2019-11-01,2019-05-06,tiebreak,score__mom12,12,6,14,12,14,-0.0021443378,6
fold_01,mom6_top8_then_fundamental_top6,2019-08-01,2013-11-01,2018-11-01,2019-11-01,2019-05-06,tiebreak,score__mom6,8,6,14,8,14,-0.0020484879,6
fold_01,mom6_top10_then_fundamental_top6,2019-08-01,2013-11-01,2018-11-01,2019-11-01,2019-05-06,tiebreak,score__mom6,10,6,14,10,14,-0.0021443378,6
fold_01,mom6_top12_then_fundamental_top6,2019-08-01,2013-11-01,2018-11-01,2019-11-01,2019-05-06,tiebreak,score__mom6,12,6,14,12,14,-0.0022248785,6
fold_01,mom12_top10_then_fundamental_top4,2019-08-01,2013-11-01,2018-11-01,2019-11-01,2019-05-06,tiebreak,score__mom12,10,4,14,10,14,-0.0023330985,4
fold_01,mom12_top10_then_fundamental_top8,2019-08-01,2013-11-01,2018-11-01,2019-11-01,2019-05-06,tiebreak,score__mom12,10,8,14,10,14,-0.002084752,8
fold_01,direct_mom12_top6,2019-09-02,2013-11-01,2018-11-01,2019-11-01,2019-09-02,direct,score__mom12,,6,14,14,14,0.0031771003,6
fold_01,quarterly_top20_mom12_top6,2019-09-02,2013-11-01,2018-11-01,2019-11-01,2019-09-02,quarterly_gate,score__mom12,,6,14,13,13,0.0024637668,6
fold_01,mom12_top8_then_fundamental_top6,2019-09-02,2013-11-01,2018-11-01,2019-11-01,2019-09-02,tiebreak,score__mom12,8,6,14,8,14,0.0024637668,6
fold_01,mom12_top10_then_fundamental_top6,2019-09-02,2013-11-01,2018-11-01,2019-11-01,2019-09-02,tiebreak,score__mom12,10,6,14,10,14,0.0022260018,6
fold_01,mom12_top12_then_fundamental_top6,2019-09-02,2013-11-01,2018-11-01,2019-11-01,2019-09-02,tiebreak,score__mom12,12,6,14,12,14,0.0022551876,6
fold_01,mom6_top8_then_fundamental_top6,2019-09-02,2013-11-01,2018-11-01,2019-11-01,2019-09-02,tiebreak,score__mom6,8,6,14,8,14,0.0024239456,6
fold_01,mom6_top10_then_fundamental_top6,2019-09-02,2013-11-01,2018-11-01,2019-11-01,2019-09-02,tiebreak,score__mom6,10,6,14,10,14,0.0020672724,6
fold_01,mom6_top12_then_fundamental_top6,2019-09-02,2013-11-01,2018-11-01,2019-11-01,2019-09-02,tiebreak,score__mom6,12,6,14,12,14,0.0020672724,6
fold_01,mom12_top10_then_fundamental_top4,2019-09-02,2013-11-01,2018-11-01,2019-11-01,2019-09-02,tiebreak,score__mom12,10,4,14,10,14,0.0025751879,4
fold_01,mom12_top10_then_fundamental_top8,2019-09-02,2013-11-01,2018-11-01,2019-11-01,2019-09-02,tiebreak,score__mom12,10,8,14,10,14,0.0020293942,8
fold_01,direct_mom12_top6,2019-10-08,2013-11-01,2018-11-01,2019-11-01,2019-09-02,direct,score__mom12,,6,14,14,14,0.0030150244,6
fold_01,quarterly_top20_mom12_top6,2019-10-08,2013-11-01,2018-11-01,2019-11-01,2019-09-02,quarterly_gate,score__mom12,,6,14,13,13,0.0029068844,6
fold_01,mom12_top8_then_fundamental_top6,2019-10-08,2013-11-01,2018-11-01,2019-11-01,2019-09-02,tiebreak,score__mom12,8,6,14,8,14,0.0029068844,6
fold_01,mom12_top10_then_fundamental_top6,2019-10-08,2013-11-01,2018-11-01,2019-11-01,2019-09-02,tiebreak,score__mom12,10,6,14,10,14,0.0024988416,6
fold_01,mom12_top12_then_fundamental_top6,2019-10-08,2013-11-01,2018-11-01,2019-11-01,2019-09-02,tiebreak,score__mom12,12,6,14,12,14,0.0023798592,6
fold_01,mom6_top8_then_fundamental_top6,2019-10-08,2013-11-01,2018-11-01,2019-11-01,2019-09-02,tiebreak,score__mom6,8,6,14,8,14,0.0023798592,6
fold_01,mom6_top10_then_fundamental_top6,2019-10-08,2013-11-01,2018-11-01,2019-11-01,2019-09-02,tiebreak,score__mom6,10,6,14,10,14,0.00288539,6
fold_01,mom6_top12_then_fundamental_top6,2019-10-08,2013-11-01,2018-11-01,2019-11-01,2019-09-02,tiebreak,score__mom6,12,6,14,12,14,0.00288539,6
fold_01,mom12_top10_then_fundamental_top4,2019-10-08,2013-11-01,2018-11-01,2019-11-01,2019-09-02,tiebreak,score__mom12,10,4,14,10,14,0.0027264479,4
fold_01,mom12_top10_then_fundamental_top8,2019-10-08,2013-11-01,2018-11-01,2019-11-01,2019-09-02,tiebreak,score__mom12,10,8,14,10,14,0.0030625956,8
fold_01,direct_mom12_top6,2019-11-01,2013-11-01,2018-11-01,2019-11-01,2019-11-01,direct,score__mom12,,6,15,15,15,-0.0025286005,6
fold_01,quarterly_top20_mom12_top6,2019-11-01,2013-11-01,2018-11-01,2019-11-01,2019-11-01,quarterly_gate,score__mom12,,6,15,14,14,-0.0023389201,6
fold_01,mom12_top8_then_fundamental_top6,2019-11-01,2013-11-01,2018-11-01,2019-11-01,2019-11-01,tiebreak,score__mom12,8,6,15,8,15,-0.0019962834,6
fold_01,mom12_top10_then_fundamental_top6,2019-11-01,2013-11-01,2018-11-01,2019-11-01,2019-11-01,tiebreak,score__mom12,10,6,15,10,15,-0.0013773578,6
fold_01,mom12_top12_then_fundamental_top6,2019-11-01,2013-11-01,2018-11-01,2019-11-01,2019-11-01,tiebreak,score__mom12,12,6,15,12,15,-0.0013773578,6
fold_01,mom6_top8_then_fundamental_top6,2019-11-01,2013-11-01,2018-11-01,2019-11-01,2019-11-01,tiebreak,score__mom6,8,6,15,8,15,-0.0017590883,6
fold_01,mom6_top10_then_fundamental_top6,2019-11-01,2013-11-01,2018-11-01,2019-11-01,2019-11-01,tiebreak,score__mom6,10,6,15,10,15,-0.0013755424,6
fold_01,mom6_top12_then_fundamental_top6,2019-11-01,2013-11-01,2018-11-01,2019-11-01,2019-11-01,tiebreak,score__mom6,12,6,15,12,15,-0.0012536533,6
fold_01,mom12_top10_then_fundamental_top4,2019-11-01,2013-11-01,2018-11-01,2019-11-01,2019-11-01,tiebreak,score__mom12,10,4,15,10,15,-0.0016456117,4
fold_01,mom12_top10_then_fundamental_top8,2019-11-01,2013-11-01,2018-11-01,2019-11-01,2019-11-01,tiebreak,score__mom12,10,8,15,10,15,-0.0016954921,8
fold_02,direct_mom12_top6,2019-09-02,2014-09-01,2019-09-02,2020-09-01,2019-09-02,direct,score__mom12,,6,14,14,14,0.0031771003,6
fold_02,quarterly_top20_mom12_top6,2019-09-02,2014-09-01,2019-09-02,2020-09-01,2019-09-02,quarterly_gate,score__mom12,,6,14,13,13,0.0024637668,6
fold_02,mom12_top8_then_fundamental_top6,2019-09-02,2014-09-01,2019-09-02,2020-09-01,2019-09-02,tiebreak,score__mom12,8,6,14,8,14,0.0024637668,6
fold_02,mom12_top10_then_fundamental_top6,2019-09-02,2014-09-01,2019-09-02,2020-09-01,2019-09-02,tiebreak,score__mom12,10,6,14,10,14,0.0022260018,6
fold_02,mom12_top12_then_fundamental_top6,2019-09-02,2014-09-01,2019-09-02,2020-09-01,2019-09-02,tiebreak,score__mom12,12,6,14,12,14,0.0022551876,6
fold_02,mom6_top8_then_fundamental_top6,2019-09-02,2014-09-01,2019-09-02,2020-09-01,2019-09-02,tiebreak,score__mom6,8,6,14,8,14,0.0024239456,6
fold_02,mom6_top10_then_fundamental_top6,2019-09-02,2014-09-01,2019-09-02,2020-09-01,2019-09-02,tiebreak,score__mom6,10,6,14,10,14,0.0020672724,6
fold_02,mom6_top12_then_fundamental_top6,2019-09-02,2014-09-01,2019-09-02,2020-09-01,2019-09-02,tiebreak,score__mom6,12,6,14,12,14,0.0020672724,6
fold_02,mom12_top10_then_fundamental_top4,2019-09-02,2014-09-01,2019-09-02,2020-09-01,2019-09-02,tiebreak,score__mom12,10,4,14,10,14,0.0025751879,4
fold_02,mom12_top10_then_fundamental_top8,2019-09-02,2014-09-01,2019-09-02,2020-09-01,2019-09-02,tiebreak,score__mom12,10,8,14,10,14,0.0020293942,8
fold_02,direct_mom12_top6,2019-10-08,2014-09-01,2019-09-02,2020-09-01,2019-09-02,direct,score__mom12,,6,14,14,14,0.0030150244,6
fold_02,quarterly_top20_mom12_top6,2019-10-08,2014-09-01,2019-09-02,2020-09-01,2019-09-02,quarterly_gate,score__mom12,,6,14,13,13,0.0029068844,6
fold_02,mom12_top8_then_fundamental_top6,2019-10-08,2014-09-01,2019-09-02,2020-09-01,2019-09-02,tiebreak,score__mom12,8,6,14,8,14,0.0029068844,6
fold_02,mom12_top10_then_fundamental_top6,2019-10-08,2014-09-01,2019-09-02,2020-09-01,2019-09-02,tiebreak,score__mom12,10,6,14,10,14,0.0024988416,6
fold_02,mom12_top12_then_fundamental_top6,2019-10-08,2014-09-01,2019-09-02,2020-09-01,2019-09-02,tiebreak,score__mom12,12,6,14,12,14,0.0023798592,6
fold_02,mom6_top8_then_fundamental_top6,2019-10-08,2014-09-01,2019-09-02,2020-09-01,2019-09-02,tiebreak,score__mom6,8,6,14,8,14,0.0023798592,6
fold_02,mom6_top10_then_fundamental_top6,2019-10-08,2014-09-01,2019-09-02,2020-09-01,2019-09-02,tiebreak,score__mom6,10,6,14,10,14,0.00288539,6
fold_02,mom6_top12_then_fundamental_top6,2019-10-08,2014-09-01,2019-09-02,2020-09-01,2019-09-02,tiebreak,score__mom6,12,6,14,12,14,0.00288539,6
fold_02,mom12_top10_then_fundamental_top4,2019-10-08,2014-09-01,2019-09-02,2020-09-01,2019-09-02,tiebreak,score__mom12,10,4,14,10,14,0.0027264479,4
fold_02,mom12_top10_then_fundamental_top8,2019-10-08,2014-09-01,2019-09-02,2020-09-01,2019-09-02,tiebreak,score__mom12,10,8,14,10,14,0.0030625956,8
fold_02,direct_mom12_top6,2019-11-01,2014-09-01,2019-09-02,2020-09-01,2019-11-01,direct,score__mom12,,6,15,15,15,-0.0025286005,6
fold_02,quarterly_top20_mom12_top6,2019-11-01,2014-09-01,2019-09-02,2020-09-01,2019-11-01,quarterly_gate,score__mom12,,6,15,14,14,-0.0023389201,6
fold_02,mom12_top8_then_fundamental_top6,2019-11-01,2014-09-01,2019-09-02,2020-09-01,2019-11-01,tiebreak,score__mom12,8,6,15,8,15,-0.0019962834,6
fold_02,mom12_top10_then_fundamental_top6,2019-11-01,2014-09-01,2019-09-02,2020-09-01,2019-11-01,tiebreak,score__mom12,10,6,15,10,15,-0.0013773578,6
fold_02,mom12_top12_then_fundamental_top6,2019-11-01,2014-09-01,2019-09-02,2020-09-01,2019-11-01,tiebreak,score__mom12,12,6,15,12,15,-0.0013773578,6
fold_02,mom6_top8_then_fundamental_top6,2019-11-01,2014-09-01,2019-09-02,2020-09-01,2019-11-01,tiebreak,score__mom6,8,6,15,8,15,-0.0017590883,6
fold_02,mom6_top10_then_fundamental_top6,2019-11-01,2014-09-01,2019-09-02,2020-09-01,2019-11-01,tiebreak,score__mom6,10,6,15,10,15,-0.0013755424,6
fold_02,mom6_top12_then_fundamental_top6,2019-11-01,2014-09-01,2019-09-02,2020-09-01,2019-11-01,tiebreak,score__mom6,12,6,15,12,15,-0.0012536533,6
fold_02,mom12_top10_then_fundamental_top4,2019-11-01,2014-09-01,2019-09-02,2020-09-01,2019-11-01,tiebreak,score__mom12,10,4,15,10,15,-0.0016456117,4
fold_02,mom12_top10_then_fundamental_top8,2019-11-01,2014-09-01,2019-09-02,2020-09-01,2019-11-01,tiebreak,score__mom12,10,8,15,10,15,-0.0016954921,8
fold_02,direct_mom12_top6,2019-12-02,2014-09-01,2019-09-02,2020-09-01,2019-11-01,direct,score__mom12,,6,15,15,15,0.0034704634,6
fold_02,quarterly_top20_mom12_top6,2019-12-02,2014-09-01,2019-09-02,2020-09-01,2019-11-01,quarterly_gate,score__mom12,,6,15,14,14,0.0030846865,6
fold_02,mom12_top8_then_fundamental_top6,2019-12-02,2014-09-01,2019-09-02,2020-09-01,2019-11-01,tiebreak,score__mom12,8,6,15,8,15,0.0028084196,6
fold_02,mom12_top10_then_fundamental_top6,2019-12-02,2014-09-01,2019-09-02,2020-09-01,2019-11-01,tiebreak,score__mom12,10,6,15,10,15,0.0025501377,6
fold_02,mom12_top12_then_fundamental_top6,2019-12-02,2014-09-01,2019-09-02,2020-09-01,2019-11-01,tiebreak,score__mom12,12,6,15,12,15,0.0025501377,6
fold_02,mom6_top8_then_fundamental_top6,2019-12-02,2014-09-01,2019-09-02,2020-09-01,2019-11-01,tiebreak,score__mom6,8,6,15,8,15,0.0027349584,6
fold_02,mom6_top10_then_fundamental_top6,2019-12-02,2014-09-01,2019-09-02,2020-09-01,2019-11-01,tiebreak,score__mom6,10,6,15,10,15,0.0025501377,6
fold_02,mom6_top12_then_fundamental_top6,2019-12-02,2014-09-01,2019-09-02,2020-09-01,2019-11-01,tiebreak,score__mom6,12,6,15,12,15,0.0025501377,6
fold_02,mom12_top10_then_fundamental_top4,2019-12-02,2014-09-01,2019-09-02,2020-09-01,2019-11-01,tiebreak,score__mom12,10,4,15,10,15,0.0026759388,4
fold_02,mom12_top10_then_fundamental_top8,2019-12-02,2014-09-01,2019-09-02,2020-09-01,2019-11-01,tiebreak,score__mom12,10,8,15,10,15,0.0024548903,8
fold_02,direct_mom12_top6,2020-01-02,2014-09-01,2019-09-02,2020-09-01,2019-11-01,direct,score__mom12,,6,16,16,16,-0.0092676582,6
fold_02,quarterly_top20_mom12_top6,2020-01-02,2014-09-01,2019-09-02,2020-09-01,2019-11-01,quarterly_gate,score__mom12,,6,16,15,15,-0.0085184396,6
fold_02,mom12_top8_then_fundamental_top6,2020-01-02,2014-09-01,2019-09-02,2020-09-01,2019-11-01,tiebreak,score__mom12,8,6,16,8,16,-0.0080194759,6
fold_02,mom12_top10_then_fundamental_top6,2020-01-02,2014-09-01,2019-09-02,2020-09-01,2019-11-01,tiebreak,score__mom12,10,6,16,10,16,-0.0078772974,6
fold_02,mom12_top12_then_fundamental_top6,2020-01-02,2014-09-01,2019-09-02,2020-09-01,2019-11-01,tiebreak,score__mom12,12,6,16,12,16,-0.0075553101,6
fold_02,mom6_top8_then_fundamental_top6,2020-01-02,2014-09-01,2019-09-02,2020-09-01,2019-11-01,tiebreak,score__mom6,8,6,16,8,16,-0.0082041745,6
fold_02,mom6_top10_then_fundamental_top6,2020-01-02,2014-09-01,2019-09-02,2020-09-01,2019-11-01,tiebreak,score__mom6,10,6,16,10,16,-0.0079682315,6
fold_02,mom6_top12_then_fundamental_top6,2020-01-02,2014-09-01,2019-09-02,2020-09-01,2019-11-01,tiebreak,score__mom6,12,6,16,12,16,-0.0072993279,6
fold_02,mom12_top10_then_fundamental_top4,2020-01-02,2014-09-01,2019-09-02,2020-09-01,2019-11-01,tiebreak,score__mom12,10,4,16,10,16,-0.0078198454,4
fold_02,mom12_top10_then_fundamental_top8,2020-01-02,2014-09-01,2019-09-02,2020-09-01,2019-11-01,tiebreak,score__mom12,10,8,16,10,16,-0.008077189,8
fold_02,direct_mom12_top6,2020-02-03,2014-09-01,2019-09-02,2020-09-01,2019-11-01,direct,score__mom12,,6,16,16,16,0.0014569757,6
fold_02,quarterly_top20_mom12_top6,2020-02-03,2014-09-01,2019-09-02,2020-09-01,2019-11-01,quarterly_gate,score__mom12,,6,16,15,15,0.0014229316,6
fold_02,mom12_top8_then_fundamental_top6,2020-02-03,2014-09-01,2019-09-02,2020-09-01,2019-11-01,tiebreak,score__mom12,8,6,16,8,16,0.0014229316,6
fold_02,mom12_top10_then_fundamental_top6,2020-02-03,2014-09-01,2019-09-02,2020-09-01,2019-11-01,tiebreak,score__mom12,10,6,16,10,16,0.0013479301,6
fold_02,mom12_top12_then_fundamental_top6,2020-02-03,2014-09-01,2019-09-02,2020-09-01,2019-11-01,tiebreak,score__mom12,12,6,16,12,16,0.0012024636,6
fold_02,mom6_top8_then_fundamental_top6,2020-02-03,2014-09-01,2019-09-02,2020-09-01,2019-11-01,tiebreak,score__mom6,8,6,16,8,16,0.0013287232,6
fold_02,mom6_top10_then_fundamental_top6,2020-02-03,2014-09-01,2019-09-02,2020-09-01,2019-11-01,tiebreak,score__mom6,10,6,16,10,16,0.0010882593,6
fold_02,mom6_top12_then_fundamental_top6,2020-02-03,2014-09-01,2019-09-02,2020-09-01,2019-11-01,tiebreak,score__mom6,12,6,16,12,16,0.0012296557,6
fold_02,mom12_top10_then_fundamental_top4,2020-02-03,2014-09-01,2019-09-02,2020-09-01,2019-11-01,tiebreak,score__mom12,10,4,16,10,16,0.0016397755,4
fold_02,mom12_top10_then_fundamental_top8,2020-02-03,2014-09-01,2019-09-02,2020-09-01,2019-11-01,tiebreak,score__mom12,10,8,16,10,16,0.0015820315,8
fold_02,direct_mom12_top6,2020-03-02,2014-09-01,2019-09-02,2020-09-01,2019-11-01,direct,score__mom12,,6,17,17,17,-0.004531051,6
fold_02,quarterly_top20_mom12_top6,2020-03-02,2014-09-01,2019-09-02,2020-09-01,2019-11-01,quarterly_gate,score__mom12,,6,17,15,15,-0.0034752828,6
fold_02,mom12_top8_then_fundamental_top6,2020-03-02,2014-09-01,2019-09-02,2020-09-01,2019-11-01,tiebreak,score__mom12,8,6,17,8,17,-0.0034752828,6
fold_02,mom12_top10_then_fundamental_top6,2020-03-02,2014-09-01,2019-09-02,2020-09-01,2019-11-01,tiebreak,score__mom12,10,6,17,10,17,-0.0029598393,6
fold_02,mom12_top12_then_fundamental_top6,2020-03-02,2014-09-01,2019-09-02,2020-09-01,2019-11-01,tiebreak,score__mom12,12,6,17,12,17,-0.0029598393,6
fold_02,mom6_top8_then_fundamental_top6,2020-03-02,2014-09-01,2019-09-02,2020-09-01,2019-11-01,tiebreak,score__mom6,8,6,17,8,17,-0.0033254904,6
fold_02,mom6_top10_then_fundamental_top6,2020-03-02,2014-09-01,2019-09-02,2020-09-01,2019-11-01,tiebreak,score__mom6,10,6,17,10,17,-0.0033254904,6
fold_02,mom6_top12_then_fundamental_top6,2020-03-02,2014-09-01,2019-09-02,2020-09-01,2019-11-01,tiebreak,score__mom6,12,6,17,12,17,-0.0034292551,6
fold_02,mom12_top10_then_fundamental_top4,2020-03-02,2014-09-01,2019-09-02,2020-09-01,2019-11-01,tiebreak,score__mom12,10,4,17,10,17,-0.0036791089,4
fold_02,mom12_top10_then_fundamental_top8,2020-03-02,2014-09-01,2019-09-02,2020-09-01,2019-11-01,tiebreak,score__mom12,10,8,17,10,17,-0.0029457496,8
fold_02,direct_mom12_top6,2020-04-01,2014-09-01,2019-09-02,2020-09-01,2019-11-01,direct,score__mom12,,6,16,16,16,0.0023814889,6
fold_02,quarterly_top20_mom12_top6,2020-04-01,2014-09-01,2019-09-02,2020-09-01,2019-11-01,quarterly_gate,score__mom12,,6,16,15,15,0.0019387076,6
fold_02,mom12_top8_then_fundamental_top6,2020-04-01,2014-09-01,2019-09-02,2020-09-01,2019-11-01,tiebreak,score__mom12,8,6,16,8,16,0.0019387076,6
fold_02,mom12_top10_then_fundamental_top6,2020-04-01,2014-09-01,2019-09-02,2020-09-01,2019-11-01,tiebreak,score__mom12,10,6,16,10,16,0.0018421964,6
fold_02,mom12_top12_then_fundamental_top6,2020-04-01,2014-09-01,2019-09-02,2020-09-01,2019-11-01,tiebreak,score__mom12,12,6,16,12,16,0.0018736126,6
fold_02,mom6_top8_then_fundamental_top6,2020-04-01,2014-09-01,2019-09-02,2020-09-01,2019-11-01,tiebreak,score__mom6,8,6,16,8,16,0.0018839508,6
fold_02,mom6_top10_then_fundamental_top6,2020-04-01,2014-09-01,2019-09-02,2020-09-01,2019-11-01,tiebreak,score__mom6,10,6,16,10,16,0.0018421964,6
fold_02,mom6_top12_then_fundamental_top6,2020-04-01,2014-09-01,2019-09-02,2020-09-01,2019-11-01,tiebreak,score__mom6,12,6,16,12,16,0.0018421964,6
fold_02,mom12_top10_then_fundamental_top4,2020-04-01,2014-09-01,2019-09-02,2020-09-01,2019-11-01,tiebreak,score__mom12,10,4,16,10,16,0.0025611538,4
fold_02,mom12_top10_then_fundamental_top8,2020-04-01,2014-09-01,2019-09-02,2020-09-01,2019-11-01,tiebreak,score__mom12,10,8,16,10,16,0.0017494332,8
fold_02,direct_mom12_top6,2020-05-06,2014-09-01,2019-09-02,2020-09-01,2020-05-06,direct,score__mom12,,6,16,16,16,0.0001378789,6
fold_02,quarterly_top20_mom12_top6,2020-05-06,2014-09-01,2019-09-02,2020-09-01,2020-05-06,quarterly_gate,score__mom12,,6,16,13,13,0.0003725762,6
fold_02,mom12_top8_then_fundamental_top6,2020-05-06,2014-09-01,2019-09-02,2020-09-01,2020-05-06,tiebreak,score__mom12,8,6,16,8,16,0.0005919842,6
fold_02,mom12_top10_then_fundamental_top6,2020-05-06,2014-09-01,2019-09-02,2020-09-01,2020-05-06,tiebreak,score__mom12,10,6,16,10,16,0.0005919842,6
fold_02,mom12_top12_then_fundamental_top6,2020-05-06,2014-09-01,2019-09-02,2020-09-01,2020-05-06,tiebreak,score__mom12,12,6,16,12,16,0.0008214381,6
fold_02,mom6_top8_then_fundamental_top6,2020-05-06,2014-09-01,2019-09-02,2020-09-01,2020-05-06,tiebreak,score__mom6,8,6,16,8,16,0.0003708484,6
fold_02,mom6_top10_then_fundamental_top6,2020-05-06,2014-09-01,2019-09-02,2020-09-01,2020-05-06,tiebreak,score__mom6,10,6,16,10,16,0.0006512457,6
fold_02,mom6_top12_then_fundamental_top6,2020-05-06,2014-09-01,2019-09-02,2020-09-01,2020-05-06,tiebreak,score__mom6,12,6,16,12,16,0.0006512457,6
fold_02,mom12_top10_then_fundamental_top4,2020-05-06,2014-09-01,2019-09-02,2020-09-01,2020-05-06,tiebreak,score__mom12,10,4,16,10,16,0.0006082098,4
fold_02,mom12_top10_then_fundamental_top8,2020-05-06,2014-09-01,2019-09-02,2020-09-01,2020-05-06,tiebreak,score__mom12,10,8,16,10,16,0.0009592159,8
fold_02,direct_mom12_top6,2020-06-01,2014-09-01,2019-09-02,2020-09-01,2020-05-06,direct,score__mom12,,6,17,17,17,0.0005764938,6
fold_02,quarterly_top20_mom12_top6,2020-06-01,2014-09-01,2019-09-02,2020-09-01,2020-05-06,quarterly_gate,score__mom12,,6,17,14,14,0.00038192,6
fold_02,mom12_top8_then_fundamental_top6,2020-06-01,2014-09-01,2019-09-02,2020-09-01,2020-05-06,tiebreak,score__mom12,8,6,17,8,17,0.00038192,6
fold_02,mom12_top10_then_fundamental_top6,2020-06-01,2014-09-01,2019-09-02,2020-09-01,2020-05-06,tiebreak,score__mom12,10,6,17,10,17,0.0003280429,6
fold_02,mom12_top12_then_fundamental_top6,2020-06-01,2014-09-01,2019-09-02,2020-09-01,2020-05-06,tiebreak,score__mom12,12,6,17,12,17,0.0002652272,6
fold_02,mom6_top8_then_fundamental_top6,2020-06-01,2014-09-01,2019-09-02,2020-09-01,2020-05-06,tiebreak,score__mom6,8,6,17,8,17,0.0001541542,6
fold_02,mom6_top10_then_fundamental_top6,2020-06-01,2014-09-01,2019-09-02,2020-09-01,2020-05-06,tiebreak,score__mom6,10,6,17,10,17,7.64968e-05,6
fold_02,mom6_top12_then_fundamental_top6,2020-06-01,2014-09-01,2019-09-02,2020-09-01,2020-05-06,tiebreak,score__mom6,12,6,17,12,17,7.64968e-05,6
fold_02,mom12_top10_then_fundamental_top4,2020-06-01,2014-09-01,2019-09-02,2020-09-01,2020-05-06,tiebreak,score__mom12,10,4,17,10,17,0.0005800185,4
fold_02,mom12_top10_then_fundamental_top8,2020-06-01,2014-09-01,2019-09-02,2020-09-01,2020-05-06,tiebreak,score__mom12,10,8,17,10,17,0.0006117358,8
fold_02,direct_mom12_top6,2020-07-01,2014-09-01,2019-09-02,2020-09-01,2020-05-06,direct,score__mom12,,6,16,16,16,0.0026966269,6
fold_02,quarterly_top20_mom12_top6,2020-07-01,2014-09-01,2019-09-02,2020-09-01,2020-05-06,quarterly_gate,score__mom12,,6,16,13,13,0.0026020535,6
fold_02,mom12_top8_then_fundamental_top6,2020-07-01,2014-09-01,2019-09-02,2020-09-01,2020-05-06,tiebreak,score__mom12,8,6,16,8,16,0.0026020535,6
fold_02,mom12_top10_then_fundamental_top6,2020-07-01,2014-09-01,2019-09-02,2020-09-01,2020-05-06,tiebreak,score__mom12,10,6,16,10,16,0.0024276421,6
fold_02,mom12_top12_then_fundamental_top6,2020-07-01,2014-09-01,2019-09-02,2020-09-01,2020-05-06,tiebreak,score__mom12,12,6,16,12,16,0.0017586426,6
fold_02,mom6_top8_then_fundamental_top6,2020-07-01,2014-09-01,2019-09-02,2020-09-01,2020-05-06,tiebreak,score__mom6,8,6,16,8,16,0.0024276421,6
fold_02,mom6_top10_then_fundamental_top6,2020-07-01,2014-09-01,2019-09-02,2020-09-01,2020-05-06,tiebreak,score__mom6,10,6,16,10,16,0.0017586426,6
fold_02,mom6_top12_then_fundamental_top6,2020-07-01,2014-09-01,2019-09-02,2020-09-01,2020-05-06,tiebreak,score__mom6,12,6,16,12,16,0.0017586426,6
fold_02,mom12_top10_then_fundamental_top4,2020-07-01,2014-09-01,2019-09-02,2020-09-01,2020-05-06,tiebreak,score__mom12,10,4,16,10,16,0.0024054919,4
fold_02,mom12_top10_then_fundamental_top8,2020-07-01,2014-09-01,2019-09-02,2020-09-01,2020-05-06,tiebreak,score__mom12,10,8,16,10,16,0.002025324,8
fold_02,direct_mom12_top6,2020-08-03,2014-09-01,2019-09-02,2020-09-01,2020-05-06,direct,score__mom12,,6,17,17,17,0.0058041949,6
fold_02,quarterly_top20_mom12_top6,2020-08-03,2014-09-01,2019-09-02,2020-09-01,2020-05-06,quarterly_gate,score__mom12,,6,17,13,13,0.0046824945,6
fold_02,mom12_top8_then_fundamental_top6,2020-08-03,2014-09-01,2019-09-02,2020-09-01,2020-05-06,tiebreak,score__mom12,8,6,17,8,17,0.0049209574,6
fold_02,mom12_top10_then_fundamental_top6,2020-08-03,2014-09-01,2019-09-02,2020-09-01,2020-05-06,tiebreak,score__mom12,10,6,17,10,17,0.0046587918,6
fold_02,mom12_top12_then_fundamental_top6,2020-08-03,2014-09-01,2019-09-02,2020-09-01,2020-05-06,tiebreak,score__mom12,12,6,17,12,17,0.0022630756,6
fold_02,mom6_top8_then_fundamental_top6,2020-08-03,2014-09-01,2019-09-02,2020-09-01,2020-05-06,tiebreak,score__mom6,8,6,17,8,17,0.0047238992,6
fold_02,mom6_top10_then_fundamental_top6,2020-08-03,2014-09-01,2019-09-02,2020-09-01,2020-05-06,tiebreak,score__mom6,10,6,17,10,17,0.0023386653,6
fold_02,mom6_top12_then_fundamental_top6,2020-08-03,2014-09-01,2019-09-02,2020-09-01,2020-05-06,tiebreak,score__mom6,12,6,17,12,17,0.0023386653,6
fold_02,mom12_top10_then_fundamental_top4,2020-08-03,2014-09-01,2019-09-02,2020-09-01,2020-05-06,tiebreak,score__mom12,10,4,17,10,17,0.0037800113,4
fold_02,mom12_top10_then_fundamental_top8,2020-08-03,2014-09-01,2019-09-02,2020-09-01,2020-05-06,tiebreak,score__mom12,10,8,17,10,17,0.0035332154,8
fold_02,direct_mom12_top6,2020-09-01,2014-09-01,2019-09-02,2020-09-01,2020-09-01,direct,score__mom12,,6,16,16,16,-0.002633316,6
fold_02,quarterly_top20_mom12_top6,2020-09-01,2014-09-01,2019-09-02,2020-09-01,2020-09-01,quarterly_gate,score__mom12,,6,16,14,14,-0.002633316,6
fold_02,mom12_top8_then_fundamental_top6,2020-09-01,2014-09-01,2019-09-02,2020-09-01,2020-09-01,tiebreak,score__mom12,8,6,16,8,16,-0.0023765062,6
fold_02,mom12_top10_then_fundamental_top6,2020-09-01,2014-09-01,2019-09-02,2020-09-01,2020-09-01,tiebreak,score__mom12,10,6,16,10,16,-0.001828583,6
fold_02,mom12_top12_then_fundamental_top6,2020-09-01,2014-09-01,2019-09-02,2020-09-01,2020-09-01,tiebreak,score__mom12,12,6,16,12,16,-0.001828583,6
fold_02,mom6_top8_then_fundamental_top6,2020-09-01,2014-09-01,2019-09-02,2020-09-01,2020-09-01,tiebreak,score__mom6,8,6,16,8,16,-0.0026330651,6
fold_02,mom6_top10_then_fundamental_top6,2020-09-01,2014-09-01,2019-09-02,2020-09-01,2020-09-01,tiebreak,score__mom6,10,6,16,10,16,-0.0023433302,6
fold_02,mom6_top12_then_fundamental_top6,2020-09-01,2014-09-01,2019-09-02,2020-09-01,2020-09-01,tiebreak,score__mom6,12,6,16,12,16,-0.0018188342,6
fold_02,mom12_top10_then_fundamental_top4,2020-09-01,2014-09-01,2019-09-02,2020-09-01,2020-09-01,tiebreak,score__mom12,10,4,16,10,16,-0.0022994579,4
fold_02,mom12_top10_then_fundamental_top8,2020-09-01,2014-09-01,2019-09-02,2020-09-01,2020-09-01,tiebreak,score__mom12,10,8,16,10,16,-0.0021155299,8
