code,bank_name,report_year,field_name_english,field_name_chinese,source_file,reason,detail,raw_snippet_reference,extraction_method
000001.XSHE,平安银行,2024,single_group_credit_concentration_ratio,单一集团客户授信集中度,000001_XSHE_2024_annual_report.pdf,numeric_value_not_found,No alias anchor found in candidate snippet.,000001_XSHE_2024_annual_report_bank_indicator_snippets.txt#snippet_0084,direct_pdf_text
000001.XSHE,平安银行,2025,single_group_credit_concentration_ratio,单一集团客户授信集中度,000001_XSHE_2025_annual_report.pdf,numeric_value_not_found,No alias anchor found in candidate snippet.,000001_XSHE_2025_annual_report_bank_indicator_snippets.txt#snippet_0084,direct_pdf_text
001227.XSHE,兰州银行,2024,liquidity_matching_ratio,流动性匹配率,001227_XSHE_2024_annual_report.pdf,numeric_value_not_found,No alias anchor found in candidate snippet.,001227_XSHE_2024_annual_report_bank_indicator_snippets.txt#snippet_0015,direct_pdf_text
001227.XSHE,兰州银行,2025,liquidity_matching_ratio,流动性匹配率,001227_XSHE_2025_annual_report.pdf,numeric_value_not_found,No alias anchor found in candidate snippet.,001227_XSHE_2025_annual_report_bank_indicator_snippets.txt#snippet_0014,direct_pdf_text
002142.XSHE,宁波银行,2024,liquidity_matching_ratio,流动性匹配率,002142_XSHE_2024_annual_report.pdf,numeric_value_not_found,No alias anchor found in candidate snippet.,002142_XSHE_2024_annual_report_bank_indicator_snippets.txt#snippet_0005,direct_pdf_text
002142.XSHE,宁波银行,2024,single_largest_customer_loan_ratio,单一最大客户贷款占资本净额比率,002142_XSHE_2024_annual_report.pdf,numeric_value_not_found,No alias anchor found in candidate snippet.,002142_XSHE_2024_annual_report_bank_indicator_snippets.txt#snippet_0005,direct_pdf_text
002142.XSHE,宁波银行,2024,top_ten_customer_loan_ratio,最大十家客户贷款占资本净额比率,002142_XSHE_2024_annual_report.pdf,numeric_value_not_found,No alias anchor found in candidate snippet.,002142_XSHE_2024_annual_report_bank_indicator_snippets.txt#snippet_0005,direct_pdf_text
002142.XSHE,宁波银行,2024,single_group_credit_concentration_ratio,单一集团客户授信集中度,002142_XSHE_2024_annual_report.pdf,numeric_value_not_found,No alias anchor found in candidate snippet.,002142_XSHE_2024_annual_report_bank_indicator_snippets.txt#snippet_0005,direct_pdf_text
002142.XSHE,宁波银行,2025,liquidity_matching_ratio,流动性匹配率,002142_XSHE_2025_annual_report.pdf,numeric_value_not_found,No alias anchor found in candidate snippet.,002142_XSHE_2025_annual_report_bank_indicator_snippets.txt#snippet_0008,direct_pdf_text
002142.XSHE,宁波银行,2025,single_largest_customer_loan_ratio,单一最大客户贷款占资本净额比率,002142_XSHE_2025_annual_report.pdf,numeric_value_not_found,No alias anchor found in candidate snippet.,002142_XSHE_2025_annual_report_bank_indicator_snippets.txt#snippet_0008,direct_pdf_text
002142.XSHE,宁波银行,2025,top_ten_customer_loan_ratio,最大十家客户贷款占资本净额比率,002142_XSHE_2025_annual_report.pdf,numeric_value_not_found,No alias anchor found in candidate snippet.,002142_XSHE_2025_annual_report_bank_indicator_snippets.txt#snippet_0008,direct_pdf_text
002142.XSHE,宁波银行,2025,single_group_credit_concentration_ratio,单一集团客户授信集中度,002142_XSHE_2025_annual_report.pdf,numeric_value_not_found,No alias anchor found in candidate snippet.,002142_XSHE_2025_annual_report_bank_indicator_snippets.txt#snippet_0008,direct_pdf_text
002807.XSHE,江阴银行,2024,provision_to_loan_ratio,拨贷比,002807_XSHE_2024_annual_report.pdf,numeric_value_not_found,No alias anchor found in candidate snippet.,002807_XSHE_2024_annual_report_bank_indicator_snippets.txt#snippet_0027,direct_pdf_text
002807.XSHE,江阴银行,2024,liquidity_coverage_ratio,流动性覆盖率,002807_XSHE_2024_annual_report.pdf,numeric_value_not_found,No alias anchor found in candidate snippet.,002807_XSHE_2024_annual_report_bank_indicator_snippets.txt#snippet_0027,direct_pdf_text
002807.XSHE,江阴银行,2024,top_ten_customer_loan_ratio,最大十家客户贷款占资本净额比率,002807_XSHE_2024_annual_report.pdf,numeric_value_not_found,No alias anchor found in candidate snippet.,002807_XSHE_2024_annual_report_bank_indicator_snippets.txt#snippet_0027,direct_pdf_text
002807.XSHE,江阴银行,2024,single_group_credit_concentration_ratio,单一集团客户授信集中度,002807_XSHE_2024_annual_report.pdf,numeric_value_not_found,No alias anchor found in candidate snippet.,002807_XSHE_2024_annual_report_bank_indicator_snippets.txt#snippet_0027,direct_pdf_text
002807.XSHE,江阴银行,2025,provision_to_loan_ratio,拨贷比,002807_XSHE_2025_annual_report.pdf,numeric_value_not_found,No alias anchor found in candidate snippet.,002807_XSHE_2025_annual_report_bank_indicator_snippets.txt#snippet_0025,direct_pdf_text
002807.XSHE,江阴银行,2025,liquidity_coverage_ratio,流动性覆盖率,002807_XSHE_2025_annual_report.pdf,numeric_value_not_found,No alias anchor found in candidate snippet.,002807_XSHE_2025_annual_report_bank_indicator_snippets.txt#snippet_0025,direct_pdf_text
002807.XSHE,江阴银行,2025,top_ten_customer_loan_ratio,最大十家客户贷款占资本净额比率,002807_XSHE_2025_annual_report.pdf,numeric_value_not_found,No alias anchor found in candidate snippet.,002807_XSHE_2025_annual_report_bank_indicator_snippets.txt#snippet_0025,direct_pdf_text
002807.XSHE,江阴银行,2025,single_group_credit_concentration_ratio,单一集团客户授信集中度,002807_XSHE_2025_annual_report.pdf,numeric_value_not_found,No alias anchor found in candidate snippet.,002807_XSHE_2025_annual_report_bank_indicator_snippets.txt#snippet_0025,direct_pdf_text
002839.XSHE,张家港行,2024,provision_to_loan_ratio,拨贷比,002839_XSHE_2024_annual_report.pdf,numeric_value_not_found,No alias anchor found in candidate snippet.,002839_XSHE_2024_annual_report_bank_indicator_snippets.txt#snippet_0005,direct_pdf_text
002839.XSHE,张家港行,2024,liquidity_matching_ratio,流动性匹配率,002839_XSHE_2024_annual_report.pdf,numeric_value_not_found,No alias anchor found in candidate snippet.,002839_XSHE_2024_annual_report_bank_indicator_snippets.txt#snippet_0005,direct_pdf_text
002839.XSHE,张家港行,2024,liquidity_coverage_ratio,流动性覆盖率,002839_XSHE_2024_annual_report.pdf,numeric_value_not_found,No alias anchor found in candidate snippet.,002839_XSHE_2024_annual_report_bank_indicator_snippets.txt#snippet_0005,direct_pdf_text
002839.XSHE,张家港行,2024,single_largest_customer_loan_ratio,单一最大客户贷款占资本净额比率,002839_XSHE_2024_annual_report.pdf,numeric_value_not_found,No alias anchor found in candidate snippet.,002839_XSHE_2024_annual_report_bank_indicator_snippets.txt#snippet_0005,direct_pdf_text
002839.XSHE,张家港行,2024,single_group_credit_concentration_ratio,单一集团客户授信集中度,002839_XSHE_2024_annual_report.pdf,numeric_value_not_found,No alias anchor found in candidate snippet.,002839_XSHE_2024_annual_report_bank_indicator_snippets.txt#snippet_0005,direct_pdf_text
002839.XSHE,张家港行,2025,provision_to_loan_ratio,拨贷比,002839_XSHE_2025_annual_report.pdf,numeric_value_not_found,No alias anchor found in candidate snippet.,002839_XSHE_2025_annual_report_bank_indicator_snippets.txt#snippet_0005,direct_pdf_text
002839.XSHE,张家港行,2025,liquidity_matching_ratio,流动性匹配率,002839_XSHE_2025_annual_report.pdf,numeric_value_not_found,No alias anchor found in candidate snippet.,002839_XSHE_2025_annual_report_bank_indicator_snippets.txt#snippet_0005,direct_pdf_text
002839.XSHE,张家港行,2025,liquidity_coverage_ratio,流动性覆盖率,002839_XSHE_2025_annual_report.pdf,numeric_value_not_found,No alias anchor found in candidate snippet.,002839_XSHE_2025_annual_report_bank_indicator_snippets.txt#snippet_0005,direct_pdf_text
002839.XSHE,张家港行,2025,single_largest_customer_loan_ratio,单一最大客户贷款占资本净额比率,002839_XSHE_2025_annual_report.pdf,numeric_value_not_found,No alias anchor found in candidate snippet.,002839_XSHE_2025_annual_report_bank_indicator_snippets.txt#snippet_0005,direct_pdf_text
002839.XSHE,张家港行,2025,single_group_credit_concentration_ratio,单一集团客户授信集中度,002839_XSHE_2025_annual_report.pdf,numeric_value_not_found,No alias anchor found in candidate snippet.,002839_XSHE_2025_annual_report_bank_indicator_snippets.txt#snippet_0005,direct_pdf_text
002936.XSHE,郑州银行,2024,top_ten_customer_loan_ratio,最大十家客户贷款占资本净额比率,002936_XSHE_2024_annual_report.pdf,numeric_value_not_found,No alias anchor found in candidate snippet.,002936_XSHE_2024_annual_report_bank_indicator_snippets.txt#snippet_0009,direct_pdf_text
002936.XSHE,郑州银行,2024,single_group_credit_concentration_ratio,单一集团客户授信集中度,002936_XSHE_2024_annual_report.pdf,numeric_value_not_found,No alias anchor found in candidate snippet.,002936_XSHE_2024_annual_report_bank_indicator_snippets.txt#snippet_0009,direct_pdf_text
002936.XSHE,郑州银行,2025,top_ten_customer_loan_ratio,最大十家客户贷款占资本净额比率,002936_XSHE_2025_annual_report.pdf,numeric_value_not_found,No alias anchor found in candidate snippet.,002936_XSHE_2025_annual_report_bank_indicator_snippets.txt#snippet_0008,direct_pdf_text
002936.XSHE,郑州银行,2025,single_group_credit_concentration_ratio,单一集团客户授信集中度,002936_XSHE_2025_annual_report.pdf,numeric_value_not_found,No alias anchor found in candidate snippet.,002936_XSHE_2025_annual_report_bank_indicator_snippets.txt#snippet_0008,direct_pdf_text
002948.XSHE,青岛银行,2024,liquidity_matching_ratio,流动性匹配率,002948_XSHE_2024_annual_report.pdf,numeric_value_not_found,No alias anchor found in candidate snippet.,002948_XSHE_2024_annual_report_bank_indicator_snippets.txt#snippet_0004,direct_pdf_text
002948.XSHE,青岛银行,2024,single_largest_customer_loan_ratio,单一最大客户贷款占资本净额比率,002948_XSHE_2024_annual_report.pdf,numeric_value_not_found,No alias anchor found in candidate snippet.,002948_XSHE_2024_annual_report_bank_indicator_snippets.txt#snippet_0004,direct_pdf_text
002948.XSHE,青岛银行,2024,top_ten_customer_loan_ratio,最大十家客户贷款占资本净额比率,002948_XSHE_2024_annual_report.pdf,numeric_value_not_found,No alias anchor found in candidate snippet.,002948_XSHE_2024_annual_report_bank_indicator_snippets.txt#snippet_0004,direct_pdf_text
002948.XSHE,青岛银行,2024,single_group_credit_concentration_ratio,单一集团客户授信集中度,002948_XSHE_2024_annual_report.pdf,numeric_value_not_found,No alias anchor found in candidate snippet.,002948_XSHE_2024_annual_report_bank_indicator_snippets.txt#snippet_0004,direct_pdf_text
002948.XSHE,青岛银行,2025,liquidity_matching_ratio,流动性匹配率,002948_XSHE_2025_annual_report.pdf,numeric_value_not_found,No alias anchor found in candidate snippet.,002948_XSHE_2025_annual_report_bank_indicator_snippets.txt#snippet_0005,direct_pdf_text
002948.XSHE,青岛银行,2025,single_largest_customer_loan_ratio,单一最大客户贷款占资本净额比率,002948_XSHE_2025_annual_report.pdf,numeric_value_not_found,No alias anchor found in candidate snippet.,002948_XSHE_2025_annual_report_bank_indicator_snippets.txt#snippet_0005,direct_pdf_text
002948.XSHE,青岛银行,2025,top_ten_customer_loan_ratio,最大十家客户贷款占资本净额比率,002948_XSHE_2025_annual_report.pdf,numeric_value_not_found,No alias anchor found in candidate snippet.,002948_XSHE_2025_annual_report_bank_indicator_snippets.txt#snippet_0005,direct_pdf_text
002948.XSHE,青岛银行,2025,single_group_credit_concentration_ratio,单一集团客户授信集中度,002948_XSHE_2025_annual_report.pdf,numeric_value_not_found,No alias anchor found in candidate snippet.,002948_XSHE_2025_annual_report_bank_indicator_snippets.txt#snippet_0005,direct_pdf_text
002958.XSHE,青农商行,2024,liquidity_matching_ratio,流动性匹配率,002958_XSHE_2024_annual_report.pdf,numeric_value_not_found,No alias anchor found in candidate snippet.,002958_XSHE_2024_annual_report_bank_indicator_snippets.txt#snippet_0001,direct_pdf_text
002958.XSHE,青农商行,2024,top_ten_customer_loan_ratio,最大十家客户贷款占资本净额比率,002958_XSHE_2024_annual_report.pdf,numeric_value_not_found,No alias anchor found in candidate snippet.,002958_XSHE_2024_annual_report_bank_indicator_snippets.txt#snippet_0001,direct_pdf_text
002958.XSHE,青农商行,2025,liquidity_matching_ratio,流动性匹配率,002958_XSHE_2025_annual_report.pdf,numeric_value_not_found,No alias anchor found in candidate snippet.,002958_XSHE_2025_annual_report_bank_indicator_snippets.txt#snippet_0010,direct_pdf_text
002958.XSHE,青农商行,2025,top_ten_customer_loan_ratio,最大十家客户贷款占资本净额比率,002958_XSHE_2025_annual_report.pdf,numeric_value_not_found,No alias anchor found in candidate snippet.,002958_XSHE_2025_annual_report_bank_indicator_snippets.txt#snippet_0010,direct_pdf_text
002966.XSHE,苏州银行,2024,liquidity_matching_ratio,流动性匹配率,002966_XSHE_2024_annual_report.pdf,numeric_value_not_found,No alias anchor found in candidate snippet.,002966_XSHE_2024_annual_report_bank_indicator_snippets.txt#snippet_0004,direct_pdf_text
002966.XSHE,苏州银行,2025,liquidity_matching_ratio,流动性匹配率,002966_XSHE_2025_annual_report.pdf,numeric_value_not_found,No alias anchor found in candidate snippet.,002966_XSHE_2025_annual_report_bank_indicator_snippets.txt#snippet_0004,direct_pdf_text
600000.XSHG,浦发银行,2024,liquidity_matching_ratio,流动性匹配率,600000_XSHG_2024_annual_report.pdf,numeric_value_not_found,No alias anchor found in candidate snippet.,600000_XSHG_2024_annual_report_bank_indicator_snippets.txt#snippet_0001,direct_pdf_text
600000.XSHG,浦发银行,2024,single_group_credit_concentration_ratio,单一集团客户授信集中度,600000_XSHG_2024_annual_report.pdf,numeric_value_not_found,No alias anchor found in candidate snippet.,600000_XSHG_2024_annual_report_bank_indicator_snippets.txt#snippet_0001,direct_pdf_text
600000.XSHG,浦发银行,2025,liquidity_matching_ratio,流动性匹配率,600000_XSHG_2025_annual_report.pdf,numeric_value_not_found,No alias anchor found in candidate snippet.,600000_XSHG_2025_annual_report_bank_indicator_snippets.txt#snippet_0007,direct_pdf_text
600000.XSHG,浦发银行,2025,single_group_credit_concentration_ratio,单一集团客户授信集中度,600000_XSHG_2025_annual_report.pdf,numeric_value_not_found,No alias anchor found in candidate snippet.,600000_XSHG_2025_annual_report_bank_indicator_snippets.txt#snippet_0007,direct_pdf_text
600015.XSHG,华夏银行,2024,liquidity_matching_ratio,流动性匹配率,600015_XSHG_2024_annual_report.pdf,numeric_value_not_found,No alias anchor found in candidate snippet.,600015_XSHG_2024_annual_report_bank_indicator_snippets.txt#snippet_0002,direct_pdf_text
600015.XSHG,华夏银行,2024,single_group_credit_concentration_ratio,单一集团客户授信集中度,600015_XSHG_2024_annual_report.pdf,numeric_value_not_found,No alias anchor found in candidate snippet.,600015_XSHG_2024_annual_report_bank_indicator_snippets.txt#snippet_0002,direct_pdf_text
600015.XSHG,华夏银行,2025,liquidity_matching_ratio,流动性匹配率,600015_XSHG_2025_annual_report.pdf,numeric_value_not_found,No alias anchor found in candidate snippet.,600015_XSHG_2025_annual_report_bank_indicator_snippets.txt#snippet_0002,direct_pdf_text
600015.XSHG,华夏银行,2025,single_group_credit_concentration_ratio,单一集团客户授信集中度,600015_XSHG_2025_annual_report.pdf,numeric_value_not_found,No alias anchor found in candidate snippet.,600015_XSHG_2025_annual_report_bank_indicator_snippets.txt#snippet_0002,direct_pdf_text
600016.XSHG,民生银行,2024,single_group_credit_concentration_ratio,单一集团客户授信集中度,600016_XSHG_2024_annual_report.pdf,numeric_value_not_found,No alias anchor found in candidate snippet.,600016_XSHG_2024_annual_report_bank_indicator_snippets.txt#snippet_0026,direct_pdf_text
600016.XSHG,民生银行,2025,single_group_credit_concentration_ratio,单一集团客户授信集中度,600016_XSHG_2025_annual_report.pdf,numeric_value_not_found,No alias anchor found in candidate snippet.,600016_XSHG_2025_annual_report_bank_indicator_snippets.txt#snippet_0007,direct_pdf_text
600036.XSHG,招商银行,2024,liquidity_matching_ratio,流动性匹配率,600036_XSHG_2024_annual_report.pdf,numeric_value_not_found,No alias anchor found in candidate snippet.,600036_XSHG_2024_annual_report_windows_ocr_normalized_bank_indicator_snippets.txt#snippet_0058,windows_ocr_normalized
600036.XSHG,招商银行,2024,single_largest_customer_loan_ratio,单一最大客户贷款占资本净额比率,600036_XSHG_2024_annual_report.pdf,numeric_value_not_found,No alias anchor found in candidate snippet.,600036_XSHG_2024_annual_report_windows_ocr_normalized_bank_indicator_snippets.txt#snippet_0058,windows_ocr_normalized
600036.XSHG,招商银行,2024,top_ten_customer_loan_ratio,最大十家客户贷款占资本净额比率,600036_XSHG_2024_annual_report.pdf,numeric_value_not_found,No alias anchor found in candidate snippet.,600036_XSHG_2024_annual_report_windows_ocr_normalized_bank_indicator_snippets.txt#snippet_0058,windows_ocr_normalized
600036.XSHG,招商银行,2024,single_group_credit_concentration_ratio,单一集团客户授信集中度,600036_XSHG_2024_annual_report.pdf,numeric_value_not_found,No alias anchor found in candidate snippet.,600036_XSHG_2024_annual_report_windows_ocr_normalized_bank_indicator_snippets.txt#snippet_0058,windows_ocr_normalized
600036.XSHG,招商银行,2025,liquidity_matching_ratio,流动性匹配率,600036_XSHG_2025_annual_report.pdf,numeric_value_not_found,No alias anchor found in candidate snippet.,600036_XSHG_2025_annual_report_windows_ocr_normalized_bank_indicator_snippets.txt#snippet_0054,windows_ocr_normalized
600036.XSHG,招商银行,2025,single_largest_customer_loan_ratio,单一最大客户贷款占资本净额比率,600036_XSHG_2025_annual_report.pdf,numeric_value_not_found,No alias anchor found in candidate snippet.,600036_XSHG_2025_annual_report_windows_ocr_normalized_bank_indicator_snippets.txt#snippet_0054,windows_ocr_normalized
600036.XSHG,招商银行,2025,top_ten_customer_loan_ratio,最大十家客户贷款占资本净额比率,600036_XSHG_2025_annual_report.pdf,numeric_value_not_found,No alias anchor found in candidate snippet.,600036_XSHG_2025_annual_report_windows_ocr_normalized_bank_indicator_snippets.txt#snippet_0054,windows_ocr_normalized
600036.XSHG,招商银行,2025,single_group_credit_concentration_ratio,单一集团客户授信集中度,600036_XSHG_2025_annual_report.pdf,numeric_value_not_found,No alias anchor found in candidate snippet.,600036_XSHG_2025_annual_report_windows_ocr_normalized_bank_indicator_snippets.txt#snippet_0054,windows_ocr_normalized
600908.XSHG,无锡银行,2024,liquidity_matching_ratio,流动性匹配率,600908_XSHG_2024_annual_report.pdf,numeric_value_not_found,No alias anchor found in candidate snippet.,600908_XSHG_2024_annual_report_bank_indicator_snippets.txt#snippet_0007,direct_pdf_text
600908.XSHG,无锡银行,2024,liquidity_coverage_ratio,流动性覆盖率,600908_XSHG_2024_annual_report.pdf,numeric_value_not_found,No alias anchor found in candidate snippet.,600908_XSHG_2024_annual_report_bank_indicator_snippets.txt#snippet_0007,direct_pdf_text
600908.XSHG,无锡银行,2024,single_largest_customer_loan_ratio,单一最大客户贷款占资本净额比率,600908_XSHG_2024_annual_report.pdf,numeric_value_not_found,No alias anchor found in candidate snippet.,600908_XSHG_2024_annual_report_bank_indicator_snippets.txt#snippet_0007,direct_pdf_text
600908.XSHG,无锡银行,2024,top_ten_customer_loan_ratio,最大十家客户贷款占资本净额比率,600908_XSHG_2024_annual_report.pdf,numeric_value_not_found,No alias anchor found in candidate snippet.,600908_XSHG_2024_annual_report_bank_indicator_snippets.txt#snippet_0007,direct_pdf_text
600908.XSHG,无锡银行,2024,single_group_credit_concentration_ratio,单一集团客户授信集中度,600908_XSHG_2024_annual_report.pdf,numeric_value_not_found,No alias anchor found in candidate snippet.,600908_XSHG_2024_annual_report_bank_indicator_snippets.txt#snippet_0007,direct_pdf_text
600908.XSHG,无锡银行,2025,liquidity_matching_ratio,流动性匹配率,600908_XSHG_2025_annual_report.pdf,numeric_value_not_found,No alias anchor found in candidate snippet.,600908_XSHG_2025_annual_report_bank_indicator_snippets.txt#snippet_0007,direct_pdf_text
600908.XSHG,无锡银行,2025,liquidity_coverage_ratio,流动性覆盖率,600908_XSHG_2025_annual_report.pdf,numeric_value_not_found,No alias anchor found in candidate snippet.,600908_XSHG_2025_annual_report_bank_indicator_snippets.txt#snippet_0007,direct_pdf_text
600908.XSHG,无锡银行,2025,single_largest_customer_loan_ratio,单一最大客户贷款占资本净额比率,600908_XSHG_2025_annual_report.pdf,numeric_value_not_found,No alias anchor found in candidate snippet.,600908_XSHG_2025_annual_report_bank_indicator_snippets.txt#snippet_0007,direct_pdf_text
600908.XSHG,无锡银行,2025,top_ten_customer_loan_ratio,最大十家客户贷款占资本净额比率,600908_XSHG_2025_annual_report.pdf,numeric_value_not_found,No alias anchor found in candidate snippet.,600908_XSHG_2025_annual_report_bank_indicator_snippets.txt#snippet_0007,direct_pdf_text
600908.XSHG,无锡银行,2025,single_group_credit_concentration_ratio,单一集团客户授信集中度,600908_XSHG_2025_annual_report.pdf,numeric_value_not_found,No alias anchor found in candidate snippet.,600908_XSHG_2025_annual_report_bank_indicator_snippets.txt#snippet_0007,direct_pdf_text
600919.XSHG,江苏银行,2024,liquidity_matching_ratio,流动性匹配率,600919_XSHG_2024_annual_report.pdf,numeric_value_not_found,No alias anchor found in candidate snippet.,600919_XSHG_2024_annual_report_bank_indicator_snippets.txt#snippet_0004,direct_pdf_text
600919.XSHG,江苏银行,2024,single_group_credit_concentration_ratio,单一集团客户授信集中度,600919_XSHG_2024_annual_report.pdf,numeric_value_not_found,No alias anchor found in candidate snippet.,600919_XSHG_2024_annual_report_bank_indicator_snippets.txt#snippet_0004,direct_pdf_text
600919.XSHG,江苏银行,2025,liquidity_matching_ratio,流动性匹配率,600919_XSHG_2025_annual_report.pdf,numeric_value_not_found,No alias anchor found in candidate snippet.,600919_XSHG_2025_annual_report_bank_indicator_snippets.txt#snippet_0001,direct_pdf_text
600919.XSHG,江苏银行,2025,single_group_credit_concentration_ratio,单一集团客户授信集中度,600919_XSHG_2025_annual_report.pdf,numeric_value_not_found,No alias anchor found in candidate snippet.,600919_XSHG_2025_annual_report_bank_indicator_snippets.txt#snippet_0001,direct_pdf_text
600926.XSHG,杭州银行,2024,liquidity_matching_ratio,流动性匹配率,600926_XSHG_2024_annual_report.pdf,numeric_value_not_found,No alias anchor found in candidate snippet.,600926_XSHG_2024_annual_report_bank_indicator_snippets.txt#snippet_0006,direct_pdf_text
600926.XSHG,杭州银行,2024,single_largest_customer_loan_ratio,单一最大客户贷款占资本净额比率,600926_XSHG_2024_annual_report.pdf,numeric_value_not_found,No alias anchor found in candidate snippet.,600926_XSHG_2024_annual_report_bank_indicator_snippets.txt#snippet_0006,direct_pdf_text
600926.XSHG,杭州银行,2024,single_group_credit_concentration_ratio,单一集团客户授信集中度,600926_XSHG_2024_annual_report.pdf,numeric_value_not_found,No alias anchor found in candidate snippet.,600926_XSHG_2024_annual_report_bank_indicator_snippets.txt#snippet_0006,direct_pdf_text
600926.XSHG,杭州银行,2025,liquidity_matching_ratio,流动性匹配率,600926_XSHG_2025_annual_report.pdf,numeric_value_not_found,No alias anchor found in candidate snippet.,600926_XSHG_2025_annual_report_bank_indicator_snippets.txt#snippet_0006,direct_pdf_text
600926.XSHG,杭州银行,2025,single_largest_customer_loan_ratio,单一最大客户贷款占资本净额比率,600926_XSHG_2025_annual_report.pdf,numeric_value_not_found,No alias anchor found in candidate snippet.,600926_XSHG_2025_annual_report_bank_indicator_snippets.txt#snippet_0006,direct_pdf_text
600926.XSHG,杭州银行,2025,single_group_credit_concentration_ratio,单一集团客户授信集中度,600926_XSHG_2025_annual_report.pdf,numeric_value_not_found,No alias anchor found in candidate snippet.,600926_XSHG_2025_annual_report_bank_indicator_snippets.txt#snippet_0006,direct_pdf_text
600928.XSHG,西安银行,2024,liquidity_matching_ratio,流动性匹配率,600928_XSHG_2024_annual_report.pdf,numeric_value_not_found,No alias anchor found in candidate snippet.,600928_XSHG_2024_annual_report_bank_indicator_snippets.txt#snippet_0006,direct_pdf_text
600928.XSHG,西安银行,2024,single_largest_customer_loan_ratio,单一最大客户贷款占资本净额比率,600928_XSHG_2024_annual_report.pdf,numeric_value_not_found,No alias anchor found in candidate snippet.,600928_XSHG_2024_annual_report_bank_indicator_snippets.txt#snippet_0006,direct_pdf_text
600928.XSHG,西安银行,2024,top_ten_customer_loan_ratio,最大十家客户贷款占资本净额比率,600928_XSHG_2024_annual_report.pdf,numeric_value_not_found,No alias anchor found in candidate snippet.,600928_XSHG_2024_annual_report_bank_indicator_snippets.txt#snippet_0006,direct_pdf_text
600928.XSHG,西安银行,2024,single_group_credit_concentration_ratio,单一集团客户授信集中度,600928_XSHG_2024_annual_report.pdf,numeric_value_not_found,No alias anchor found in candidate snippet.,600928_XSHG_2024_annual_report_bank_indicator_snippets.txt#snippet_0006,direct_pdf_text
600928.XSHG,西安银行,2025,liquidity_matching_ratio,流动性匹配率,600928_XSHG_2025_annual_report.pdf,numeric_value_not_found,No alias anchor found in candidate snippet.,600928_XSHG_2025_annual_report_bank_indicator_snippets.txt#snippet_0006,direct_pdf_text
600928.XSHG,西安银行,2025,single_largest_customer_loan_ratio,单一最大客户贷款占资本净额比率,600928_XSHG_2025_annual_report.pdf,numeric_value_not_found,No alias anchor found in candidate snippet.,600928_XSHG_2025_annual_report_bank_indicator_snippets.txt#snippet_0006,direct_pdf_text
600928.XSHG,西安银行,2025,top_ten_customer_loan_ratio,最大十家客户贷款占资本净额比率,600928_XSHG_2025_annual_report.pdf,numeric_value_not_found,No alias anchor found in candidate snippet.,600928_XSHG_2025_annual_report_bank_indicator_snippets.txt#snippet_0006,direct_pdf_text
600928.XSHG,西安银行,2025,single_group_credit_concentration_ratio,单一集团客户授信集中度,600928_XSHG_2025_annual_report.pdf,numeric_value_not_found,No alias anchor found in candidate snippet.,600928_XSHG_2025_annual_report_bank_indicator_snippets.txt#snippet_0006,direct_pdf_text
601009.XSHG,南京银行,2024,liquidity_matching_ratio,流动性匹配率,601009_XSHG_2024_annual_report.pdf,numeric_value_not_found,No alias anchor found in candidate snippet.,601009_XSHG_2024_annual_report_windows_ocr_normalized_bank_indicator_snippets.txt#snippet_0014,windows_ocr_normalized
601009.XSHG,南京银行,2024,single_largest_customer_loan_ratio,单一最大客户贷款占资本净额比率,601009_XSHG_2024_annual_report.pdf,numeric_value_not_found,No alias anchor found in candidate snippet.,601009_XSHG_2024_annual_report_windows_ocr_normalized_bank_indicator_snippets.txt#snippet_0014,windows_ocr_normalized
601009.XSHG,南京银行,2024,single_group_credit_concentration_ratio,单一集团客户授信集中度,601009_XSHG_2024_annual_report.pdf,numeric_value_not_found,No alias anchor found in candidate snippet.,601009_XSHG_2024_annual_report_windows_ocr_normalized_bank_indicator_snippets.txt#snippet_0014,windows_ocr_normalized
601009.XSHG,南京银行,2025,liquidity_matching_ratio,流动性匹配率,601009_XSHG_2025_annual_report.pdf,numeric_value_not_found,No alias anchor found in candidate snippet.,601009_XSHG_2025_annual_report_windows_ocr_normalized_bank_indicator_snippets.txt#snippet_0014,windows_ocr_normalized
601009.XSHG,南京银行,2025,single_largest_customer_loan_ratio,单一最大客户贷款占资本净额比率,601009_XSHG_2025_annual_report.pdf,numeric_value_not_found,No alias anchor found in candidate snippet.,601009_XSHG_2025_annual_report_windows_ocr_normalized_bank_indicator_snippets.txt#snippet_0014,windows_ocr_normalized
601009.XSHG,南京银行,2025,single_group_credit_concentration_ratio,单一集团客户授信集中度,601009_XSHG_2025_annual_report.pdf,numeric_value_not_found,No alias anchor found in candidate snippet.,601009_XSHG_2025_annual_report_windows_ocr_normalized_bank_indicator_snippets.txt#snippet_0014,windows_ocr_normalized
601077.XSHG,渝农商行,2024,liquidity_matching_ratio,流动性匹配率,601077_XSHG_2024_annual_report.pdf,numeric_value_not_found,No alias anchor found in candidate snippet.,601077_XSHG_2024_annual_report_bank_indicator_snippets.txt#snippet_0030,direct_pdf_text
601077.XSHG,渝农商行,2024,single_largest_customer_loan_ratio,单一最大客户贷款占资本净额比率,601077_XSHG_2024_annual_report.pdf,numeric_value_not_found,No alias anchor found in candidate snippet.,601077_XSHG_2024_annual_report_bank_indicator_snippets.txt#snippet_0030,direct_pdf_text
601077.XSHG,渝农商行,2024,top_ten_customer_loan_ratio,最大十家客户贷款占资本净额比率,601077_XSHG_2024_annual_report.pdf,numeric_value_not_found,No alias anchor found in candidate snippet.,601077_XSHG_2024_annual_report_bank_indicator_snippets.txt#snippet_0030,direct_pdf_text
601077.XSHG,渝农商行,2024,single_group_credit_concentration_ratio,单一集团客户授信集中度,601077_XSHG_2024_annual_report.pdf,numeric_value_not_found,No alias anchor found in candidate snippet.,601077_XSHG_2024_annual_report_bank_indicator_snippets.txt#snippet_0030,direct_pdf_text
601077.XSHG,渝农商行,2025,liquidity_matching_ratio,流动性匹配率,601077_XSHG_2025_annual_report.pdf,numeric_value_not_found,No alias anchor found in candidate snippet.,601077_XSHG_2025_annual_report_bank_indicator_snippets.txt#snippet_0026,direct_pdf_text
601077.XSHG,渝农商行,2025,single_largest_customer_loan_ratio,单一最大客户贷款占资本净额比率,601077_XSHG_2025_annual_report.pdf,numeric_value_not_found,No alias anchor found in candidate snippet.,601077_XSHG_2025_annual_report_bank_indicator_snippets.txt#snippet_0026,direct_pdf_text
601077.XSHG,渝农商行,2025,top_ten_customer_loan_ratio,最大十家客户贷款占资本净额比率,601077_XSHG_2025_annual_report.pdf,numeric_value_not_found,No alias anchor found in candidate snippet.,601077_XSHG_2025_annual_report_bank_indicator_snippets.txt#snippet_0026,direct_pdf_text
601077.XSHG,渝农商行,2025,single_group_credit_concentration_ratio,单一集团客户授信集中度,601077_XSHG_2025_annual_report.pdf,numeric_value_not_found,No alias anchor found in candidate snippet.,601077_XSHG_2025_annual_report_bank_indicator_snippets.txt#snippet_0026,direct_pdf_text
601128.XSHG,常熟银行,2024,liquidity_matching_ratio,流动性匹配率,601128_XSHG_2024_annual_report.pdf,numeric_value_not_found,No numeric token found after the matched field anchor.,601128_XSHG_2024_annual_report_bank_indicator_snippets.txt#snippet_0045,direct_pdf_text
601128.XSHG,常熟银行,2024,single_largest_customer_loan_ratio,单一最大客户贷款占资本净额比率,601128_XSHG_2024_annual_report.pdf,numeric_value_not_found,No alias anchor found in candidate snippet.,601128_XSHG_2024_annual_report_bank_indicator_snippets.txt#snippet_0033,direct_pdf_text
601128.XSHG,常熟银行,2024,top_ten_customer_loan_ratio,最大十家客户贷款占资本净额比率,601128_XSHG_2024_annual_report.pdf,numeric_value_not_found,No alias anchor found in candidate snippet.,601128_XSHG_2024_annual_report_bank_indicator_snippets.txt#snippet_0033,direct_pdf_text
601128.XSHG,常熟银行,2024,single_group_credit_concentration_ratio,单一集团客户授信集中度,601128_XSHG_2024_annual_report.pdf,numeric_value_not_found,No alias anchor found in candidate snippet.,601128_XSHG_2024_annual_report_bank_indicator_snippets.txt#snippet_0033,direct_pdf_text
601128.XSHG,常熟银行,2025,liquidity_matching_ratio,流动性匹配率,601128_XSHG_2025_annual_report.pdf,numeric_value_not_found,No numeric token found after the matched field anchor.,601128_XSHG_2025_annual_report_bank_indicator_snippets.txt#snippet_0043,direct_pdf_text
601128.XSHG,常熟银行,2025,single_largest_customer_loan_ratio,单一最大客户贷款占资本净额比率,601128_XSHG_2025_annual_report.pdf,numeric_value_not_found,No alias anchor found in candidate snippet.,601128_XSHG_2025_annual_report_bank_indicator_snippets.txt#snippet_0032,direct_pdf_text
601128.XSHG,常熟银行,2025,top_ten_customer_loan_ratio,最大十家客户贷款占资本净额比率,601128_XSHG_2025_annual_report.pdf,numeric_value_not_found,No alias anchor found in candidate snippet.,601128_XSHG_2025_annual_report_bank_indicator_snippets.txt#snippet_0032,direct_pdf_text
601128.XSHG,常熟银行,2025,single_group_credit_concentration_ratio,单一集团客户授信集中度,601128_XSHG_2025_annual_report.pdf,numeric_value_not_found,No alias anchor found in candidate snippet.,601128_XSHG_2025_annual_report_bank_indicator_snippets.txt#snippet_0032,direct_pdf_text
601166.XSHG,兴业银行,2024,single_group_credit_concentration_ratio,单一集团客户授信集中度,601166_XSHG_2024_annual_report.pdf,numeric_value_not_found,No alias anchor found in candidate snippet.,601166_XSHG_2024_annual_report_bank_indicator_snippets.txt#snippet_0002,direct_pdf_text
601166.XSHG,兴业银行,2025,liquidity_matching_ratio,流动性匹配率,601166_XSHG_2025_annual_report.pdf,numeric_value_not_found,No alias anchor found in candidate snippet.,601166_XSHG_2025_annual_report_bank_indicator_snippets.txt#snippet_0003,direct_pdf_text
601166.XSHG,兴业银行,2025,single_group_credit_concentration_ratio,单一集团客户授信集中度,601166_XSHG_2025_annual_report.pdf,numeric_value_not_found,No alias anchor found in candidate snippet.,601166_XSHG_2025_annual_report_bank_indicator_snippets.txt#snippet_0003,direct_pdf_text
601169.XSHG,北京银行,2024,liquidity_matching_ratio,流动性匹配率,601169_XSHG_2024_annual_report.pdf,numeric_value_not_found,No alias anchor found in candidate snippet.,601169_XSHG_2024_annual_report_bank_indicator_snippets.txt#snippet_0001,direct_pdf_text
601169.XSHG,北京银行,2024,single_largest_customer_loan_ratio,单一最大客户贷款占资本净额比率,601169_XSHG_2024_annual_report.pdf,numeric_value_not_found,No alias anchor found in candidate snippet.,601169_XSHG_2024_annual_report_bank_indicator_snippets.txt#snippet_0001,direct_pdf_text
601169.XSHG,北京银行,2024,top_ten_customer_loan_ratio,最大十家客户贷款占资本净额比率,601169_XSHG_2024_annual_report.pdf,numeric_value_not_found,No alias anchor found in candidate snippet.,601169_XSHG_2024_annual_report_bank_indicator_snippets.txt#snippet_0001,direct_pdf_text
601169.XSHG,北京银行,2024,single_group_credit_concentration_ratio,单一集团客户授信集中度,601169_XSHG_2024_annual_report.pdf,numeric_value_not_found,No alias anchor found in candidate snippet.,601169_XSHG_2024_annual_report_bank_indicator_snippets.txt#snippet_0001,direct_pdf_text
601169.XSHG,北京银行,2025,liquidity_matching_ratio,流动性匹配率,601169_XSHG_2025_annual_report.pdf,numeric_value_not_found,No alias anchor found in candidate snippet.,601169_XSHG_2025_annual_report_bank_indicator_snippets.txt#snippet_0001,direct_pdf_text
601169.XSHG,北京银行,2025,single_largest_customer_loan_ratio,单一最大客户贷款占资本净额比率,601169_XSHG_2025_annual_report.pdf,numeric_value_not_found,No alias anchor found in candidate snippet.,601169_XSHG_2025_annual_report_bank_indicator_snippets.txt#snippet_0001,direct_pdf_text
601169.XSHG,北京银行,2025,top_ten_customer_loan_ratio,最大十家客户贷款占资本净额比率,601169_XSHG_2025_annual_report.pdf,numeric_value_not_found,No alias anchor found in candidate snippet.,601169_XSHG_2025_annual_report_bank_indicator_snippets.txt#snippet_0001,direct_pdf_text
601169.XSHG,北京银行,2025,single_group_credit_concentration_ratio,单一集团客户授信集中度,601169_XSHG_2025_annual_report.pdf,numeric_value_not_found,No alias anchor found in candidate snippet.,601169_XSHG_2025_annual_report_bank_indicator_snippets.txt#snippet_0001,direct_pdf_text
601187.XSHG,厦门银行,2024,liquidity_matching_ratio,流动性匹配率,601187_XSHG_2024_annual_report.pdf,numeric_value_not_found,No alias anchor found in candidate snippet.,601187_XSHG_2024_annual_report_bank_indicator_snippets.txt#snippet_0006,direct_pdf_text
601187.XSHG,厦门银行,2024,single_largest_customer_loan_ratio,单一最大客户贷款占资本净额比率,601187_XSHG_2024_annual_report.pdf,numeric_value_not_found,No alias anchor found in candidate snippet.,601187_XSHG_2024_annual_report_bank_indicator_snippets.txt#snippet_0006,direct_pdf_text
601187.XSHG,厦门银行,2024,top_ten_customer_loan_ratio,最大十家客户贷款占资本净额比率,601187_XSHG_2024_annual_report.pdf,numeric_value_not_found,No alias anchor found in candidate snippet.,601187_XSHG_2024_annual_report_bank_indicator_snippets.txt#snippet_0006,direct_pdf_text
601187.XSHG,厦门银行,2024,single_group_credit_concentration_ratio,单一集团客户授信集中度,601187_XSHG_2024_annual_report.pdf,numeric_value_not_found,No alias anchor found in candidate snippet.,601187_XSHG_2024_annual_report_bank_indicator_snippets.txt#snippet_0006,direct_pdf_text
601187.XSHG,厦门银行,2025,liquidity_matching_ratio,流动性匹配率,601187_XSHG_2025_annual_report.pdf,numeric_value_not_found,No alias anchor found in candidate snippet.,601187_XSHG_2025_annual_report_bank_indicator_snippets.txt#snippet_0039,direct_pdf_text
601187.XSHG,厦门银行,2025,single_largest_customer_loan_ratio,单一最大客户贷款占资本净额比率,601187_XSHG_2025_annual_report.pdf,numeric_value_not_found,No alias anchor found in candidate snippet.,601187_XSHG_2025_annual_report_bank_indicator_snippets.txt#snippet_0039,direct_pdf_text
601187.XSHG,厦门银行,2025,top_ten_customer_loan_ratio,最大十家客户贷款占资本净额比率,601187_XSHG_2025_annual_report.pdf,numeric_value_not_found,No alias anchor found in candidate snippet.,601187_XSHG_2025_annual_report_bank_indicator_snippets.txt#snippet_0039,direct_pdf_text
601187.XSHG,厦门银行,2025,single_group_credit_concentration_ratio,单一集团客户授信集中度,601187_XSHG_2025_annual_report.pdf,numeric_value_not_found,No alias anchor found in candidate snippet.,601187_XSHG_2025_annual_report_bank_indicator_snippets.txt#snippet_0039,direct_pdf_text
601229.XSHG,上海银行,2024,single_group_credit_concentration_ratio,单一集团客户授信集中度,601229_XSHG_2024_annual_report.pdf,numeric_value_not_found,No alias anchor found in candidate snippet.,601229_XSHG_2024_annual_report_bank_indicator_snippets.txt#snippet_0004,direct_pdf_text
601229.XSHG,上海银行,2025,single_group_credit_concentration_ratio,单一集团客户授信集中度,601229_XSHG_2025_annual_report.pdf,numeric_value_not_found,No alias anchor found in candidate snippet.,601229_XSHG_2025_annual_report_bank_indicator_snippets.txt#snippet_0003,direct_pdf_text
601288.XSHG,农业银行,2024,liquidity_matching_ratio,流动性匹配率,601288_XSHG_2024_annual_report.pdf,numeric_value_not_found,No alias anchor found in candidate snippet.,601288_XSHG_2024_annual_report_bank_indicator_snippets.txt#snippet_0058,direct_pdf_text
601288.XSHG,农业银行,2024,single_group_credit_concentration_ratio,单一集团客户授信集中度,601288_XSHG_2024_annual_report.pdf,numeric_value_not_found,No alias anchor found in candidate snippet.,601288_XSHG_2024_annual_report_bank_indicator_snippets.txt#snippet_0058,direct_pdf_text
601288.XSHG,农业银行,2025,liquidity_matching_ratio,流动性匹配率,601288_XSHG_2025_annual_report.pdf,numeric_value_not_found,No alias anchor found in candidate snippet.,601288_XSHG_2025_annual_report_bank_indicator_snippets.txt#snippet_0057,direct_pdf_text
601288.XSHG,农业银行,2025,single_group_credit_concentration_ratio,单一集团客户授信集中度,601288_XSHG_2025_annual_report.pdf,numeric_value_not_found,No alias anchor found in candidate snippet.,601288_XSHG_2025_annual_report_bank_indicator_snippets.txt#snippet_0057,direct_pdf_text
601328.XSHG,交通银行,2024,tier_1_capital_adequacy_ratio,一级资本充足率,601328_XSHG_2024_annual_report.pdf,numeric_value_not_found,No alias anchor found in candidate snippet.,601328_XSHG_2024_annual_report_windows_ocr_normalized_bank_indicator_snippets.txt#snippet_0005,windows_ocr_normalized
601328.XSHG,交通银行,2024,core_tier_1_capital_adequacy_ratio,核心一级资本充足率,601328_XSHG_2024_annual_report.pdf,numeric_value_not_found,No alias anchor found in candidate snippet.,601328_XSHG_2024_annual_report_windows_ocr_normalized_bank_indicator_snippets.txt#snippet_0005,windows_ocr_normalized
601328.XSHG,交通银行,2024,provision_to_loan_ratio,拨贷比,601328_XSHG_2024_annual_report.pdf,numeric_value_not_found,No alias anchor found in candidate snippet.,601328_XSHG_2024_annual_report_windows_ocr_normalized_bank_indicator_snippets.txt#snippet_0005,windows_ocr_normalized
601328.XSHG,交通银行,2024,liquidity_matching_ratio,流动性匹配率,601328_XSHG_2024_annual_report.pdf,numeric_value_not_found,No alias anchor found in candidate snippet.,601328_XSHG_2024_annual_report_windows_ocr_normalized_bank_indicator_snippets.txt#snippet_0005,windows_ocr_normalized
601328.XSHG,交通银行,2024,single_largest_customer_loan_ratio,单一最大客户贷款占资本净额比率,601328_XSHG_2024_annual_report.pdf,numeric_value_not_found,No alias anchor found in candidate snippet.,601328_XSHG_2024_annual_report_windows_ocr_normalized_bank_indicator_snippets.txt#snippet_0005,windows_ocr_normalized
601328.XSHG,交通银行,2024,top_ten_customer_loan_ratio,最大十家客户贷款占资本净额比率,601328_XSHG_2024_annual_report.pdf,numeric_value_not_found,No alias anchor found in candidate snippet.,601328_XSHG_2024_annual_report_windows_ocr_normalized_bank_indicator_snippets.txt#snippet_0005,windows_ocr_normalized
601328.XSHG,交通银行,2024,single_group_credit_concentration_ratio,单一集团客户授信集中度,601328_XSHG_2024_annual_report.pdf,numeric_value_not_found,No alias anchor found in candidate snippet.,601328_XSHG_2024_annual_report_windows_ocr_normalized_bank_indicator_snippets.txt#snippet_0005,windows_ocr_normalized
601328.XSHG,交通银行,2025,capital_adequacy_ratio,资本充足率,601328_XSHG_2025_annual_report.pdf,numeric_value_not_found,No alias anchor found in candidate snippet.,601328_XSHG_2025_annual_report_windows_ocr_normalized_bank_indicator_snippets.txt#snippet_0002,windows_ocr_normalized
601328.XSHG,交通银行,2025,tier_1_capital_adequacy_ratio,一级资本充足率,601328_XSHG_2025_annual_report.pdf,numeric_value_not_found,No alias anchor found in candidate snippet.,601328_XSHG_2025_annual_report_windows_ocr_normalized_bank_indicator_snippets.txt#snippet_0002,windows_ocr_normalized
601328.XSHG,交通银行,2025,core_tier_1_capital_adequacy_ratio,核心一级资本充足率,601328_XSHG_2025_annual_report.pdf,numeric_value_not_found,No alias anchor found in candidate snippet.,601328_XSHG_2025_annual_report_windows_ocr_normalized_bank_indicator_snippets.txt#snippet_0002,windows_ocr_normalized
601328.XSHG,交通银行,2025,provision_to_loan_ratio,拨贷比,601328_XSHG_2025_annual_report.pdf,numeric_value_not_found,No alias anchor found in candidate snippet.,601328_XSHG_2025_annual_report_windows_ocr_normalized_bank_indicator_snippets.txt#snippet_0002,windows_ocr_normalized
601328.XSHG,交通银行,2025,liquidity_matching_ratio,流动性匹配率,601328_XSHG_2025_annual_report.pdf,numeric_value_not_found,No alias anchor found in candidate snippet.,601328_XSHG_2025_annual_report_windows_ocr_normalized_bank_indicator_snippets.txt#snippet_0002,windows_ocr_normalized
601328.XSHG,交通银行,2025,single_largest_customer_loan_ratio,单一最大客户贷款占资本净额比率,601328_XSHG_2025_annual_report.pdf,numeric_value_not_found,No alias anchor found in candidate snippet.,601328_XSHG_2025_annual_report_windows_ocr_normalized_bank_indicator_snippets.txt#snippet_0002,windows_ocr_normalized
601328.XSHG,交通银行,2025,top_ten_customer_loan_ratio,最大十家客户贷款占资本净额比率,601328_XSHG_2025_annual_report.pdf,numeric_value_not_found,No alias anchor found in candidate snippet.,601328_XSHG_2025_annual_report_windows_ocr_normalized_bank_indicator_snippets.txt#snippet_0002,windows_ocr_normalized
601328.XSHG,交通银行,2025,single_group_credit_concentration_ratio,单一集团客户授信集中度,601328_XSHG_2025_annual_report.pdf,numeric_value_not_found,No alias anchor found in candidate snippet.,601328_XSHG_2025_annual_report_windows_ocr_normalized_bank_indicator_snippets.txt#snippet_0002,windows_ocr_normalized
601398.XSHG,工商银行,2024,liquidity_matching_ratio,流动性匹配率,601398_XSHG_2024_annual_report.pdf,numeric_value_not_found,No alias anchor found in candidate snippet.,601398_XSHG_2024_annual_report_bank_indicator_snippets.txt#snippet_0071,direct_pdf_text
601398.XSHG,工商银行,2024,single_group_credit_concentration_ratio,单一集团客户授信集中度,601398_XSHG_2024_annual_report.pdf,numeric_value_not_found,No alias anchor found in candidate snippet.,601398_XSHG_2024_annual_report_bank_indicator_snippets.txt#snippet_0071,direct_pdf_text
601398.XSHG,工商银行,2025,liquidity_matching_ratio,流动性匹配率,601398_XSHG_2025_annual_report.pdf,numeric_value_not_found,No alias anchor found in candidate snippet.,601398_XSHG_2025_annual_report_windows_ocr_normalized_bank_indicator_snippets.txt#snippet_0009,windows_ocr_normalized
601398.XSHG,工商银行,2025,single_largest_customer_loan_ratio,单一最大客户贷款占资本净额比率,601398_XSHG_2025_annual_report.pdf,numeric_value_not_found,No alias anchor found in candidate snippet.,601398_XSHG_2025_annual_report_windows_ocr_normalized_bank_indicator_snippets.txt#snippet_0009,windows_ocr_normalized
601398.XSHG,工商银行,2025,top_ten_customer_loan_ratio,最大十家客户贷款占资本净额比率,601398_XSHG_2025_annual_report.pdf,numeric_value_not_found,No alias anchor found in candidate snippet.,601398_XSHG_2025_annual_report_windows_ocr_normalized_bank_indicator_snippets.txt#snippet_0009,windows_ocr_normalized
601398.XSHG,工商银行,2025,single_group_credit_concentration_ratio,单一集团客户授信集中度,601398_XSHG_2025_annual_report.pdf,numeric_value_not_found,No alias anchor found in candidate snippet.,601398_XSHG_2025_annual_report_windows_ocr_normalized_bank_indicator_snippets.txt#snippet_0009,windows_ocr_normalized
601528.XSHG,瑞丰银行,2024,provision_to_loan_ratio,拨贷比,601528_XSHG_2024_annual_report.pdf,numeric_value_not_found,No alias anchor found in candidate snippet.,601528_XSHG_2024_annual_report_bank_indicator_snippets.txt#snippet_0001,direct_pdf_text
601528.XSHG,瑞丰银行,2024,liquidity_ratio,流动性比例（本外币）,601528_XSHG_2024_annual_report.pdf,numeric_value_not_found,No alias anchor found in candidate snippet.,601528_XSHG_2024_annual_report_bank_indicator_snippets.txt#snippet_0001,direct_pdf_text
601528.XSHG,瑞丰银行,2024,liquidity_matching_ratio,流动性匹配率,601528_XSHG_2024_annual_report.pdf,numeric_value_not_found,No alias anchor found in candidate snippet.,601528_XSHG_2024_annual_report_bank_indicator_snippets.txt#snippet_0001,direct_pdf_text
601528.XSHG,瑞丰银行,2024,liquidity_coverage_ratio,流动性覆盖率,601528_XSHG_2024_annual_report.pdf,numeric_value_not_found,No alias anchor found in candidate snippet.,601528_XSHG_2024_annual_report_bank_indicator_snippets.txt#snippet_0001,direct_pdf_text
601528.XSHG,瑞丰银行,2024,single_largest_customer_loan_ratio,单一最大客户贷款占资本净额比率,601528_XSHG_2024_annual_report.pdf,numeric_value_not_found,No alias anchor found in candidate snippet.,601528_XSHG_2024_annual_report_bank_indicator_snippets.txt#snippet_0001,direct_pdf_text
601528.XSHG,瑞丰银行,2024,top_ten_customer_loan_ratio,最大十家客户贷款占资本净额比率,601528_XSHG_2024_annual_report.pdf,numeric_value_not_found,No alias anchor found in candidate snippet.,601528_XSHG_2024_annual_report_bank_indicator_snippets.txt#snippet_0001,direct_pdf_text
601528.XSHG,瑞丰银行,2024,single_group_credit_concentration_ratio,单一集团客户授信集中度,601528_XSHG_2024_annual_report.pdf,numeric_value_not_found,No alias anchor found in candidate snippet.,601528_XSHG_2024_annual_report_bank_indicator_snippets.txt#snippet_0001,direct_pdf_text
601528.XSHG,瑞丰银行,2025,liquidity_matching_ratio,流动性匹配率,601528_XSHG_2025_annual_report.pdf,numeric_value_not_found,No alias anchor found in candidate snippet.,601528_XSHG_2025_annual_report_bank_indicator_snippets.txt#snippet_0005,direct_pdf_text
601528.XSHG,瑞丰银行,2025,single_largest_customer_loan_ratio,单一最大客户贷款占资本净额比率,601528_XSHG_2025_annual_report.pdf,numeric_value_not_found,No alias anchor found in candidate snippet.,601528_XSHG_2025_annual_report_bank_indicator_snippets.txt#snippet_0005,direct_pdf_text
601528.XSHG,瑞丰银行,2025,top_ten_customer_loan_ratio,最大十家客户贷款占资本净额比率,601528_XSHG_2025_annual_report.pdf,numeric_value_not_found,No alias anchor found in candidate snippet.,601528_XSHG_2025_annual_report_bank_indicator_snippets.txt#snippet_0005,direct_pdf_text
601528.XSHG,瑞丰银行,2025,single_group_credit_concentration_ratio,单一集团客户授信集中度,601528_XSHG_2025_annual_report.pdf,numeric_value_not_found,No alias anchor found in candidate snippet.,601528_XSHG_2025_annual_report_bank_indicator_snippets.txt#snippet_0005,direct_pdf_text
601577.XSHG,长沙银行,2025,liquidity_matching_ratio,流动性匹配率,601577_XSHG_2025_annual_report.pdf,numeric_value_not_found,No alias anchor found in candidate snippet.,601577_XSHG_2025_annual_report_bank_indicator_snippets.txt#snippet_0004,direct_pdf_text
601577.XSHG,长沙银行,2025,single_largest_customer_loan_ratio,单一最大客户贷款占资本净额比率,601577_XSHG_2025_annual_report.pdf,numeric_value_not_found,No alias anchor found in candidate snippet.,601577_XSHG_2025_annual_report_bank_indicator_snippets.txt#snippet_0004,direct_pdf_text
601577.XSHG,长沙银行,2025,top_ten_customer_loan_ratio,最大十家客户贷款占资本净额比率,601577_XSHG_2025_annual_report.pdf,numeric_value_not_found,No alias anchor found in candidate snippet.,601577_XSHG_2025_annual_report_bank_indicator_snippets.txt#snippet_0004,direct_pdf_text
601577.XSHG,长沙银行,2025,single_group_credit_concentration_ratio,单一集团客户授信集中度,601577_XSHG_2025_annual_report.pdf,numeric_value_not_found,No alias anchor found in candidate snippet.,601577_XSHG_2025_annual_report_bank_indicator_snippets.txt#snippet_0004,direct_pdf_text
601658.XSHG,邮储银行,2024,liquidity_matching_ratio,流动性匹配率,601658_XSHG_2024_annual_report.pdf,numeric_value_not_found,No alias anchor found in candidate snippet.,601658_XSHG_2024_annual_report_bank_indicator_snippets.txt#snippet_0006,direct_pdf_text
601658.XSHG,邮储银行,2024,single_group_credit_concentration_ratio,单一集团客户授信集中度,601658_XSHG_2024_annual_report.pdf,numeric_value_not_found,No alias anchor found in candidate snippet.,601658_XSHG_2024_annual_report_bank_indicator_snippets.txt#snippet_0006,direct_pdf_text
601658.XSHG,邮储银行,2025,liquidity_matching_ratio,流动性匹配率,601658_XSHG_2025_annual_report.pdf,numeric_value_not_found,No alias anchor found in candidate snippet.,601658_XSHG_2025_annual_report_bank_indicator_snippets.txt#snippet_0007,direct_pdf_text
601658.XSHG,邮储银行,2025,single_group_credit_concentration_ratio,单一集团客户授信集中度,601658_XSHG_2025_annual_report.pdf,numeric_value_not_found,No alias anchor found in candidate snippet.,601658_XSHG_2025_annual_report_bank_indicator_snippets.txt#snippet_0007,direct_pdf_text
601665.XSHG,齐鲁银行,2024,liquidity_matching_ratio,流动性匹配率,601665_XSHG_2024_annual_report.pdf,numeric_value_not_found,No alias anchor found in candidate snippet.,601665_XSHG_2024_annual_report_bank_indicator_snippets.txt#snippet_0001,direct_pdf_text
601665.XSHG,齐鲁银行,2024,single_largest_customer_loan_ratio,单一最大客户贷款占资本净额比率,601665_XSHG_2024_annual_report.pdf,numeric_value_not_found,No alias anchor found in candidate snippet.,601665_XSHG_2024_annual_report_bank_indicator_snippets.txt#snippet_0001,direct_pdf_text
601665.XSHG,齐鲁银行,2024,top_ten_customer_loan_ratio,最大十家客户贷款占资本净额比率,601665_XSHG_2024_annual_report.pdf,numeric_value_not_found,No alias anchor found in candidate snippet.,601665_XSHG_2024_annual_report_bank_indicator_snippets.txt#snippet_0001,direct_pdf_text
601665.XSHG,齐鲁银行,2024,single_group_credit_concentration_ratio,单一集团客户授信集中度,601665_XSHG_2024_annual_report.pdf,numeric_value_not_found,No alias anchor found in candidate snippet.,601665_XSHG_2024_annual_report_bank_indicator_snippets.txt#snippet_0001,direct_pdf_text
601665.XSHG,齐鲁银行,2025,liquidity_matching_ratio,流动性匹配率,601665_XSHG_2025_annual_report.pdf,numeric_value_not_found,No alias anchor found in candidate snippet.,601665_XSHG_2025_annual_report_bank_indicator_snippets.txt#snippet_0002,direct_pdf_text
601665.XSHG,齐鲁银行,2025,single_largest_customer_loan_ratio,单一最大客户贷款占资本净额比率,601665_XSHG_2025_annual_report.pdf,numeric_value_not_found,No alias anchor found in candidate snippet.,601665_XSHG_2025_annual_report_bank_indicator_snippets.txt#snippet_0002,direct_pdf_text
601665.XSHG,齐鲁银行,2025,top_ten_customer_loan_ratio,最大十家客户贷款占资本净额比率,601665_XSHG_2025_annual_report.pdf,numeric_value_not_found,No alias anchor found in candidate snippet.,601665_XSHG_2025_annual_report_bank_indicator_snippets.txt#snippet_0002,direct_pdf_text
601665.XSHG,齐鲁银行,2025,single_group_credit_concentration_ratio,单一集团客户授信集中度,601665_XSHG_2025_annual_report.pdf,numeric_value_not_found,No alias anchor found in candidate snippet.,601665_XSHG_2025_annual_report_bank_indicator_snippets.txt#snippet_0002,direct_pdf_text
601818.XSHG,光大银行,2024,liquidity_matching_ratio,流动性匹配率,601818_XSHG_2024_annual_report.pdf,numeric_value_not_found,No alias anchor found in candidate snippet.,601818_XSHG_2024_annual_report_bank_indicator_snippets.txt#snippet_0007,direct_pdf_text
601818.XSHG,光大银行,2024,single_group_credit_concentration_ratio,单一集团客户授信集中度,601818_XSHG_2024_annual_report.pdf,numeric_value_not_found,No alias anchor found in candidate snippet.,601818_XSHG_2024_annual_report_bank_indicator_snippets.txt#snippet_0007,direct_pdf_text
601818.XSHG,光大银行,2025,liquidity_matching_ratio,流动性匹配率,601818_XSHG_2025_annual_report.pdf,numeric_value_not_found,No alias anchor found in candidate snippet.,601818_XSHG_2025_annual_report_bank_indicator_snippets.txt#snippet_0007,direct_pdf_text
601818.XSHG,光大银行,2025,single_group_credit_concentration_ratio,单一集团客户授信集中度,601818_XSHG_2025_annual_report.pdf,numeric_value_not_found,No alias anchor found in candidate snippet.,601818_XSHG_2025_annual_report_bank_indicator_snippets.txt#snippet_0007,direct_pdf_text
601825.XSHG,沪农商行,2024,liquidity_matching_ratio,流动性匹配率,601825_XSHG_2024_annual_report.pdf,numeric_value_not_found,No alias anchor found in candidate snippet.,601825_XSHG_2024_annual_report_bank_indicator_snippets.txt#snippet_0006,direct_pdf_text
601825.XSHG,沪农商行,2024,single_group_credit_concentration_ratio,单一集团客户授信集中度,601825_XSHG_2024_annual_report.pdf,numeric_value_not_found,No alias anchor found in candidate snippet.,601825_XSHG_2024_annual_report_bank_indicator_snippets.txt#snippet_0006,direct_pdf_text
601825.XSHG,沪农商行,2025,liquidity_matching_ratio,流动性匹配率,601825_XSHG_2025_annual_report.pdf,numeric_value_not_found,No alias anchor found in candidate snippet.,601825_XSHG_2025_annual_report_bank_indicator_snippets.txt#snippet_0003,direct_pdf_text
601825.XSHG,沪农商行,2025,single_group_credit_concentration_ratio,单一集团客户授信集中度,601825_XSHG_2025_annual_report.pdf,numeric_value_not_found,No alias anchor found in candidate snippet.,601825_XSHG_2025_annual_report_bank_indicator_snippets.txt#snippet_0003,direct_pdf_text
601838.XSHG,成都银行,2024,liquidity_matching_ratio,流动性匹配率,601838_XSHG_2024_annual_report.pdf,numeric_value_not_found,No alias anchor found in candidate snippet.,601838_XSHG_2024_annual_report_bank_indicator_snippets.txt#snippet_0001,direct_pdf_text
601838.XSHG,成都银行,2024,single_largest_customer_loan_ratio,单一最大客户贷款占资本净额比率,601838_XSHG_2024_annual_report.pdf,numeric_value_not_found,No alias anchor found in candidate snippet.,601838_XSHG_2024_annual_report_bank_indicator_snippets.txt#snippet_0001,direct_pdf_text
601838.XSHG,成都银行,2024,top_ten_customer_loan_ratio,最大十家客户贷款占资本净额比率,601838_XSHG_2024_annual_report.pdf,numeric_value_not_found,No alias anchor found in candidate snippet.,601838_XSHG_2024_annual_report_bank_indicator_snippets.txt#snippet_0001,direct_pdf_text
601838.XSHG,成都银行,2024,single_group_credit_concentration_ratio,单一集团客户授信集中度,601838_XSHG_2024_annual_report.pdf,numeric_value_not_found,No alias anchor found in candidate snippet.,601838_XSHG_2024_annual_report_bank_indicator_snippets.txt#snippet_0001,direct_pdf_text
601838.XSHG,成都银行,2025,liquidity_matching_ratio,流动性匹配率,601838_XSHG_2025_annual_report.pdf,numeric_value_not_found,No alias anchor found in candidate snippet.,601838_XSHG_2025_annual_report_bank_indicator_snippets.txt#snippet_0001,direct_pdf_text
601838.XSHG,成都银行,2025,single_largest_customer_loan_ratio,单一最大客户贷款占资本净额比率,601838_XSHG_2025_annual_report.pdf,numeric_value_not_found,No alias anchor found in candidate snippet.,601838_XSHG_2025_annual_report_bank_indicator_snippets.txt#snippet_0001,direct_pdf_text
601838.XSHG,成都银行,2025,top_ten_customer_loan_ratio,最大十家客户贷款占资本净额比率,601838_XSHG_2025_annual_report.pdf,numeric_value_not_found,No alias anchor found in candidate snippet.,601838_XSHG_2025_annual_report_bank_indicator_snippets.txt#snippet_0001,direct_pdf_text
601838.XSHG,成都银行,2025,single_group_credit_concentration_ratio,单一集团客户授信集中度,601838_XSHG_2025_annual_report.pdf,numeric_value_not_found,No alias anchor found in candidate snippet.,601838_XSHG_2025_annual_report_bank_indicator_snippets.txt#snippet_0001,direct_pdf_text
601860.XSHG,紫金银行,2024,liquidity_matching_ratio,流动性匹配率,601860_XSHG_2024_annual_report.pdf,numeric_value_not_found,No alias anchor found in candidate snippet.,601860_XSHG_2024_annual_report_bank_indicator_snippets.txt#snippet_0004,direct_pdf_text
601860.XSHG,紫金银行,2024,single_largest_customer_loan_ratio,单一最大客户贷款占资本净额比率,601860_XSHG_2024_annual_report.pdf,numeric_value_not_found,No alias anchor found in candidate snippet.,601860_XSHG_2024_annual_report_bank_indicator_snippets.txt#snippet_0004,direct_pdf_text
601860.XSHG,紫金银行,2024,top_ten_customer_loan_ratio,最大十家客户贷款占资本净额比率,601860_XSHG_2024_annual_report.pdf,numeric_value_not_found,No alias anchor found in candidate snippet.,601860_XSHG_2024_annual_report_bank_indicator_snippets.txt#snippet_0004,direct_pdf_text
601860.XSHG,紫金银行,2024,single_group_credit_concentration_ratio,单一集团客户授信集中度,601860_XSHG_2024_annual_report.pdf,numeric_value_not_found,No alias anchor found in candidate snippet.,601860_XSHG_2024_annual_report_bank_indicator_snippets.txt#snippet_0004,direct_pdf_text
601860.XSHG,紫金银行,2025,liquidity_matching_ratio,流动性匹配率,601860_XSHG_2025_annual_report.pdf,numeric_value_not_found,No alias anchor found in candidate snippet.,601860_XSHG_2025_annual_report_bank_indicator_snippets.txt#snippet_0005,direct_pdf_text
601860.XSHG,紫金银行,2025,single_largest_customer_loan_ratio,单一最大客户贷款占资本净额比率,601860_XSHG_2025_annual_report.pdf,numeric_value_not_found,No alias anchor found in candidate snippet.,601860_XSHG_2025_annual_report_bank_indicator_snippets.txt#snippet_0005,direct_pdf_text
601860.XSHG,紫金银行,2025,top_ten_customer_loan_ratio,最大十家客户贷款占资本净额比率,601860_XSHG_2025_annual_report.pdf,numeric_value_not_found,No alias anchor found in candidate snippet.,601860_XSHG_2025_annual_report_bank_indicator_snippets.txt#snippet_0005,direct_pdf_text
601860.XSHG,紫金银行,2025,single_group_credit_concentration_ratio,单一集团客户授信集中度,601860_XSHG_2025_annual_report.pdf,numeric_value_not_found,No alias anchor found in candidate snippet.,601860_XSHG_2025_annual_report_bank_indicator_snippets.txt#snippet_0005,direct_pdf_text
601916.XSHG,浙商银行,2024,non_performing_loan_ratio,不良贷款率,601916_XSHG_2024_annual_report.pdf,numeric_value_not_found,No alias anchor found in candidate snippet.,601916_XSHG_2024_annual_report_bank_indicator_snippets.txt#snippet_0002,direct_pdf_text
601916.XSHG,浙商银行,2024,provision_coverage_ratio,拨备覆盖率,601916_XSHG_2024_annual_report.pdf,numeric_value_not_found,No alias anchor found in candidate snippet.,601916_XSHG_2024_annual_report_bank_indicator_snippets.txt#snippet_0002,direct_pdf_text
601916.XSHG,浙商银行,2024,provision_to_loan_ratio,拨贷比,601916_XSHG_2024_annual_report.pdf,numeric_value_not_found,No alias anchor found in candidate snippet.,601916_XSHG_2024_annual_report_bank_indicator_snippets.txt#snippet_0002,direct_pdf_text
601916.XSHG,浙商银行,2024,liquidity_ratio,流动性比例（本外币）,601916_XSHG_2024_annual_report.pdf,numeric_value_not_found,No alias anchor found in candidate snippet.,601916_XSHG_2024_annual_report_bank_indicator_snippets.txt#snippet_0002,direct_pdf_text
601916.XSHG,浙商银行,2024,liquidity_matching_ratio,流动性匹配率,601916_XSHG_2024_annual_report.pdf,numeric_value_not_found,No alias anchor found in candidate snippet.,601916_XSHG_2024_annual_report_bank_indicator_snippets.txt#snippet_0002,direct_pdf_text
601916.XSHG,浙商银行,2024,liquidity_coverage_ratio,流动性覆盖率,601916_XSHG_2024_annual_report.pdf,numeric_value_not_found,No alias anchor found in candidate snippet.,601916_XSHG_2024_annual_report_bank_indicator_snippets.txt#snippet_0002,direct_pdf_text
601916.XSHG,浙商银行,2024,single_largest_customer_loan_ratio,单一最大客户贷款占资本净额比率,601916_XSHG_2024_annual_report.pdf,numeric_value_not_found,No alias anchor found in candidate snippet.,601916_XSHG_2024_annual_report_bank_indicator_snippets.txt#snippet_0002,direct_pdf_text
601916.XSHG,浙商银行,2024,top_ten_customer_loan_ratio,最大十家客户贷款占资本净额比率,601916_XSHG_2024_annual_report.pdf,numeric_value_not_found,No alias anchor found in candidate snippet.,601916_XSHG_2024_annual_report_bank_indicator_snippets.txt#snippet_0002,direct_pdf_text
601916.XSHG,浙商银行,2024,single_group_credit_concentration_ratio,单一集团客户授信集中度,601916_XSHG_2024_annual_report.pdf,numeric_value_not_found,No alias anchor found in candidate snippet.,601916_XSHG_2024_annual_report_bank_indicator_snippets.txt#snippet_0002,direct_pdf_text
601916.XSHG,浙商银行,2025,capital_adequacy_ratio,资本充足率,601916_XSHG_2025_annual_report.pdf,fallback_source_required,This report did not achieve full candidate coverage and should be completed from a backup source.,601916_XSHG_2025_annual_report_bank_indicator_snippets.txt#snippet_0002,direct_pdf_text
601916.XSHG,浙商银行,2025,tier_1_capital_adequacy_ratio,一级资本充足率,601916_XSHG_2025_annual_report.pdf,fallback_source_required,This report did not achieve full candidate coverage and should be completed from a backup source.,601916_XSHG_2025_annual_report_bank_indicator_snippets.txt#snippet_0009,direct_pdf_text
601916.XSHG,浙商银行,2025,core_tier_1_capital_adequacy_ratio,核心一级资本充足率,601916_XSHG_2025_annual_report.pdf,fallback_source_required,This report did not achieve full candidate coverage and should be completed from a backup source.,601916_XSHG_2025_annual_report_bank_indicator_snippets.txt#snippet_0010,direct_pdf_text
601939.XSHG,建设银行,2024,liquidity_matching_ratio,流动性匹配率,601939_XSHG_2024_annual_report.pdf,numeric_value_not_found,No alias anchor found in candidate snippet.,601939_XSHG_2024_annual_report_bank_indicator_snippets.txt#snippet_0014,direct_pdf_text
601939.XSHG,建设银行,2024,single_group_credit_concentration_ratio,单一集团客户授信集中度,601939_XSHG_2024_annual_report.pdf,numeric_value_not_found,No alias anchor found in candidate snippet.,601939_XSHG_2024_annual_report_bank_indicator_snippets.txt#snippet_0014,direct_pdf_text
601939.XSHG,建设银行,2025,capital_adequacy_ratio,资本充足率,601939_XSHG_2025_annual_report.pdf,fallback_source_required,This report did not achieve full candidate coverage and should be completed from a backup source.,601939_XSHG_2025_annual_report_bank_indicator_snippets.txt#snippet_0001,direct_pdf_text
601939.XSHG,建设银行,2025,provision_coverage_ratio,拨备覆盖率,601939_XSHG_2025_annual_report.pdf,fallback_source_required,This report did not achieve full candidate coverage and should be completed from a backup source.,601939_XSHG_2025_annual_report_bank_indicator_snippets.txt#snippet_0002,direct_pdf_text
601963.XSHG,重庆银行,2024,liquidity_matching_ratio,流动性匹配率,601963_XSHG_2024_annual_report.pdf,numeric_value_not_found,No alias anchor found in candidate snippet.,601963_XSHG_2024_annual_report_windows_ocr_normalized_bank_indicator_snippets.txt#snippet_0018,windows_ocr_normalized
601963.XSHG,重庆银行,2024,single_group_credit_concentration_ratio,单一集团客户授信集中度,601963_XSHG_2024_annual_report.pdf,numeric_value_not_found,No alias anchor found in candidate snippet.,601963_XSHG_2024_annual_report_windows_ocr_normalized_bank_indicator_snippets.txt#snippet_0018,windows_ocr_normalized
601963.XSHG,重庆银行,2025,liquidity_matching_ratio,流动性匹配率,601963_XSHG_2025_annual_report.pdf,numeric_value_not_found,No alias anchor found in candidate snippet.,601963_XSHG_2025_annual_report_windows_ocr_normalized_bank_indicator_snippets.txt#snippet_0014,windows_ocr_normalized
601963.XSHG,重庆银行,2025,single_group_credit_concentration_ratio,单一集团客户授信集中度,601963_XSHG_2025_annual_report.pdf,numeric_value_not_found,No alias anchor found in candidate snippet.,601963_XSHG_2025_annual_report_windows_ocr_normalized_bank_indicator_snippets.txt#snippet_0014,windows_ocr_normalized
601988.XSHG,中国银行,2024,capital_adequacy_ratio,资本充足率,601988_XSHG_2024_annual_report.pdf,fallback_source_required,This report did not achieve full candidate coverage and should be completed from a backup source.,601988_XSHG_2024_annual_report_bank_indicator_snippets.txt#snippet_0001,direct_pdf_text
601988.XSHG,中国银行,2024,tier_1_capital_adequacy_ratio,一级资本充足率,601988_XSHG_2024_annual_report.pdf,fallback_source_required,This report did not achieve full candidate coverage and should be completed from a backup source.,601988_XSHG_2024_annual_report_bank_indicator_snippets.txt#snippet_0007,direct_pdf_text
601988.XSHG,中国银行,2024,core_tier_1_capital_adequacy_ratio,核心一级资本充足率,601988_XSHG_2024_annual_report.pdf,fallback_source_required,This report did not achieve full candidate coverage and should be completed from a backup source.,601988_XSHG_2024_annual_report_bank_indicator_snippets.txt#snippet_0011,direct_pdf_text
601988.XSHG,中国银行,2025,liquidity_matching_ratio,流动性匹配率,601988_XSHG_2025_annual_report.pdf,numeric_value_not_found,No alias anchor found in candidate snippet.,601988_XSHG_2025_annual_report_bank_indicator_snippets.txt#snippet_0006,direct_pdf_text
601988.XSHG,中国银行,2025,single_largest_customer_loan_ratio,单一最大客户贷款占资本净额比率,601988_XSHG_2025_annual_report.pdf,numeric_value_not_found,No alias anchor found in candidate snippet.,601988_XSHG_2025_annual_report_bank_indicator_snippets.txt#snippet_0006,direct_pdf_text
601988.XSHG,中国银行,2025,top_ten_customer_loan_ratio,最大十家客户贷款占资本净额比率,601988_XSHG_2025_annual_report.pdf,numeric_value_not_found,No alias anchor found in candidate snippet.,601988_XSHG_2025_annual_report_bank_indicator_snippets.txt#snippet_0006,direct_pdf_text
601988.XSHG,中国银行,2025,single_group_credit_concentration_ratio,单一集团客户授信集中度,601988_XSHG_2025_annual_report.pdf,numeric_value_not_found,No alias anchor found in candidate snippet.,601988_XSHG_2025_annual_report_bank_indicator_snippets.txt#snippet_0006,direct_pdf_text
601997.XSHG,贵阳银行,2024,liquidity_matching_ratio,流动性匹配率,601997_XSHG_2024_annual_report.pdf,numeric_value_not_found,No alias anchor found in candidate snippet.,601997_XSHG_2024_annual_report_bank_indicator_snippets.txt#snippet_0075,direct_pdf_text
601997.XSHG,贵阳银行,2024,single_largest_customer_loan_ratio,单一最大客户贷款占资本净额比率,601997_XSHG_2024_annual_report.pdf,numeric_value_not_found,No alias anchor found in candidate snippet.,601997_XSHG_2024_annual_report_bank_indicator_snippets.txt#snippet_0075,direct_pdf_text
601997.XSHG,贵阳银行,2024,top_ten_customer_loan_ratio,最大十家客户贷款占资本净额比率,601997_XSHG_2024_annual_report.pdf,numeric_value_not_found,No alias anchor found in candidate snippet.,601997_XSHG_2024_annual_report_bank_indicator_snippets.txt#snippet_0075,direct_pdf_text
601997.XSHG,贵阳银行,2024,single_group_credit_concentration_ratio,单一集团客户授信集中度,601997_XSHG_2024_annual_report.pdf,numeric_value_not_found,No alias anchor found in candidate snippet.,601997_XSHG_2024_annual_report_bank_indicator_snippets.txt#snippet_0075,direct_pdf_text
601997.XSHG,贵阳银行,2025,liquidity_matching_ratio,流动性匹配率,601997_XSHG_2025_annual_report.pdf,numeric_value_not_found,No alias anchor found in candidate snippet.,601997_XSHG_2025_annual_report_bank_indicator_snippets.txt#snippet_0072,direct_pdf_text
601997.XSHG,贵阳银行,2025,single_largest_customer_loan_ratio,单一最大客户贷款占资本净额比率,601997_XSHG_2025_annual_report.pdf,numeric_value_not_found,No alias anchor found in candidate snippet.,601997_XSHG_2025_annual_report_bank_indicator_snippets.txt#snippet_0072,direct_pdf_text
601997.XSHG,贵阳银行,2025,top_ten_customer_loan_ratio,最大十家客户贷款占资本净额比率,601997_XSHG_2025_annual_report.pdf,numeric_value_not_found,No alias anchor found in candidate snippet.,601997_XSHG_2025_annual_report_bank_indicator_snippets.txt#snippet_0072,direct_pdf_text
601997.XSHG,贵阳银行,2025,single_group_credit_concentration_ratio,单一集团客户授信集中度,601997_XSHG_2025_annual_report.pdf,numeric_value_not_found,No alias anchor found in candidate snippet.,601997_XSHG_2025_annual_report_bank_indicator_snippets.txt#snippet_0072,direct_pdf_text
601998.XSHG,中信银行,2024,liquidity_matching_ratio,流动性匹配率,601998_XSHG_2024_annual_report.pdf,numeric_value_not_found,No alias anchor found in candidate snippet.,601998_XSHG_2024_annual_report_bank_indicator_snippets.txt#snippet_0078,direct_pdf_text
601998.XSHG,中信银行,2024,single_group_credit_concentration_ratio,单一集团客户授信集中度,601998_XSHG_2024_annual_report.pdf,numeric_value_not_found,No alias anchor found in candidate snippet.,601998_XSHG_2024_annual_report_bank_indicator_snippets.txt#snippet_0078,direct_pdf_text
601998.XSHG,中信银行,2025,liquidity_matching_ratio,流动性匹配率,601998_XSHG_2025_annual_report.pdf,numeric_value_not_found,No alias anchor found in candidate snippet.,601998_XSHG_2025_annual_report_bank_indicator_snippets.txt#snippet_0059,direct_pdf_text
601998.XSHG,中信银行,2025,single_group_credit_concentration_ratio,单一集团客户授信集中度,601998_XSHG_2025_annual_report.pdf,numeric_value_not_found,No alias anchor found in candidate snippet.,601998_XSHG_2025_annual_report_bank_indicator_snippets.txt#snippet_0059,direct_pdf_text
603323.XSHG,苏农银行,2024,liquidity_matching_ratio,流动性匹配率,603323_XSHG_2024_annual_report.pdf,numeric_value_not_found,No alias anchor found in candidate snippet.,603323_XSHG_2024_annual_report_bank_indicator_snippets.txt#snippet_0004,direct_pdf_text
603323.XSHG,苏农银行,2024,liquidity_coverage_ratio,流动性覆盖率,603323_XSHG_2024_annual_report.pdf,numeric_value_not_found,No alias anchor found in candidate snippet.,603323_XSHG_2024_annual_report_bank_indicator_snippets.txt#snippet_0004,direct_pdf_text
603323.XSHG,苏农银行,2024,single_largest_customer_loan_ratio,单一最大客户贷款占资本净额比率,603323_XSHG_2024_annual_report.pdf,numeric_value_not_found,No alias anchor found in candidate snippet.,603323_XSHG_2024_annual_report_bank_indicator_snippets.txt#snippet_0004,direct_pdf_text
603323.XSHG,苏农银行,2024,top_ten_customer_loan_ratio,最大十家客户贷款占资本净额比率,603323_XSHG_2024_annual_report.pdf,numeric_value_not_found,No alias anchor found in candidate snippet.,603323_XSHG_2024_annual_report_bank_indicator_snippets.txt#snippet_0004,direct_pdf_text
603323.XSHG,苏农银行,2024,single_group_credit_concentration_ratio,单一集团客户授信集中度,603323_XSHG_2024_annual_report.pdf,numeric_value_not_found,No alias anchor found in candidate snippet.,603323_XSHG_2024_annual_report_bank_indicator_snippets.txt#snippet_0004,direct_pdf_text
603323.XSHG,苏农银行,2025,liquidity_matching_ratio,流动性匹配率,603323_XSHG_2025_annual_report.pdf,numeric_value_not_found,No alias anchor found in candidate snippet.,603323_XSHG_2025_annual_report_bank_indicator_snippets.txt#snippet_0004,direct_pdf_text
603323.XSHG,苏农银行,2025,single_largest_customer_loan_ratio,单一最大客户贷款占资本净额比率,603323_XSHG_2025_annual_report.pdf,numeric_value_not_found,No alias anchor found in candidate snippet.,603323_XSHG_2025_annual_report_bank_indicator_snippets.txt#snippet_0004,direct_pdf_text
603323.XSHG,苏农银行,2025,top_ten_customer_loan_ratio,最大十家客户贷款占资本净额比率,603323_XSHG_2025_annual_report.pdf,numeric_value_not_found,No alias anchor found in candidate snippet.,603323_XSHG_2025_annual_report_bank_indicator_snippets.txt#snippet_0004,direct_pdf_text
603323.XSHG,苏农银行,2025,single_group_credit_concentration_ratio,单一集团客户授信集中度,603323_XSHG_2025_annual_report.pdf,numeric_value_not_found,No alias anchor found in candidate snippet.,603323_XSHG_2025_annual_report_bank_indicator_snippets.txt#snippet_0004,direct_pdf_text
