date,line,nav,benchmark_nav,excess_nav,strategy_return_pct,benchmark_return_pct,excess_return_pct
2021-05-31,benchmark,1.0082,0.993,1.0153,0.82,-0.7,1.53
2021-06-01,benchmark,1.0032,0.9845,1.019,0.32,-1.55,1.9
2021-06-02,benchmark,1.0064,0.9853,1.0214,0.64,-1.47,2.14
2021-06-03,benchmark,0.9957,0.9807,1.0153,-0.43,-1.93,1.53
2021-06-04,benchmark,1.0137,0.9923,1.0216,1.37,-0.77,2.16
2021-06-07,benchmark,1.0055,0.9861,1.0197,0.55,-1.39,1.97
2021-06-08,benchmark,0.9961,0.9838,1.0125,-0.39,-1.62,1.25
2021-06-09,benchmark,0.9891,0.9807,1.0086,-1.09,-1.93,0.86
2021-06-10,benchmark,0.9896,0.9799,1.0099,-1.04,-2.01,0.99
2021-06-11,benchmark,0.9766,0.9652000000000001,1.0118,-2.34,-3.48,1.18
2021-06-15,benchmark,0.9601,0.956,1.0043,-3.99,-4.4,0.43
2021-06-16,benchmark,0.9702,0.9598,1.0108,-2.98,-4.02,1.08
2021-06-17,benchmark,0.9623,0.9567,1.0059,-3.77,-4.33,0.59
2021-06-18,benchmark,0.9523,0.9482,1.0043,-4.77,-5.18,0.43
2021-06-21,benchmark,0.9381,0.9374,1.0007,-6.19,-6.26,0.07
2021-06-22,benchmark,0.956,0.949,1.0074,-4.4,-5.1,0.74
2021-06-23,benchmark,0.9485,0.9474,1.0012,-5.15,-5.26,0.12
2021-06-24,benchmark,0.9595,0.9513,1.0086,-4.05,-4.87,0.86
2021-06-25,benchmark,0.9742,0.9637,1.0109,-2.58,-3.63,1.09
2021-06-28,benchmark,0.9518,0.9474,1.0046,-4.82,-5.26,0.46
2021-06-29,benchmark,0.943,0.942,1.0011,-5.7,-5.8,0.11
2021-06-30,benchmark,0.9498,0.9505,0.9993,-5.02,-4.95,-0.07
2021-07-01,benchmark,0.9645,0.9645,1.0,-3.55,-3.55,0.0
2021-07-02,benchmark,0.9415,0.9467,0.9945,-5.85,-5.33,-0.55
2021-07-05,benchmark,0.9442,0.9444,0.9998,-5.58,-5.56,-0.02
2021-07-06,benchmark,0.9563,0.9552,1.0012,-4.37,-4.48,0.12
2021-07-07,benchmark,0.9593,0.9536,1.006,-4.07,-4.64,0.6
2021-07-08,benchmark,0.9296,0.9281,1.0016,-7.04,-7.19,0.16
2021-07-09,benchmark,0.9125,0.9204,0.9914,-8.75,-7.96,-0.86
2021-07-12,benchmark,0.892,0.9158,0.974,-10.8,-8.42,-2.6
2021-07-13,benchmark,0.8989,0.9218999999999999,0.9751,-10.11,-7.81,-2.49
2021-07-14,benchmark,0.8795,0.9042,0.9727,-12.05,-9.58,-2.73
2021-07-15,benchmark,0.9095,0.9274,0.9807,-9.05,-7.26,-1.93
2021-07-16,benchmark,0.9115,0.925,0.9854,-8.85,-7.5,-1.46
2021-07-19,benchmark,0.9126,0.925,0.9866,-8.74,-7.5,-1.34
2021-07-20,benchmark,0.896,0.9118999999999999,0.9826,-10.4,-8.81,-1.74
2021-07-21,benchmark,0.8915,0.9088,0.981,-10.85,-9.12,-1.9
2021-07-22,benchmark,0.8984,0.9142,0.9827,-10.16,-8.58,-1.73
2021-07-23,benchmark,0.8971,0.9104,0.9854,-10.29,-8.96,-1.46
2021-07-26,benchmark,0.8645,0.8802,0.9822,-13.55,-11.98,-1.78
2021-07-27,benchmark,0.8364,0.8601,0.9724,-16.36,-13.99,-2.76
2021-07-28,benchmark,0.8515,0.8686,0.9803,-14.85,-13.14,-1.97
2021-07-29,benchmark,0.8453999999999999,0.8617,0.9811,-15.46,-13.83,-1.89
2021-07-30,benchmark,0.8287,0.8516,0.9731,-17.13,-14.84,-2.69
2021-08-02,benchmark,0.8455,0.8624,0.9804,-15.45,-13.76,-1.96
2021-08-03,benchmark,0.8392000000000001,0.8578,0.9783,-16.08,-14.22,-2.17
2021-08-04,benchmark,0.8282,0.8509,0.9733,-17.18,-14.91,-2.67
2021-08-05,benchmark,0.8259,0.8485,0.9734,-17.41,-15.15,-2.66
2021-08-06,benchmark,0.8268,0.8509,0.9717,-17.32,-14.91,-2.83
2021-08-09,benchmark,0.8541,0.874,0.9772,-14.59,-12.6,-2.28
2021-08-10,benchmark,0.8851,0.8895,0.9951,-11.49,-11.05,-0.49
2021-08-11,benchmark,0.8996999999999999,0.898,1.0019,-10.03,-10.2,0.19
2021-08-12,benchmark,0.8938,0.8926000000000001,1.0013,-10.62,-10.74,0.13
2021-08-13,benchmark,0.8959,0.8949,1.0011,-10.41,-10.51,0.11
2021-08-16,benchmark,0.8883,0.8934,0.9943,-11.17,-10.66,-0.57
2021-08-17,benchmark,0.8812,0.8841,0.9967,-11.88,-11.59,-0.33
2021-08-18,benchmark,0.9191,0.9134,1.0062,-8.09,-8.66,0.62
2021-08-19,benchmark,0.8948,0.8956999999999999,0.999,-10.52,-10.43,-0.1
2021-08-20,benchmark,0.8939,0.8895,1.0049,-10.61,-11.05,0.49
2021-08-23,benchmark,0.8956999999999999,0.891,1.0053,-10.43,-10.9,0.53
2021-08-24,benchmark,0.8977999999999999,0.8956999999999999,1.0023,-10.22,-10.43,0.23
2021-08-25,benchmark,0.8888,0.8855999999999999,1.0036,-11.12,-11.44,0.36
2021-08-26,benchmark,0.8774,0.8733,1.0047,-12.26,-12.67,0.47
2021-08-27,benchmark,0.8841,0.874,1.0116,-11.59,-12.6,1.16
2021-08-30,benchmark,0.8679,0.8601,1.0091,-13.21,-13.99,0.91
2021-08-31,benchmark,0.8925,0.874,1.0212,-10.75,-12.6,2.12
2021-09-01,benchmark,0.9251,0.8934,1.0355,-7.49,-10.66,3.55
2021-09-02,benchmark,0.9319999999999999,0.8995,1.0361,-6.8,-10.05,3.61
2021-09-03,benchmark,0.9274,0.9003,1.0301,-7.26,-9.97,3.01
2021-09-06,benchmark,0.9241,0.9034,1.0229,-7.59,-9.66,2.29
2021-09-07,benchmark,0.9454,0.9165,1.0315,-5.46,-8.35,3.15
2021-09-08,benchmark,0.9506,0.915,1.0389,-4.94,-8.5,3.89
2021-09-09,benchmark,0.9531,0.9142,1.0426,-4.69,-8.58,4.26
2021-09-10,benchmark,0.9731,0.9319999999999999,1.0441,-2.69,-6.8,4.41
2021-09-13,benchmark,0.9684,0.9328,1.0382,-3.16,-6.72,3.82
2021-09-14,benchmark,0.942,0.9065,1.0392,-5.8,-9.35,3.92
2021-09-15,benchmark,0.9308,0.8995,1.0348,-6.92,-10.05,3.48
2021-09-16,benchmark,0.9226,0.891,1.0355,-7.74,-10.9,3.55
2021-09-17,benchmark,0.9306,0.8934,1.0416,-6.94,-10.66,4.16
2021-09-22,benchmark,0.9074,0.8748,1.0373,-9.26,-12.52,3.73
2021-09-23,benchmark,0.9077999999999999,0.8756,1.0368,-9.22,-12.44,3.68
2021-09-24,benchmark,0.9026,0.8679,1.04,-9.74,-13.21,4.0
2021-09-27,benchmark,0.8988,0.8671,1.0366,-10.12,-13.29,3.66
2021-09-28,benchmark,0.9178,0.8833,1.0391,-8.22,-11.67,3.91
2021-09-29,benchmark,0.9313,0.8895,1.047,-6.87,-11.05,4.7
2021-09-30,benchmark,0.9137,0.881,1.0371,-8.63,-11.9,3.71
2021-10-08,benchmark,0.9317,0.8934,1.0429,-6.83,-10.66,4.29
2021-10-11,benchmark,0.9561,0.9134,1.0467,-4.39,-8.66,4.67
2021-10-12,benchmark,0.9614,0.915,1.0507,-3.86,-8.5,5.07
2021-10-13,benchmark,0.9577,0.9127,1.0493,-4.23,-8.73,4.93
2021-10-14,benchmark,0.9416,0.9026,1.0432,-5.84,-9.74,4.32
2021-10-15,benchmark,0.954,0.9111,1.0471,-4.6,-8.89,4.71
2021-10-18,benchmark,0.95,0.9042,1.0507,-5.0,-9.58,5.07
2021-10-19,benchmark,0.9631,0.9104,1.0579,-3.69,-8.96,5.79
2021-10-20,benchmark,0.9541,0.9049,1.0544,-4.59,-9.51,5.44
2021-10-21,benchmark,0.984,0.9227,1.0664,-1.6,-7.73,6.64
2021-10-22,benchmark,0.9796,0.925,1.059,-2.04,-7.5,5.9
2021-10-25,benchmark,0.9808,0.9235,1.062,-1.92,-7.65,6.2
2021-10-26,benchmark,0.9789,0.9235,1.06,-2.11,-7.65,6.0
2021-10-27,benchmark,0.9642,0.9165,1.052,-3.58,-8.35,5.2
2021-10-28,benchmark,0.9505,0.9127,1.0414,-4.95,-8.73,4.14
2021-10-29,benchmark,0.9453,0.9073,1.0419,-5.47,-9.27,4.19
2021-11-01,benchmark,0.9603,0.9173,1.0469,-3.97,-8.27,4.69
2021-11-02,benchmark,0.9324,0.891,1.0465,-6.76,-10.9,4.65
2021-11-03,benchmark,0.9342,0.891,1.0485,-6.58,-10.9,4.85
2021-11-04,benchmark,0.9245,0.8872,1.042,-7.55,-11.28,4.2
2021-11-05,benchmark,0.9171,0.8825000000000001,1.0392,-8.29,-11.75,3.92
2021-11-08,benchmark,0.9117999999999999,0.8802,1.0359,-8.82,-11.98,3.59
2021-11-09,benchmark,0.9064,0.881,1.0288,-9.36,-11.9,2.88
2021-11-10,benchmark,0.9115,0.8779,1.0383,-8.85,-12.21,3.83
2021-11-11,benchmark,0.935,0.898,1.0412,-6.5,-10.2,4.12
2021-11-12,benchmark,0.9317,0.8964,1.0394,-6.83,-10.36,3.94
2021-11-15,benchmark,0.9368,0.9011,1.0396,-6.32,-9.89,3.96
2021-11-16,benchmark,0.9281,0.8956999999999999,1.0362,-7.19,-10.43,3.62
2021-11-17,benchmark,0.9157,0.891,1.0277,-8.43,-10.9,2.77
2021-11-18,benchmark,0.9063,0.8833,1.026,-9.37,-11.67,2.6
2021-11-19,benchmark,0.9197,0.8926000000000001,1.0304,-8.03,-10.74,3.04
2021-11-22,benchmark,0.9072,0.8864,1.0235,-9.28,-11.36,2.35
2021-11-23,benchmark,0.9139,0.8864,1.031,-8.61,-11.36,3.1
2021-11-24,benchmark,0.9089,0.8864,1.0254,-9.11,-11.36,2.54
2021-11-25,benchmark,0.907,0.8833,1.0268,-9.3,-11.67,2.68
2021-11-26,benchmark,0.8975,0.8771,1.0233,-10.25,-12.29,2.33
2021-11-29,benchmark,0.8891,0.8725,1.019,-11.09,-12.75,1.9
2021-11-30,benchmark,0.8893,0.8709,1.0211,-11.07,-12.91,2.11
2021-12-01,benchmark,0.8933,0.8764000000000001,1.0193,-10.67,-12.36,1.93
2021-12-02,benchmark,0.8887,0.8794,1.0106,-11.13,-12.06,1.06
2021-12-03,benchmark,0.9028,0.8841,1.0212,-9.72,-11.59,2.12
2021-12-06,benchmark,0.9051,0.8895,1.0175,-9.49,-11.05,1.75
2021-12-07,benchmark,0.9151,0.8988,1.0181,-8.49,-10.12,1.81
2021-12-08,benchmark,0.9121,0.898,1.0157,-8.79,-10.2,1.57
2021-12-09,benchmark,0.9249,0.9057,1.0212,-7.51,-9.43,2.12
2021-12-10,benchmark,0.9206,0.9034,1.019,-7.94,-9.66,1.9
2021-12-13,benchmark,0.9123,0.8972,1.0168,-8.77,-10.28,1.68
2021-12-14,benchmark,0.8994,0.8864,1.0147,-10.06,-11.36,1.47
2021-12-15,benchmark,0.8991,0.8879,1.0126,-10.09,-11.21,1.26
2021-12-16,benchmark,0.9081,0.8918,1.0183,-9.19,-10.82,1.83
2021-12-17,benchmark,0.901,0.8887,1.0138,-9.9,-11.13,1.38
2021-12-20,benchmark,0.9006000000000001,0.8872,1.0151,-9.94,-11.28,1.51
2021-12-21,benchmark,0.9052,0.8918,1.015,-9.48,-10.82,1.5
2021-12-22,benchmark,0.8975,0.8849,1.0142,-10.25,-11.51,1.42
2021-12-23,benchmark,0.8976999999999999,0.8841,1.0154,-10.23,-11.59,1.54
2021-12-24,benchmark,0.8955,0.881,1.0165,-10.45,-11.9,1.65
2021-12-27,benchmark,0.8871,0.8771,1.0114,-11.29,-12.29,1.14
2021-12-28,benchmark,0.8902,0.8794,1.0123,-10.98,-12.06,1.23
2021-12-29,benchmark,0.878,0.8717,1.0072,-12.2,-12.83,0.72
2021-12-30,benchmark,0.8843,0.8756,1.0099,-11.57,-12.44,0.99
2021-12-31,benchmark,0.8855999999999999,0.8748,1.0123,-11.44,-12.52,1.23
2022-01-04,benchmark,0.8872,0.8779,1.0106,-11.28,-12.21,1.06
2022-01-05,benchmark,0.9053,0.891,1.016,-9.47,-10.9,1.6
2022-01-06,benchmark,0.899,0.8879,1.0125,-10.1,-11.21,1.25
2022-01-07,benchmark,0.9198999999999999,0.8995,1.0227,-8.01,-10.05,2.27
2022-01-10,benchmark,0.9287,0.9042,1.0271,-7.13,-9.58,2.71
2022-01-11,benchmark,0.9452,0.9142,1.0339,-5.48,-8.58,3.39
2022-01-12,benchmark,0.949,0.9118999999999999,1.0407,-5.1,-8.81,4.07
2022-01-13,benchmark,0.9453,0.9127,1.0357,-5.47,-8.73,3.57
2022-01-14,benchmark,0.9238,0.8926000000000001,1.035,-7.62,-10.74,3.5
2022-01-17,benchmark,0.9275,0.8918,1.04,-7.25,-10.82,4.0
2022-01-18,benchmark,0.9564,0.9104,1.0505,-4.36,-8.96,5.05
2022-01-19,benchmark,0.9693,0.915,1.0593,-3.07,-8.5,5.93
2022-01-20,benchmark,0.9889,0.9319999999999999,1.0611,-1.11,-6.8,6.11
2022-01-21,benchmark,0.9824,0.9281,1.0585,-1.76,-7.19,5.85
2022-01-24,benchmark,0.979,0.9266,1.0566,-2.1,-7.34,5.66
2022-01-25,benchmark,0.965,0.9127,1.0573,-3.5,-8.73,5.73
2022-01-26,benchmark,0.967,0.9127,1.0595,-3.3,-8.73,5.95
2022-01-27,benchmark,0.9681,0.908,1.0662,-3.19,-9.2,6.62
2022-01-28,benchmark,0.9515,0.898,1.0596,-4.85,-10.2,5.96
2022-02-07,benchmark,0.9869,0.9235,1.0687,-1.31,-7.65,6.87
2022-02-08,benchmark,0.9929,0.9382,1.0583,-0.71,-6.18,5.83
2022-02-09,benchmark,0.9823,0.9335,1.0523,-1.77,-6.65,5.23
2022-02-10,benchmark,0.9932,0.9444,1.0517,-0.68,-5.56,5.17
2022-02-11,benchmark,1.0124,0.949,1.0668,1.24,-5.1,6.68
2022-02-14,benchmark,0.9811,0.9281,1.0571,-1.89,-7.19,5.71
2022-02-15,benchmark,0.9657,0.9181,1.0518,-3.43,-8.19,5.18
2022-02-16,benchmark,0.9778,0.9266,1.0553,-2.22,-7.34,5.53
2022-02-17,benchmark,0.9831,0.9289000000000001,1.0583,-1.69,-7.11,5.83
2022-02-18,benchmark,1.0008,0.9389,1.0659,0.08,-6.11,6.59
2022-02-21,benchmark,1.0002,0.9359,1.0687,0.02,-6.41,6.87
2022-02-22,benchmark,0.9882,0.9312,1.0612,-1.18,-6.88,6.12
2022-02-23,benchmark,0.9792,0.9235,1.0603,-2.08,-7.65,6.03
2022-02-24,benchmark,0.9652000000000001,0.9104,1.0602,-3.48,-8.96,6.02
2022-02-25,benchmark,0.9572,0.9057,1.0569,-4.28,-9.43,5.69
2022-02-28,benchmark,0.9577,0.9057,1.0574,-4.23,-9.43,5.74
2022-03-01,benchmark,0.9739,0.9142,1.0653,-2.61,-8.58,6.53
2022-03-02,benchmark,0.9723,0.9104,1.068,-2.77,-8.96,6.8
2022-03-03,benchmark,0.9881,0.9165,1.0781,-1.19,-8.35,7.81
2022-03-04,benchmark,0.982,0.9073,1.0823,-1.8,-9.27,8.23
2022-03-07,benchmark,0.9617,0.8895,1.0812,-3.83,-11.05,8.12
2022-03-08,benchmark,0.938,0.8709,1.077,-6.2,-12.91,7.7
2022-03-09,benchmark,0.9261,0.8578,1.0796000000000001,-7.39,-14.22,7.96
2022-03-10,benchmark,0.9234,0.8671,1.0649,-7.66,-13.29,6.49
2022-03-11,benchmark,0.9293,0.8702,1.0679,-7.07,-12.98,6.79
2022-03-14,benchmark,0.8956999999999999,0.8478,1.0565,-10.43,-15.22,5.65
2022-03-15,benchmark,0.8457,0.8091,1.0452,-15.43,-19.09,4.52
2022-03-16,benchmark,0.8881,0.8377,1.0602,-11.19,-16.23,6.02
2022-03-17,benchmark,0.8989,0.8462,1.0623,-10.11,-15.38,6.23
2022-03-18,benchmark,0.9145,0.864,1.0584,-8.55,-13.6,5.84
2022-03-21,benchmark,0.9021,0.8532,1.0573,-9.79,-14.68,5.73
2022-03-22,benchmark,0.9256,0.8679,1.0665,-7.44,-13.21,6.65
2022-03-23,benchmark,0.9222,0.8624,1.0693,-7.78,-13.76,6.93
2022-03-24,benchmark,0.9271,0.8648,1.072,-7.29,-13.52,7.2
2022-03-25,benchmark,0.9175,0.864,1.0619,-8.25,-13.6,6.19
2022-03-28,benchmark,0.9178999999999999,0.8671,1.0586,-8.21,-13.29,5.86
2022-03-29,benchmark,0.927,0.8702,1.0653,-7.3,-12.98,6.53
2022-03-30,benchmark,0.9385,0.881,1.0653,-6.15,-11.9,6.53
2022-03-31,benchmark,0.9547,0.8926000000000001,1.0695999999999999,-4.53,-10.74,6.96
2022-04-01,benchmark,0.9874,0.9104,1.0846,-1.26,-8.96,8.46
2022-04-06,benchmark,1.0063,0.9235,1.0897000000000001,0.63,-7.65,8.97
2022-04-07,benchmark,0.9971,0.915,1.0897000000000001,-0.29,-8.5,8.97
2022-04-08,benchmark,1.0044,0.9212,1.0903,0.44,-7.88,9.03
2022-04-11,benchmark,0.9869,0.9088,1.0859,-1.31,-9.12,8.59
2022-04-12,benchmark,0.9928,0.9088,1.0924,-0.72,-9.12,9.24
2022-04-13,benchmark,0.9917,0.9111,1.0885,-0.83,-8.89,8.85
2022-04-14,benchmark,0.9822,0.908,1.0817,-1.78,-9.2,8.17
2022-04-15,benchmark,1.0142,0.9227,1.0992,1.42,-7.73,9.92
2022-04-18,benchmark,0.9931,0.8972,1.1069,-0.69,-10.28,10.69
2022-04-19,benchmark,0.9925,0.8949,1.1091,-0.75,-10.51,10.91
2022-04-20,benchmark,0.9709,0.8872,1.0943,-2.91,-11.28,9.43
2022-04-21,benchmark,0.9671,0.8833,1.0949,-3.29,-11.67,9.49
2022-04-22,benchmark,0.9933,0.8995,1.1043,-0.67,-10.05,10.43
2022-04-25,benchmark,0.9522,0.8609,1.1061,-4.78,-13.91,10.61
2022-04-26,benchmark,0.9458,0.8593999999999999,1.1005,-5.42,-14.06,10.05
2022-04-27,benchmark,0.9447,0.8609,1.0973,-5.53,-13.91,9.73
2022-04-28,benchmark,0.9774,0.8733,1.1192,-2.26,-12.67,11.92
2022-04-29,benchmark,0.9723,0.8771,1.1085,-2.77,-12.29,10.85
2022-05-05,benchmark,0.9915,0.8702,1.1394,-0.85,-12.98,13.94
2022-05-06,benchmark,0.9689,0.8516,1.1377,-3.11,-14.84,13.77
2022-05-09,benchmark,0.9448,0.84,1.1248,-5.52,-16.0,12.48
2022-05-10,benchmark,0.9564,0.8462,1.1301999999999999,-4.36,-15.38,13.02
2022-05-11,benchmark,0.9457,0.8431,1.1217,-5.43,-15.69,12.17
2022-05-12,benchmark,0.9406,0.8377,1.1228,-5.94,-16.23,12.28
2022-05-13,benchmark,0.9523,0.8485,1.1223,-4.77,-15.15,12.23
2022-05-16,benchmark,0.9389,0.8416,1.1156,-6.11,-15.84,11.56
2022-05-17,benchmark,0.9515,0.8485,1.1214,-4.85,-15.15,12.14
2022-05-18,benchmark,0.9371,0.8431,1.1115,-6.29,-15.69,11.15
2022-05-19,benchmark,0.9293,0.8385,1.1083,-7.07,-16.15,10.83
2022-05-20,benchmark,0.9392,0.8509,1.1038000000000001,-6.08,-14.91,10.38
2022-05-23,benchmark,0.9307,0.8462,1.0999,-6.93,-15.38,9.99
2022-05-24,benchmark,0.9193,0.8377,1.0974,-8.07,-16.23,9.74
2022-05-25,benchmark,0.9277,0.8416,1.1023,-7.23,-15.84,10.23
2022-05-26,benchmark,0.931,0.84,1.1083,-6.9,-16.0,10.83
2022-05-27,benchmark,0.9348,0.8447,1.1067,-6.52,-15.53,10.67
2022-05-30,benchmark,0.9256,0.84,1.1019,-7.44,-16.0,10.19
2022-05-31,benchmark,0.9309000000000001,0.8423,1.1052,-6.91,-15.77,10.52
2022-06-01,benchmark,0.927,0.8392999999999999,1.1045,-7.3,-16.07,10.45
2022-06-02,benchmark,0.9226,0.8346,1.1054,-7.74,-16.54,10.54
2022-06-06,benchmark,0.9257,0.8354,1.1081,-7.43,-16.46,10.81
2022-06-07,benchmark,0.9461,0.8416,1.1242,-5.39,-15.84,12.42
2022-06-08,benchmark,0.9507,0.847,1.1224,-4.93,-15.3,12.24
2022-06-09,benchmark,0.9625,0.8563000000000001,1.124,-3.75,-14.37,12.4
2022-06-10,benchmark,0.9647,0.8586,1.1236,-3.53,-14.14,12.36
2022-06-13,benchmark,0.9443,0.8423,1.1211,-5.57,-15.77,12.11
2022-06-14,benchmark,0.9587,0.8563000000000001,1.1196,-4.13,-14.37,11.96
2022-06-15,benchmark,0.9741,0.8702,1.1194,-2.59,-12.98,11.94
2022-06-16,benchmark,0.9569,0.8601,1.1125,-4.31,-13.99,11.25
2022-06-17,benchmark,0.9519,0.8609,1.1057,-4.81,-13.91,10.57
2022-06-20,benchmark,0.9428,0.8547,1.1031,-5.72,-14.53,10.31
2022-06-21,benchmark,0.9556,0.8624,1.1081,-4.44,-13.76,10.81
2022-06-22,benchmark,0.9417,0.8516,1.1058,-5.83,-14.84,10.58
2022-06-23,benchmark,0.9479,0.8578,1.105,-5.21,-14.22,10.5
2022-06-24,benchmark,0.9447,0.857,1.1023,-5.53,-14.3,10.23
2022-06-27,benchmark,0.9618,0.8648,1.1122,-3.82,-13.52,11.22
2022-06-28,benchmark,0.9672000000000001,0.8694,1.1125,-3.28,-13.06,11.25
2022-06-29,benchmark,0.9761,0.8709,1.1208,-2.39,-12.91,12.08
2022-06-30,benchmark,0.977,0.8818,1.108,-2.3,-11.82,10.8
2022-07-01,benchmark,0.9715,0.8756,1.1095,-2.85,-12.44,10.95
2022-07-04,benchmark,0.9666,0.8717,1.1089,-3.34,-12.83,10.89
2022-07-05,benchmark,0.9684,0.8717,1.1109,-3.16,-12.83,11.09
2022-07-06,benchmark,0.9544,0.8609,1.1086,-4.56,-13.91,10.86
2022-07-07,benchmark,0.9557,0.8593999999999999,1.1121,-4.43,-14.06,11.21
2022-07-08,benchmark,0.9553,0.8609,1.1097,-4.47,-13.91,10.97
2022-07-11,benchmark,0.9637,0.8609,1.1194,-3.63,-13.91,11.94
2022-07-12,benchmark,0.9746,0.8648,1.127,-2.54,-13.52,12.7
2022-07-13,benchmark,0.9512,0.8453999999999999,1.1251,-4.88,-15.46,12.51
2022-07-14,benchmark,0.9366,0.8277,1.1316,-6.34,-17.23,13.16
2022-07-15,benchmark,0.9302,0.8207,1.1334,-6.98,-17.93,13.34
2022-07-18,benchmark,0.9398,0.8315,1.1301999999999999,-6.02,-16.85,13.02
2022-07-19,benchmark,0.945,0.8346,1.1323,-5.5,-16.54,13.23
2022-07-20,benchmark,0.9509,0.8362,1.1372,-4.91,-16.38,13.72
2022-07-21,benchmark,0.9305,0.8269,1.1253,-6.95,-17.31,12.53
2022-07-22,benchmark,0.9342,0.83,1.1255,-6.58,-17.0,12.55
2022-07-25,benchmark,0.9396,0.8315,1.13,-6.04,-16.85,13.0
2022-07-26,benchmark,0.9497,0.8385,1.1326,-5.03,-16.15,13.26
2022-07-27,benchmark,0.9466,0.8346,1.1341999999999999,-5.34,-16.54,13.42
2022-07-28,benchmark,0.9406,0.8338,1.1280999999999999,-5.94,-16.62,12.81
2022-07-29,benchmark,0.9346,0.8238,1.1345,-6.54,-17.62,13.45
2022-08-01,benchmark,0.9257,0.8192,1.13,-7.43,-18.08,13.0
2022-08-02,benchmark,0.9101,0.806,1.1292,-8.99,-19.4,12.92
2022-08-03,benchmark,0.897,0.7991,1.1225,-10.3,-20.09,12.25
2022-08-04,benchmark,0.9047000000000001,0.8053,1.1234,-9.53,-19.47,12.34
2022-08-05,benchmark,0.9124,0.8138,1.1212,-8.76,-18.62,12.12
2022-08-08,benchmark,0.9121,0.8099,1.1261999999999999,-8.79,-19.01,12.62
2022-08-09,benchmark,0.9038,0.8053,1.1223,-9.62,-19.47,12.23
2022-08-10,benchmark,0.8981,0.7991,1.1239,-10.19,-20.09,12.39
2022-08-11,benchmark,0.9102,0.8145,1.1175,-8.98,-18.55,11.75
2022-08-12,benchmark,0.9151,0.8161,1.1213,-8.49,-18.39,12.13
2022-08-15,benchmark,0.8984,0.806,1.1146,-10.16,-19.4,11.46
2022-08-16,benchmark,0.8982,0.8076,1.1122,-10.18,-19.24,11.22
2022-08-17,benchmark,0.9081,0.8145,1.1149,-9.19,-18.55,11.49
2022-08-18,benchmark,0.893,0.8068,1.1068,-10.7,-19.32,10.68
2022-08-19,benchmark,0.8905000000000001,0.8083,1.1017,-10.95,-19.17,10.17
2022-08-22,benchmark,0.8902,0.8091,1.1002,-10.98,-19.09,10.02
2022-08-23,benchmark,0.8784,0.8029,1.094,-12.16,-19.71,9.4
2022-08-24,benchmark,0.8771,0.7991,1.0976,-12.29,-20.09,9.76
2022-08-25,benchmark,0.8941,0.8091,1.1051,-10.59,-19.09,10.51
2022-08-26,benchmark,0.8998,0.8107,1.1099,-10.02,-18.93,10.99
2022-08-29,benchmark,0.8965,0.8029,1.1166,-10.35,-19.71,11.66
2022-08-30,benchmark,0.9022,0.8068,1.1182,-9.78,-19.32,11.82
2022-08-31,benchmark,0.917,0.8176,1.1216,-8.3,-18.24,12.16
2022-09-01,benchmark,0.9112,0.8153,1.1176,-8.88,-18.47,11.76
2022-09-02,benchmark,0.9086,0.8145,1.1155,-9.14,-18.55,11.55
2022-09-05,benchmark,0.9138,0.8161,1.1197,-8.62,-18.39,11.97
2022-09-06,benchmark,0.909,0.8153,1.1149,-9.1,-18.47,11.49
2022-09-07,benchmark,0.9053,0.8099,1.1178,-9.47,-19.01,11.78
2022-09-08,benchmark,0.9152,0.8122,1.1268,-8.48,-18.78,12.68
2022-09-09,benchmark,0.9347,0.8269,1.1304,-6.53,-17.31,13.04
2022-09-13,benchmark,0.941,0.8315,1.1317,-5.9,-16.85,13.17
2022-09-14,benchmark,0.9343,0.8253,1.1320999999999999,-6.57,-17.47,13.21
2022-09-15,benchmark,0.9429,0.8346,1.1298,-5.71,-16.54,12.98
2022-09-16,benchmark,0.9253,0.8207,1.1275,-7.47,-17.93,12.75
2022-09-19,benchmark,0.9285,0.8215,1.1301999999999999,-7.15,-17.85,13.02
2022-09-20,benchmark,0.9172,0.8138,1.1271,-8.28,-18.62,12.71
2022-09-21,benchmark,0.9216,0.8168,1.1283,-7.84,-18.32,12.83
2022-09-22,benchmark,0.9196,0.8145,1.129,-8.04,-18.55,12.9
2022-09-23,benchmark,0.9234,0.8176,1.1294,-7.66,-18.24,12.94
2022-09-26,benchmark,0.9053,0.8053,1.1242,-9.47,-19.47,12.42
2022-09-27,benchmark,0.9134,0.8091,1.1289,-8.66,-19.09,12.89
2022-09-28,benchmark,0.9156,0.8099,1.1305,-8.44,-19.01,13.05
2022-09-29,benchmark,0.9092,0.8014,1.1345,-9.08,-19.86,13.45
2022-09-30,benchmark,0.9126,0.8053,1.1332,-8.74,-19.47,13.32
2022-10-10,benchmark,0.8952,0.7937000000000001,1.1279,-10.48,-20.63,12.79
2022-10-11,benchmark,0.8893,0.7921,1.1227,-11.07,-20.79,12.27
2022-10-12,benchmark,0.8962,0.7944,1.1280999999999999,-10.38,-20.56,12.81
2022-10-13,benchmark,0.8764000000000001,0.7828,1.1196,-12.36,-21.72,11.96
2022-10-14,benchmark,0.8862,0.7928999999999999,1.1177,-11.38,-20.71,11.77
2022-10-17,benchmark,0.8854,0.7898000000000001,1.121,-11.46,-21.02,12.1
2022-10-18,benchmark,0.8845,0.7883,1.1219999999999999,-11.55,-21.17,12.2
2022-10-19,benchmark,0.8724000000000001,0.7805,1.1177,-12.76,-21.95,11.77
2022-10-20,benchmark,0.8678,0.7782,1.1151,-13.22,-22.18,11.51
2022-10-21,benchmark,0.8638,0.7751,1.1144,-13.62,-22.49,11.44
2022-10-24,benchmark,0.8338,0.7519,1.1089,-16.62,-24.81,10.89
2022-10-25,benchmark,0.8273,0.7519,1.1003,-17.27,-24.81,10.03
2022-10-26,benchmark,0.8152,0.745,1.0942,-18.48,-25.5,9.42
2022-10-27,benchmark,0.8126,0.745,1.0907,-18.74,-25.5,9.07
2022-10-28,benchmark,0.811,0.7372,1.1001,-18.9,-26.28,10.01
2022-10-31,benchmark,0.7887,0.7295,1.0812,-21.13,-27.05,8.12
2022-11-01,benchmark,0.7993,0.7411,1.0785,-20.07,-25.89,7.85
2022-11-02,benchmark,0.7983,0.7419,1.076,-20.17,-25.81,7.6
2022-11-03,benchmark,0.7889999999999999,0.7357,1.0724,-21.1,-26.43,7.24
2022-11-04,benchmark,0.8063,0.7481,1.0778,-19.37,-25.19,7.78
2022-11-07,benchmark,0.8049999999999999,0.7496,1.0739,-19.5,-25.04,7.39
2022-11-08,benchmark,0.8034,0.7473000000000001,1.0751,-19.66,-25.27,7.51
2022-11-09,benchmark,0.8039000000000001,0.7473000000000001,1.0757,-19.61,-25.27,7.57
2022-11-10,benchmark,0.8052,0.7496,1.0742,-19.48,-25.04,7.42
2022-11-11,benchmark,0.8432,0.7736,1.09,-15.68,-22.64,9.0
2022-11-14,benchmark,0.8625,0.7898000000000001,1.092,-13.75,-21.02,9.2
2022-11-15,benchmark,0.865,0.7928999999999999,1.0909,-13.5,-20.71,9.09
2022-11-16,benchmark,0.8567,0.7852,1.0911,-14.33,-21.48,9.11
2022-11-17,benchmark,0.8537,0.7821,1.0915,-14.63,-21.79,9.15
2022-11-18,benchmark,0.8482000000000001,0.779,1.0888,-15.18,-22.1,8.88
2022-11-21,benchmark,0.847,0.7743,1.0939,-15.3,-22.57,9.39
2022-11-22,benchmark,0.8647,0.7883,1.0969,-13.53,-21.17,9.69
2022-11-23,benchmark,0.8637,0.7906,1.0925,-13.63,-20.94,9.25
2022-11-24,benchmark,0.8607,0.7898000000000001,1.0898,-13.93,-21.02,8.98
2022-11-25,benchmark,0.883,0.8076,1.0934,-11.7,-19.24,9.34
2022-11-28,benchmark,0.8654,0.7944,1.0894,-13.46,-20.56,8.94
2022-11-29,benchmark,0.9093,0.8292,1.0966,-9.07,-17.08,9.66
2022-11-30,benchmark,0.9033,0.8246,1.0954,-9.67,-17.54,9.54
2022-12-01,benchmark,0.8945,0.8207,1.0899,-10.55,-17.93,8.99
2022-12-02,benchmark,0.8847,0.8145,1.0862,-11.53,-18.55,8.62
2022-12-05,benchmark,0.9127,0.8354,1.0925,-8.73,-16.46,9.25
2022-12-06,benchmark,0.9117999999999999,0.8346,1.0925,-8.82,-16.54,9.25
2022-12-07,benchmark,0.8968,0.8277,1.0835,-10.32,-17.23,8.35
2022-12-08,benchmark,0.9049,0.8331,1.0862,-9.51,-16.69,8.62
2022-12-09,benchmark,0.922,0.8423,1.0946,-7.8,-15.77,9.46
2022-12-12,benchmark,0.8989,0.8253,1.0892,-10.11,-17.47,8.92
2022-12-13,benchmark,0.9065,0.8315,1.0902,-9.35,-16.85,9.02
2022-12-14,benchmark,0.9121,0.8338,1.0939,-8.79,-16.62,9.39
2022-12-15,benchmark,0.8967,0.8253,1.0865,-10.33,-17.47,8.65
2022-12-16,benchmark,0.9071,0.8331,1.0888,-9.29,-16.69,8.88
2022-12-19,benchmark,0.8933,0.8207,1.0885,-10.67,-17.93,8.85
2022-12-20,benchmark,0.8801,0.8099,1.0867,-11.99,-19.01,8.67
2022-12-21,benchmark,0.8866,0.8138,1.0895,-11.34,-18.62,8.95
2022-12-22,benchmark,0.8871,0.8161,1.087,-11.29,-18.39,8.7
2022-12-23,benchmark,0.8815,0.8145,1.0823,-11.85,-18.55,8.23
2022-12-26,benchmark,0.8802,0.8099,1.0868,-11.98,-19.01,8.68
2022-12-27,benchmark,0.8998,0.8253,1.0903,-10.02,-17.47,9.03
2022-12-28,benchmark,0.9124,0.8323,1.0962,-8.76,-16.77,9.62
2022-12-29,benchmark,0.909,0.8277,1.0982,-9.1,-17.23,9.82
2022-12-30,benchmark,0.9164,0.8331,1.1,-8.36,-16.69,10.0
2023-01-03,benchmark,0.9185,0.8369,1.0975,-8.15,-16.31,9.75
2023-01-04,benchmark,0.9381,0.8524,1.1005,-6.19,-14.76,10.05
2023-01-05,benchmark,0.9341,0.8532,1.0948,-6.59,-14.68,9.48
2023-01-06,benchmark,0.9309000000000001,0.8509,1.094,-6.91,-14.91,9.4
2023-01-09,benchmark,0.9333,0.8516,1.0959,-6.67,-14.84,9.59
2023-01-10,benchmark,0.9231,0.8423,1.0959,-7.69,-15.77,9.59
2023-01-11,benchmark,0.9336,0.8485,1.1003,-6.64,-15.15,10.03
2023-01-12,benchmark,0.9342,0.8501,1.0989,-6.58,-14.99,9.89
2023-01-13,benchmark,0.9414,0.8586,1.0964,-5.86,-14.14,9.64
2023-01-16,benchmark,0.9396,0.8601,1.0924,-6.04,-13.99,9.24
2023-01-17,benchmark,0.9379,0.8593999999999999,1.0913,-6.21,-14.06,9.13
2023-01-18,benchmark,0.9387,0.8601,1.0914,-6.13,-13.99,9.14
2023-01-19,benchmark,0.9339999999999999,0.8609,1.0849,-6.6,-13.91,8.49
2023-01-20,benchmark,0.9388,0.8617,1.0895,-6.12,-13.83,8.95
2023-01-30,benchmark,0.9418,0.8648,1.089,-5.82,-13.52,8.9
2023-01-31,benchmark,0.9305,0.857,1.0858,-6.95,-14.3,8.58
2023-02-01,benchmark,0.9261,0.8547,1.0835,-7.39,-14.53,8.35
2023-02-02,benchmark,0.9187,0.8478,1.0836,-8.13,-15.22,8.36
2023-02-03,benchmark,0.9087,0.8408,1.0808,-9.13,-15.92,8.08
2023-02-06,benchmark,0.8991,0.8315,1.0813,-10.09,-16.85,8.13
2023-02-07,benchmark,0.9031,0.8354,1.081,-9.69,-16.46,8.1
2023-02-08,benchmark,0.9002,0.8338,1.0796000000000001,-9.98,-16.62,7.96
2023-02-09,benchmark,0.8991,0.8369,1.0743,-10.09,-16.31,7.43
2023-02-10,benchmark,0.8971,0.8369,1.0719,-10.29,-16.31,7.19
2023-02-13,benchmark,0.8897,0.83,1.0719,-11.03,-17.0,7.19
2023-02-14,benchmark,0.8932,0.8315,1.0742,-10.68,-16.85,7.42
2023-02-15,benchmark,0.8824,0.8246,1.0701,-11.76,-17.54,7.01
2023-02-16,benchmark,0.8794,0.8246,1.0665,-12.06,-17.54,6.65
2023-02-17,benchmark,0.8687,0.8184,1.0615,-13.13,-18.16,6.15
2023-02-20,benchmark,0.9011,0.8377,1.0757,-9.89,-16.23,7.57
2023-02-21,benchmark,0.8996,0.8392999999999999,1.0718,-10.04,-16.07,7.18
2023-02-22,benchmark,0.8924,0.8331,1.0712,-10.76,-16.69,7.12
2023-02-23,benchmark,0.8922,0.8338,1.07,-10.78,-16.62,7.0
2023-02-24,benchmark,0.8849,0.8269,1.0701,-11.51,-17.31,7.01
2023-02-27,benchmark,0.8815999999999999,0.8238,1.0702,-11.84,-17.62,7.02
2023-02-28,benchmark,0.8827,0.8261000000000001,1.0685,-11.73,-17.39,6.85
2023-03-01,benchmark,0.8934,0.8338,1.0715,-10.66,-16.62,7.15
2023-03-02,benchmark,0.8967,0.8369,1.0715,-10.33,-16.31,7.15
2023-03-03,benchmark,0.9063,0.8453999999999999,1.072,-9.37,-15.46,7.2
2023-03-06,benchmark,0.8865000000000001,0.8323,1.0651,-11.35,-16.77,6.51
2023-03-07,benchmark,0.8878,0.8331,1.0657,-11.22,-16.69,6.57
2023-03-08,benchmark,0.8787,0.8277,1.0616,-12.13,-17.23,6.16
2023-03-09,benchmark,0.8731,0.8246,1.0588,-12.69,-17.54,5.88
2023-03-10,benchmark,0.8605,0.8114,1.0605,-13.95,-18.86,6.05
2023-03-13,benchmark,0.8644000000000001,0.8138,1.0622,-13.56,-18.62,6.22
2023-03-14,benchmark,0.8549,0.8076,1.0586,-14.51,-19.24,5.86
2023-03-15,benchmark,0.8621,0.8161,1.0564,-13.79,-18.39,5.64
2023-03-16,benchmark,0.862,0.8168,1.0553,-13.8,-18.32,5.53
2023-03-17,benchmark,0.8592,0.8176,1.0509,-14.08,-18.24,5.09
2023-03-20,benchmark,0.8532,0.813,1.0494,-14.68,-18.7,4.94
2023-03-21,benchmark,0.8532,0.8114,1.0515,-14.68,-18.86,5.15
2023-03-22,benchmark,0.8628,0.8184,1.0543,-13.72,-18.16,5.43
2023-03-23,benchmark,0.8659,0.8238,1.0511,-13.41,-17.62,5.11
2023-03-24,benchmark,0.8543000000000001,0.8161,1.0468,-14.57,-18.39,4.68
2023-03-27,benchmark,0.8461,0.8076,1.0477,-15.39,-19.24,4.77
2023-03-28,benchmark,0.8491,0.8107,1.0474,-15.09,-18.93,4.74
2023-03-29,benchmark,0.8469,0.8083,1.0478,-15.31,-19.17,4.78
2023-03-30,benchmark,0.8556,0.8145,1.0505,-14.44,-18.55,5.05
2023-03-31,benchmark,0.8472999999999999,0.8114,1.0442,-15.27,-18.86,4.42
2023-04-03,benchmark,0.8499,0.813,1.0454,-15.01,-18.7,4.54
2023-04-04,benchmark,0.8529,0.8176,1.0432,-14.71,-18.24,4.32
2023-04-06,benchmark,0.85,0.813,1.0455,-15.0,-18.7,4.55
2023-04-07,benchmark,0.8533,0.8153,1.0466,-14.67,-18.47,4.66
2023-04-10,benchmark,0.8558,0.8176,1.0467,-14.42,-18.24,4.67
2023-04-11,benchmark,0.8514,0.8153,1.0443,-14.86,-18.47,4.43
2023-04-12,benchmark,0.8546,0.8168,1.0463,-14.54,-18.32,4.63
2023-04-13,benchmark,0.8674,0.8246,1.0519,-13.26,-17.54,5.19
2023-04-14,benchmark,0.873,0.8277,1.0547,-12.7,-17.23,5.47
2023-04-17,benchmark,0.8887,0.8431,1.0541,-11.13,-15.69,5.41
2023-04-18,benchmark,0.8969,0.8509,1.0541,-10.31,-14.91,5.41
2023-04-19,benchmark,0.8943,0.8492999999999999,1.053,-10.57,-15.07,5.3
2023-04-20,benchmark,0.8897,0.8478,1.0494,-11.03,-15.22,4.94
2023-04-21,benchmark,0.8787,0.8377,1.0489,-12.13,-16.23,4.89
2023-04-24,benchmark,0.8693,0.8323,1.0445,-13.07,-16.77,4.45
2023-04-25,benchmark,0.8865000000000001,0.847,1.0466,-11.35,-15.3,4.66
2023-04-26,benchmark,0.8746,0.8385,1.0431,-12.54,-16.15,4.31
2023-04-27,benchmark,0.8762,0.8385,1.045,-12.38,-16.15,4.5
2023-04-28,benchmark,0.8896,0.8462,1.0513,-11.04,-15.38,5.13
2023-05-04,benchmark,0.9082,0.8709,1.0428,-9.18,-12.91,4.28
2023-05-05,benchmark,0.9131,0.8787,1.0391,-8.69,-12.13,3.91
2023-05-08,benchmark,0.9403,0.9158,1.0268,-5.97,-8.42,2.68
2023-05-09,benchmark,0.9241,0.9049,1.0212,-7.59,-9.51,2.12
2023-05-10,benchmark,0.8983,0.8802,1.0206,-10.17,-11.98,2.06
2023-05-11,benchmark,0.9007000000000001,0.8756,1.0287,-9.93,-12.44,2.87
2023-05-12,benchmark,0.8915,0.8663000000000001,1.0291,-10.85,-13.37,2.91
2023-05-15,benchmark,0.9027000000000001,0.8771,1.0292,-9.73,-12.29,2.92
2023-05-16,benchmark,0.8995,0.874,1.0292,-10.05,-12.6,2.92
2023-05-17,benchmark,0.8915,0.8679,1.0272000000000001,-10.85,-13.21,2.72
2023-05-18,benchmark,0.8981,0.8779,1.023,-10.19,-12.21,2.3
2023-05-19,benchmark,0.8902,0.864,1.0303,-10.98,-13.6,3.03
2023-05-22,benchmark,0.8953,0.8663000000000001,1.0335,-10.47,-13.37,3.35
2023-05-23,benchmark,0.8799,0.8509,1.0341,-12.01,-14.91,3.41
2023-05-24,benchmark,0.8577,0.8338,1.0287,-14.23,-16.62,2.87
2023-05-25,benchmark,0.8503000000000001,0.8308,1.0235,-14.97,-16.92,2.35
2023-05-26,benchmark,0.8536,0.8385,1.018,-14.64,-16.15,1.8
2023-05-29,benchmark,0.8471,0.8392999999999999,1.0093,-15.29,-16.07,0.93
2023-05-30,benchmark,0.8457,0.8362,1.0114,-15.43,-16.38,1.14
2023-05-31,benchmark,0.8404,0.83,1.0125,-15.96,-17.0,1.25
2023-06-01,benchmark,0.8381,0.8277,1.0126,-16.19,-17.23,1.26
2023-06-02,benchmark,0.8555,0.8385,1.0203,-14.45,-16.15,2.03
2023-06-05,benchmark,0.857,0.8447,1.0146,-14.3,-15.53,1.46
2023-06-06,benchmark,0.8567,0.8423,1.0171,-14.33,-15.77,1.71
2023-06-07,benchmark,0.8632,0.8524,1.0127,-13.68,-14.76,1.27
2023-06-08,benchmark,0.8809,0.8655,1.0178,-11.91,-13.45,1.78
2023-06-09,benchmark,0.8782,0.8617,1.0191,-12.18,-13.83,1.91
2023-06-12,benchmark,0.8721,0.8492999999999999,1.0268,-12.79,-15.07,2.68
2023-06-13,benchmark,0.8742,0.8524,1.0256,-12.58,-14.76,2.56
2023-06-14,benchmark,0.8599,0.84,1.0237,-14.01,-16.0,2.37
2023-06-15,benchmark,0.8627,0.8453999999999999,1.0205,-13.73,-15.46,2.05
2023-06-16,benchmark,0.8592,0.8447,1.0172,-14.08,-15.53,1.72
2023-06-19,benchmark,0.8507,0.8331,1.0211,-14.93,-16.69,2.11
2023-06-20,benchmark,0.8452,0.83,1.0183,-15.48,-17.0,1.83
2023-06-21,benchmark,0.8414,0.83,1.0137,-15.86,-17.0,1.37
2023-06-26,benchmark,0.8308,0.8168,1.0171,-16.92,-18.32,1.71
2023-06-27,benchmark,0.8381,0.8261000000000001,1.0145,-16.19,-17.39,1.45
2023-06-28,benchmark,0.8381,0.8277,1.0126,-16.19,-17.23,1.26
2023-06-29,benchmark,0.8315,0.8238,1.0093,-16.85,-17.62,0.93
2023-06-30,benchmark,0.8348,0.83,1.0058,-16.52,-17.0,0.58
2023-07-03,benchmark,0.8475,0.8423,1.0062,-15.25,-15.77,0.62
2023-07-04,benchmark,0.842,0.8346,1.0089,-15.8,-16.54,0.89
2023-07-05,benchmark,0.8375,0.8292,1.01,-16.25,-17.08,1.0
2023-07-06,benchmark,0.8307,0.823,1.0094,-16.93,-17.7,0.94
2023-07-07,benchmark,0.8289,0.823,1.0072,-17.11,-17.7,0.72
2023-07-10,benchmark,0.8317,0.8238,1.0096,-16.83,-17.62,0.96
2023-07-11,benchmark,0.8375,0.8284,1.011,-16.25,-17.16,1.1
2023-07-12,benchmark,0.8444,0.8315,1.0155,-15.56,-16.85,1.55
2023-07-13,benchmark,0.8527,0.8431,1.0114,-14.73,-15.69,1.14
2023-07-14,benchmark,0.8512,0.8453999999999999,1.0069,-14.88,-15.46,0.69
2023-07-17,benchmark,0.8438,0.84,1.0045,-15.62,-16.0,0.45
2023-07-18,benchmark,0.8404,0.8377,1.0032,-15.96,-16.23,0.32
2023-07-19,benchmark,0.8422000000000001,0.8416,1.0007,-15.78,-15.84,0.07
2023-07-20,benchmark,0.8446,0.8423,1.0027,-15.54,-15.77,0.27
2023-07-21,benchmark,0.8456,0.8447,1.0011,-15.44,-15.53,0.11
2023-07-24,benchmark,0.8436,0.8408,1.0033,-15.64,-15.92,0.33
2023-07-25,benchmark,0.8748,0.864,1.0125,-12.52,-13.6,1.25
2023-07-26,benchmark,0.8735999999999999,0.8632,1.012,-12.64,-13.68,1.2
2023-07-27,benchmark,0.8804,0.8702,1.0117,-11.96,-12.98,1.17
2023-07-28,benchmark,0.914,0.8964,1.0196,-8.6,-10.36,1.96
2023-07-31,benchmark,0.9218,0.9026,1.0213,-7.82,-9.74,2.13
2023-08-01,benchmark,0.9127,0.8972,1.0173,-8.73,-10.28,1.73
2023-08-02,benchmark,0.8956999999999999,0.8802,1.0176,-10.43,-11.98,1.76
2023-08-03,benchmark,0.9057,0.8934,1.0138,-9.43,-10.66,1.38
2023-08-04,benchmark,0.9088,0.8964,1.0138,-9.12,-10.36,1.38
2023-08-07,benchmark,0.9,0.8879,1.0136,-10.0,-11.21,1.36
2023-08-08,benchmark,0.8992,0.8833,1.018,-10.08,-11.67,1.8
2023-08-09,benchmark,0.9008,0.8864,1.0162,-9.92,-11.36,1.62
2023-08-10,benchmark,0.9016,0.8855999999999999,1.0181,-9.84,-11.44,1.81
2023-08-11,benchmark,0.8862,0.8679,1.0211,-11.38,-13.21,2.11
2023-08-14,benchmark,0.8746,0.857,1.0205,-12.54,-14.3,2.05
2023-08-15,benchmark,0.8822,0.8663000000000001,1.0184,-11.78,-13.37,1.84
2023-08-16,benchmark,0.8827,0.864,1.0216,-11.73,-13.6,2.16
2023-08-17,benchmark,0.874,0.8586,1.0179,-12.6,-14.14,1.79
2023-08-18,benchmark,0.8819,0.8609,1.0244,-11.81,-13.91,2.44
2023-08-21,benchmark,0.8705,0.8492999999999999,1.025,-12.95,-15.07,2.5
2023-08-22,benchmark,0.8786,0.8578,1.0242,-12.14,-14.22,2.42
2023-08-23,benchmark,0.8739,0.8555,1.0215,-12.61,-14.45,2.15
2023-08-24,benchmark,0.873,0.8532,1.0232,-12.7,-14.68,2.32
2023-08-25,benchmark,0.8785000000000001,0.8601,1.0214,-12.15,-13.99,2.14
2023-08-28,benchmark,0.8931,0.8733,1.0227,-10.69,-12.67,2.27
2023-08-29,benchmark,0.881,0.8624,1.0216,-11.9,-13.76,2.16
2023-08-30,benchmark,0.8694,0.8509,1.0217,-13.06,-14.91,2.17
2023-08-31,benchmark,0.8643,0.8478,1.0195,-13.57,-15.22,1.95
2023-09-01,benchmark,0.8716,0.8563000000000001,1.0179,-12.84,-14.37,1.79
2023-09-04,benchmark,0.8857,0.8717,1.0161,-11.43,-12.83,1.61
2023-09-05,benchmark,0.8779,0.864,1.0161,-12.21,-13.6,1.61
2023-09-06,benchmark,0.8804,0.8663000000000001,1.0163,-11.96,-13.37,1.63
2023-09-07,benchmark,0.8802,0.8632,1.0197,-11.98,-13.68,1.97
2023-09-08,benchmark,0.8782,0.8593999999999999,1.0219,-12.18,-14.06,2.19
2023-09-11,benchmark,0.8794,0.8609,1.0215,-12.06,-13.91,2.15
2023-09-12,benchmark,0.8786,0.8593999999999999,1.0223,-12.14,-14.06,2.23
2023-09-13,benchmark,0.8813,0.8593999999999999,1.0255,-11.87,-14.06,2.55
2023-09-14,benchmark,0.8919,0.8686,1.0268,-10.81,-13.14,2.68
2023-09-15,benchmark,0.8884,0.864,1.0282,-11.16,-13.6,2.82
2023-09-18,benchmark,0.89,0.8648,1.0291,-11.0,-13.52,2.91
2023-09-19,benchmark,0.8963,0.8702,1.03,-10.37,-12.98,3.0
2023-09-20,benchmark,0.9014,0.8733,1.0322,-9.86,-12.67,3.22
2023-09-21,benchmark,0.8969,0.8679,1.0334,-10.31,-13.21,3.34
2023-09-22,benchmark,0.9047000000000001,0.8771,1.0315,-9.53,-12.29,3.15
2023-09-25,benchmark,0.9065,0.8771,1.0335,-9.35,-12.29,3.35
2023-09-26,benchmark,0.9032,0.8748,1.0325,-9.68,-12.52,3.25
2023-09-27,benchmark,0.894,0.8709,1.0265,-10.6,-12.91,2.65
2023-09-28,benchmark,0.8998,0.8686,1.0359,-10.02,-13.14,3.59
2023-10-09,benchmark,0.898,0.8632,1.0403,-10.2,-13.68,4.03
2023-10-10,benchmark,0.8983,0.8632,1.0407,-10.17,-13.68,4.07
2023-10-11,benchmark,0.9006000000000001,0.8601,1.0471,-9.94,-13.99,4.71
2023-10-12,benchmark,0.9206,0.8733,1.0542,-7.94,-12.67,5.42
2023-10-13,benchmark,0.9299999999999999,0.8733,1.0649,-7.0,-12.67,6.49
2023-10-16,benchmark,0.9324,0.8725,1.0687,-6.76,-12.75,6.87
2023-10-17,benchmark,0.9364,0.8748,1.0704,-6.36,-12.52,7.04
2023-10-18,benchmark,0.9364,0.8733,1.0723,-6.36,-12.67,7.23
2023-10-19,benchmark,0.9167,0.8516,1.0764,-8.33,-14.84,7.64
2023-10-20,benchmark,0.9129,0.8524,1.071,-8.71,-14.76,7.1
2023-10-23,benchmark,0.907,0.8439,1.0748,-9.3,-15.61,7.48
2023-10-24,benchmark,0.8977999999999999,0.8408,1.0678,-10.22,-15.92,6.78
2023-10-25,benchmark,0.8951,0.8423,1.0627,-10.49,-15.77,6.27
2023-10-26,benchmark,0.906,0.8509,1.0648,-9.4,-14.91,6.48
2023-10-27,benchmark,0.9049,0.8492999999999999,1.0655000000000001,-9.51,-15.07,6.55
2023-10-30,benchmark,0.8868,0.8354,1.0615,-11.32,-16.46,6.15
2023-10-31,benchmark,0.8932,0.8362,1.0682,-10.68,-16.38,6.82
2023-11-01,benchmark,0.8929,0.8362,1.0678,-10.71,-16.38,6.78
2023-11-02,benchmark,0.8981,0.8423,1.0662,-10.19,-15.77,6.62
2023-11-03,benchmark,0.8909,0.8392999999999999,1.0615,-10.91,-16.07,6.15
2023-11-06,benchmark,0.8835,0.84,1.0518,-11.65,-16.0,5.18
2023-11-07,benchmark,0.8848,0.8392999999999999,1.0542,-11.52,-16.07,5.42
2023-11-08,benchmark,0.8812,0.8346,1.0558,-11.88,-16.54,5.58
2023-11-09,benchmark,0.89,0.8392999999999999,1.0604,-11.0,-16.07,6.04
2023-11-10,benchmark,0.8876,0.8323,1.0664,-11.24,-16.77,6.64
2023-11-13,benchmark,0.8847,0.8284,1.068,-11.53,-17.16,6.8
2023-11-14,benchmark,0.8876999999999999,0.83,1.0695000000000001,-11.23,-17.0,6.95
2023-11-15,benchmark,0.889,0.8346,1.0652,-11.1,-16.54,6.52
2023-11-16,benchmark,0.8901,0.8323,1.0694,-10.99,-16.77,6.94
2023-11-17,benchmark,0.885,0.8284,1.0683,-11.5,-17.16,6.83
2023-11-20,benchmark,0.8888,0.8331,1.0669,-11.12,-16.69,6.69
2023-11-21,benchmark,0.8904,0.8354,1.0658,-10.96,-16.46,6.58
2023-11-22,benchmark,0.8873,0.8323,1.0661,-11.27,-16.77,6.61
2023-11-23,benchmark,0.8876,0.8323,1.0664,-11.24,-16.77,6.64
2023-11-24,benchmark,0.8892,0.8323,1.0684,-11.08,-16.77,6.84
2023-11-27,benchmark,0.8827,0.8253,1.0695999999999999,-11.73,-17.47,6.96
2023-11-28,benchmark,0.8808,0.8207,1.0732,-11.92,-17.93,7.32
2023-11-29,benchmark,0.8756,0.8138,1.0759,-12.44,-18.62,7.59
2023-11-30,benchmark,0.882,0.8168,1.0798,-11.8,-18.32,7.98
2023-12-01,benchmark,0.8815999999999999,0.8145,1.0824,-11.84,-18.55,8.24
2023-12-04,benchmark,0.8825000000000001,0.8122,1.0866,-11.75,-18.78,8.66
2023-12-05,benchmark,0.8728,0.7991,1.0922,-12.72,-20.09,9.22
2023-12-06,benchmark,0.8655,0.7975,1.0853,-13.45,-20.25,8.53
2023-12-07,benchmark,0.8702,0.7991,1.089,-12.98,-20.09,8.9
2023-12-08,benchmark,0.8689,0.7983,1.0884,-13.11,-20.17,8.84
2023-12-11,benchmark,0.8713,0.8014,1.0872,-12.87,-19.86,8.72
2023-12-12,benchmark,0.8814,0.8091,1.0894,-11.86,-19.09,8.94
2023-12-13,benchmark,0.8763,0.7998000000000001,1.0956,-12.37,-20.02,9.56
2023-12-14,benchmark,0.8737,0.7968,1.0965,-12.63,-20.32,9.65
2023-12-15,benchmark,0.8688,0.796,1.0915,-13.12,-20.4,9.15
2023-12-18,benchmark,0.8743,0.796,1.0984,-12.57,-20.4,9.84
2023-12-19,benchmark,0.8745,0.7944,1.1008,-12.55,-20.56,10.08
2023-12-20,benchmark,0.8734,0.7928999999999999,1.1015,-12.66,-20.71,10.15
2023-12-21,benchmark,0.8731,0.7983,1.0937,-12.69,-20.17,9.37
2023-12-22,benchmark,0.8738,0.7983,1.0946,-12.62,-20.17,9.46
2023-12-25,benchmark,0.8754,0.7991,1.0955,-12.46,-20.09,9.55
2023-12-26,benchmark,0.8763,0.796,1.1009,-12.37,-20.4,10.09
2023-12-27,benchmark,0.8828,0.7998000000000001,1.1038000000000001,-11.72,-20.02,10.38
2023-12-28,benchmark,0.8787,0.8068,1.0891,-12.13,-19.32,8.91
2023-12-29,benchmark,0.8788,0.8053,1.0913,-12.12,-19.47,9.13
2024-01-02,benchmark,0.8823,0.8053,1.0956,-11.77,-19.47,9.56
2024-01-03,benchmark,0.8913,0.8083,1.1027,-10.87,-19.17,10.27
2024-01-04,benchmark,0.899,0.8099,1.11,-10.1,-19.01,11.0
2024-01-05,benchmark,0.9026,0.8176,1.104,-9.74,-18.24,10.4
2024-01-08,benchmark,0.9,0.8114,1.1092,-10.0,-18.86,10.92
2024-01-09,benchmark,0.9017,0.8161,1.1049,-9.83,-18.39,10.49
2024-01-10,benchmark,0.8962,0.8107,1.1055,-10.38,-18.93,10.55
2024-01-11,benchmark,0.8931,0.8099,1.1027,-10.69,-19.01,10.27
2024-01-12,benchmark,0.8999,0.8176,1.1007,-10.01,-18.24,10.07
2024-01-15,benchmark,0.9062,0.8207,1.1042,-9.38,-17.93,10.42
2024-01-16,benchmark,0.9185,0.8308,1.1056,-8.15,-16.92,10.56
2024-01-17,benchmark,0.9082,0.8238,1.1025,-9.18,-17.62,10.25
2024-01-18,benchmark,0.9053,0.8277,1.0938,-9.47,-17.23,9.38
2024-01-19,benchmark,0.9027000000000001,0.8284,1.0897000000000001,-9.73,-17.16,8.97
2024-01-22,benchmark,0.8999,0.823,1.0934,-10.01,-17.7,9.34
2024-01-23,benchmark,0.8998,0.8246,1.0912,-10.02,-17.54,9.12
2024-01-24,benchmark,0.9157,0.8369,1.0942,-8.43,-16.31,9.42
2024-01-25,benchmark,0.9291,0.8485,1.095,-7.09,-15.15,9.5
2024-01-26,benchmark,0.9437,0.8632,1.0933,-5.63,-13.68,9.33
2024-01-29,benchmark,0.9551,0.8709,1.0967,-4.49,-12.91,9.67
2024-01-30,benchmark,0.945,0.8617,1.0967,-5.5,-13.83,9.67
2024-01-31,benchmark,0.9477,0.8617,1.0998,-5.23,-13.83,9.98
2024-02-01,benchmark,0.9417,0.857,1.0988,-5.83,-14.3,9.88
2024-02-02,benchmark,0.9449,0.8578,1.1015,-5.51,-14.22,10.15
2024-02-05,benchmark,0.956,0.8702,1.0986,-4.4,-12.98,9.86
2024-02-06,benchmark,0.969,0.8771,1.1048,-3.1,-12.29,10.48
2024-02-07,benchmark,0.9525,0.8702,1.0946,-4.75,-12.98,9.46
2024-02-08,benchmark,0.9467,0.8655,1.0938,-5.33,-13.45,9.38
2024-02-19,benchmark,0.9718,0.8849,1.0982,-2.82,-11.51,9.82
2024-02-20,benchmark,0.9791,0.8887,1.1017,-2.09,-11.13,10.17
2024-02-21,benchmark,0.9927,0.9142,1.0859,-0.73,-8.58,8.59
2024-02-22,benchmark,0.9942,0.9158,1.0856,-0.58,-8.42,8.56
2024-02-23,benchmark,1.003,0.9196,1.0907,0.3,-8.04,9.07
2024-02-26,benchmark,0.9757,0.8956999999999999,1.0893,-2.43,-10.43,8.93
2024-02-27,benchmark,0.9767,0.898,1.0876,-2.33,-10.2,8.76
2024-02-28,benchmark,0.9732,0.8964,1.0857,-2.68,-10.36,8.57
2024-02-29,benchmark,0.9814,0.898,1.0929,-1.86,-10.2,9.29
2024-03-01,benchmark,0.9823,0.8988,1.0929,-1.77,-10.12,9.29
2024-03-04,benchmark,0.9779,0.8903,1.0984,-2.21,-10.97,9.84
2024-03-05,benchmark,0.9977,0.9088,1.0977999999999999,-0.23,-9.12,9.78
2024-03-06,benchmark,0.9865,0.8988,1.0976,-1.35,-10.12,9.76
2024-03-07,benchmark,0.9911,0.9019,1.0989,-0.89,-9.81,9.89
2024-03-08,benchmark,0.9921,0.9003,1.102,-0.79,-9.97,10.2
2024-03-11,benchmark,0.988,0.8995,1.0984,-1.2,-10.05,9.84
2024-03-12,benchmark,0.9683,0.8926000000000001,1.0848,-3.17,-10.74,8.48
2024-03-13,benchmark,0.9598,0.8833,1.0866,-4.02,-11.67,8.66
2024-03-14,benchmark,0.963,0.8825000000000001,1.0912,-3.7,-11.75,9.12
2024-03-15,benchmark,0.9644,0.8872,1.087,-3.56,-11.28,8.7
2024-03-18,benchmark,0.9609,0.8872,1.0831,-3.91,-11.28,8.31
2024-03-19,benchmark,0.9532,0.8787,1.0848,-4.68,-12.13,8.48
2024-03-20,benchmark,0.9614,0.8872,1.0836,-3.86,-11.28,8.36
2024-03-21,benchmark,0.9699,0.8918,1.0876,-3.01,-10.82,8.76
2024-03-22,benchmark,0.9729,0.8879,1.0957,-2.71,-11.21,9.57
2024-03-25,benchmark,0.9769,0.8934,1.0935,-2.31,-10.66,9.35
2024-03-26,benchmark,0.9914,0.9057,1.0946,-0.86,-9.43,9.46
2024-03-27,benchmark,0.9969,0.9088,1.0969,-0.31,-9.12,9.69
2024-03-28,benchmark,0.9792,0.8988,1.0895,-2.08,-10.12,8.95
2024-03-29,benchmark,0.9861,0.8972,1.0991,-1.39,-10.28,9.91
2024-04-01,benchmark,0.9925,0.9073,1.0939,-0.75,-9.27,9.39
2024-04-02,benchmark,0.9974,0.9065,1.1003,-0.26,-9.35,10.03
2024-04-03,benchmark,0.9949,0.9026,1.1023,-0.51,-9.74,10.23
2024-04-08,benchmark,1.0031,0.908,1.1047,0.31,-9.2,10.47
2024-04-09,benchmark,0.9956,0.9026,1.103,-0.44,-9.74,10.3
2024-04-10,benchmark,0.9949,0.9034,1.1013,-0.51,-9.66,10.13
2024-04-11,benchmark,0.9915,0.9026,1.0985,-0.85,-9.74,9.85
2024-04-12,benchmark,0.989,0.8964,1.1033,-1.1,-10.36,10.33
2024-04-15,benchmark,1.0083,0.915,1.102,0.83,-8.5,10.2
2024-04-16,benchmark,1.0125,0.9158,1.1056,1.25,-8.42,10.56
2024-04-17,benchmark,1.0243,0.9312,1.1,2.43,-6.88,10.0
2024-04-18,benchmark,1.0302,0.9389,1.0972,3.02,-6.11,9.72
2024-04-19,benchmark,1.0316,0.9374,1.1005,3.16,-6.26,10.05
2024-04-22,benchmark,1.0223,0.9304,1.0988,2.23,-6.96,9.88
2024-04-23,benchmark,1.0208,0.9297,1.098,2.08,-7.03,9.8
2024-04-24,benchmark,1.019,0.9266,1.0997,1.9,-7.34,9.97
2024-04-25,benchmark,1.0299,0.9413,1.0941,2.99,-5.87,9.41
2024-04-26,benchmark,1.0067,0.9266,1.0864,0.67,-7.34,8.64
2024-04-29,benchmark,1.0087,0.9359,1.0778,0.87,-6.41,7.78
2024-04-30,benchmark,1.0127,0.9413,1.0759,1.27,-5.87,7.59
2024-05-06,benchmark,1.0124,0.9405,1.0764,1.24,-5.95,7.64
2024-05-07,benchmark,1.0155,0.9405,1.0796999999999999,1.55,-5.95,7.97
2024-05-08,benchmark,1.0189,0.9405,1.0834,1.89,-5.95,8.34
2024-05-09,benchmark,1.0211,0.942,1.084,2.11,-5.8,8.4
2024-05-10,benchmark,1.0316,0.9536,1.0818,3.16,-4.64,8.18
2024-05-13,benchmark,1.0351,0.959,1.0794,3.51,-4.1,7.94
2024-05-14,benchmark,1.0302,0.9544,1.0794,3.02,-4.56,7.94
2024-05-15,benchmark,1.0283,0.9513,1.0809,2.83,-4.87,8.09
2024-05-16,benchmark,1.0426,0.9691,1.0758,4.26,-3.09,7.58
2024-05-17,benchmark,1.0508,0.9807,1.0715,5.08,-1.93,7.15
2024-05-20,benchmark,1.043,0.976,1.0686,4.3,-2.4,6.86
2024-05-21,benchmark,1.0544,0.983,1.0726,5.44,-1.7,7.26
2024-05-22,benchmark,1.06,0.9876,1.0733,6.0,-1.24,7.33
2024-05-23,benchmark,1.0569,0.9807,1.0777,5.69,-1.93,7.77
2024-05-24,benchmark,1.0507,0.9722,1.0807,5.07,-2.78,8.07
2024-05-27,benchmark,1.0636,0.9861,1.0786,6.36,-1.39,7.86
2024-05-28,benchmark,1.0599,0.9815,1.0799,5.99,-1.85,7.99
2024-05-29,benchmark,1.0531,0.9722,1.0832,5.31,-2.78,8.32
2024-05-30,benchmark,1.0448,0.9652000000000001,1.0825,4.48,-3.48,8.25
2024-05-31,benchmark,1.0478,0.9691,1.0812,4.78,-3.09,8.12
2024-06-03,benchmark,1.0338,0.9575,1.0796999999999999,3.38,-4.25,7.97
2024-06-04,benchmark,1.0378,0.9637,1.0769,3.78,-3.63,7.69
2024-06-05,benchmark,1.0305,0.9521,1.0823,3.05,-4.79,8.23
2024-06-06,benchmark,1.0304,0.9513,1.0831,3.04,-4.87,8.31
2024-06-07,benchmark,1.0387,0.9583,1.0839,3.87,-4.17,8.39
2024-06-11,benchmark,1.0224,0.9428,1.0844,2.24,-5.72,8.44
2024-06-12,benchmark,1.0201,0.9397,1.0856,2.01,-6.03,8.56
2024-06-13,benchmark,1.0149,0.9319999999999999,1.0889,1.49,-6.8,8.89
2024-06-14,benchmark,1.02,0.942,1.0828,2.0,-5.8,8.28
2024-06-17,benchmark,1.0075,0.9328,1.0801,0.75,-6.72,8.01
2024-06-18,benchmark,1.0124,0.9366,1.0809,1.24,-6.34,8.09
2024-06-19,benchmark,1.025,0.9474,1.0819,2.5,-5.26,8.19
2024-06-20,benchmark,1.0254,0.9413,1.0893,2.54,-5.87,8.93
2024-06-21,benchmark,1.0204,0.9413,1.084,2.04,-5.87,8.4
2024-06-24,benchmark,1.0266,0.942,1.0898,2.66,-5.8,8.98
2024-06-25,benchmark,1.0329,0.9474,1.0902,3.29,-5.26,9.02
2024-06-26,benchmark,1.0369,0.9482,1.0935,3.69,-5.18,9.35
2024-06-27,benchmark,1.0542,0.9598,1.0984,5.42,-4.02,9.84
2024-06-28,benchmark,1.0568,0.9637,1.0966,5.68,-3.63,9.66
2024-07-01,benchmark,1.0726,0.976,1.099,7.26,-2.4,9.9
2024-07-02,benchmark,1.0939,0.9892,1.1058,9.39,-1.08,10.58
2024-07-03,benchmark,1.0824,0.9807,1.1037,8.24,-1.93,10.37
2024-07-04,benchmark,1.0872,0.983,1.106,8.72,-1.7,10.6
2024-07-05,benchmark,1.0664,0.9629,1.1075,6.64,-3.71,10.75
2024-07-08,benchmark,1.0787,0.9683,1.114,7.87,-3.17,11.4
2024-07-09,benchmark,1.0866,0.9776,1.1115,8.66,-2.24,11.15
2024-07-10,benchmark,1.0896,0.9822,1.1093,8.96,-1.78,10.93
2024-07-11,benchmark,1.0784,0.976,1.1049,7.84,-2.4,10.49
2024-07-12,benchmark,1.097,0.9961,1.1013,9.7,-0.39,10.13
2024-07-15,benchmark,1.1133,1.0077,1.1048,11.33,0.77,10.48
2024-07-16,benchmark,1.1107,1.0039,1.1064,11.07,0.39,10.64
2024-07-17,benchmark,1.113,1.0124,1.0994,11.3,1.24,9.94
2024-07-18,benchmark,1.1118,1.01,1.1008,11.18,1.0,10.08
2024-07-19,benchmark,1.1084,1.007,1.1007,10.84,0.7,10.07
2024-07-22,benchmark,1.0927,0.9907,1.103,9.27,-0.93,10.3
2024-07-23,benchmark,1.1121,1.0,1.1121,11.21,-0.0,11.21
2024-07-24,benchmark,1.1152,1.0008,1.1143,11.52,0.08,11.43
2024-07-25,benchmark,1.107,0.9915,1.1165,10.7,-0.85,11.65
2024-07-26,benchmark,1.0867,0.9776,1.1116,8.67,-2.24,11.16
2024-07-29,benchmark,1.104,0.9915,1.1135,10.4,-0.85,11.35
2024-07-30,benchmark,1.1009,0.9869,1.1155,10.09,-1.31,11.55
2024-07-31,benchmark,1.0881,0.9861,1.1034,8.81,-1.39,10.34
2024-08-01,benchmark,1.0904,0.9876,1.1041,9.04,-1.24,10.41
2024-08-02,benchmark,1.0907,0.9822,1.1105,9.07,-1.78,11.05
2024-08-05,benchmark,1.082,0.9737,1.1112,8.2,-2.63,11.12
2024-08-06,benchmark,1.0708,0.9645,1.1102,7.08,-3.55,11.02
2024-08-07,benchmark,1.0711,0.966,1.1088,7.11,-3.4,10.88
2024-08-08,benchmark,1.0744,0.9683,1.1096,7.44,-3.17,10.96
2024-08-09,benchmark,1.0776,0.973,1.1075,7.76,-2.7,10.75
2024-08-12,benchmark,1.0798,0.9699,1.1133,7.98,-3.01,11.33
2024-08-13,benchmark,1.0866,0.9745,1.115,8.66,-2.55,11.5
2024-08-14,benchmark,1.0856,0.9737,1.1149,8.56,-2.63,11.49
2024-08-15,benchmark,1.0993,0.9876,1.1131,9.93,-1.24,11.31
2024-08-16,benchmark,1.1148,0.9992,1.1157,11.48,-0.08,11.57
2024-08-19,benchmark,1.1424,1.0162,1.1242,14.24,1.62,12.42
2024-08-20,benchmark,1.1487,1.0185,1.1278,14.87,1.85,12.78
2024-08-21,benchmark,1.1414,1.0124,1.1274,14.14,1.24,12.74
2024-08-22,benchmark,1.1569,1.0216,1.1324,15.69,2.16,13.24
2024-08-23,benchmark,1.1607,1.027,1.1301999999999999,16.07,2.7,13.02
2024-08-26,benchmark,1.1601,1.027,1.1296,16.01,2.7,12.96
2024-08-27,benchmark,1.1698,1.0309,1.1347,16.98,3.09,13.47
2024-08-28,benchmark,1.1616,1.024,1.1344,16.16,2.4,13.44
2024-08-29,benchmark,1.1211,0.9907,1.1316,12.11,-0.93,13.16
2024-08-30,benchmark,1.0836,0.9706,1.1164,8.36,-2.94,11.64
2024-09-02,benchmark,1.0957,0.9699,1.1297,9.57,-3.01,12.97
2024-09-03,benchmark,1.0702,0.9536,1.1223,7.02,-4.64,12.23
2024-09-04,benchmark,1.0676,0.9505,1.1232,6.76,-4.95,12.32
2024-09-05,benchmark,1.0596,0.949,1.1165,5.96,-5.1,11.65
2024-09-06,benchmark,1.0594,0.9521,1.1127,5.94,-4.79,11.27
2024-09-09,benchmark,1.0504,0.9343,1.1243,5.04,-6.57,12.43
2024-09-10,benchmark,1.0648,0.9405,1.1322,6.48,-5.95,13.22
2024-09-11,benchmark,1.0357,0.9196,1.1263,3.57,-8.04,12.63
2024-09-12,benchmark,1.0367,0.925,1.1208,3.67,-7.5,12.08
2024-09-13,benchmark,1.0334,0.9218999999999999,1.1209,3.34,-7.81,12.09
2024-09-18,benchmark,1.0476,0.9328,1.1231,4.76,-6.72,12.31
2024-09-19,benchmark,1.044,0.9335,1.1184,4.4,-6.65,11.84
2024-09-20,benchmark,1.0534,0.9405,1.12,5.34,-5.95,12.0
2024-09-23,benchmark,1.0679,0.9552,1.118,6.79,-4.48,11.8
2024-09-24,benchmark,1.1147,0.993,1.1226,11.47,-0.7,12.26
2024-09-25,benchmark,1.1261,1.0124,1.1123,12.61,1.24,11.23
2024-09-26,benchmark,1.1575,1.0502,1.1022,15.75,5.02,10.22
2024-09-27,benchmark,1.1327,1.0649,1.0637,13.27,6.49,6.37
2024-09-30,benchmark,1.1707,1.0927,1.0714,17.07,9.27,7.14
2024-10-08,benchmark,1.1804000000000001,1.1283,1.0462,18.04,12.83,4.62
2024-10-09,benchmark,1.1366,1.0464,1.0862,13.66,4.64,8.62
2024-10-10,benchmark,1.1839,1.0912,1.085,18.39,9.12,8.5
2024-10-11,benchmark,1.1875,1.0788,1.1008,18.75,7.88,10.08
2024-10-14,benchmark,1.2377,1.1175,1.1076,23.77,11.75,10.76
2024-10-15,benchmark,1.206,1.0912,1.1052,20.6,9.12,10.52
2024-10-16,benchmark,1.2389000000000001,1.1221,1.1041,23.89,12.21,10.41
2024-10-17,benchmark,1.2156,1.1059,1.0992,21.56,10.59,9.92
2024-10-18,benchmark,1.2168,1.1121,1.0941,21.68,11.21,9.41
2024-10-21,benchmark,1.203,1.0966,1.097,20.3,9.66,9.7
2024-10-22,benchmark,1.2053,1.0943,1.1014,20.53,9.43,10.14
2024-10-23,benchmark,1.2074,1.0989,1.0987,20.74,9.89,9.87
2024-10-24,benchmark,1.2052,1.0951,1.1005,20.52,9.51,10.05
2024-10-25,benchmark,1.196,1.0904,1.0968,19.6,9.04,9.68
2024-10-28,benchmark,1.1808,1.0804,1.0929,18.08,8.04,9.29
2024-10-29,benchmark,1.1864,1.0796000000000001,1.0989,18.64,7.96,9.89
2024-10-30,benchmark,1.1714,1.0672,1.0976,17.14,6.72,9.76
2024-10-31,benchmark,1.1638,1.0603,1.0976,16.38,6.03,9.76
2024-11-01,benchmark,1.182,1.075,1.0995,18.2,7.5,9.95
2024-11-04,benchmark,1.1857,1.0804,1.0975,18.57,8.04,9.75
2024-11-05,benchmark,1.1907999999999999,1.0889,1.0936,19.08,8.89,9.36
2024-11-06,benchmark,1.183,1.0811,1.0943,18.3,8.11,9.43
2024-11-07,benchmark,1.1987999999999999,1.1043,1.0856,19.88,10.43,8.56
2024-11-08,benchmark,1.1802,1.0889,1.0838,18.02,8.89,8.38
2024-11-11,benchmark,1.1636,1.0719,1.0855,16.36,7.19,8.55
2024-11-12,benchmark,1.1556,1.0626,1.0875,15.56,6.26,8.75
2024-11-13,benchmark,1.1647,1.068,1.0905,16.47,6.8,9.05
2024-11-14,benchmark,1.1687,1.0711,1.0911,16.87,7.11,9.11
2024-11-15,benchmark,1.1686,1.0695999999999999,1.0926,16.86,6.96,9.26
2024-11-18,benchmark,1.1871,1.0896,1.0895,18.71,8.96,8.95
2024-11-19,benchmark,1.1818,1.0858,1.0884,18.18,8.58,8.84
2024-11-20,benchmark,1.1813,1.0811,1.0927,18.13,8.11,9.27
2024-11-21,benchmark,1.1804000000000001,1.0788,1.0942,18.04,7.88,9.42
2024-11-22,benchmark,1.1597,1.0549,1.0993,15.97,5.49,9.93
2024-11-25,benchmark,1.1648,1.0572,1.1018,16.48,5.72,10.18
2024-11-26,benchmark,1.1797,1.0665,1.1061,17.97,6.65,10.61
2024-11-27,benchmark,1.191,1.0765,1.1064,19.1,7.65,10.64
2024-11-28,benchmark,1.1912,1.0757,1.1074,19.12,7.57,10.74
2024-11-29,benchmark,1.1875,1.0773,1.1023,18.75,7.73,10.23
2024-12-02,benchmark,1.1724,1.0719,1.0938,17.24,7.19,9.38
2024-12-03,benchmark,1.1915,1.0889,1.0942,19.15,8.89,9.42
2024-12-04,benchmark,1.1975,1.0881,1.1005,19.75,8.81,10.05
2024-12-05,benchmark,1.2006000000000001,1.0881,1.1034,20.06,8.81,10.34
2024-12-06,benchmark,1.2103,1.0997,1.1006,21.03,9.97,10.06
2024-12-09,benchmark,1.2134,1.1043,1.0988,21.34,10.43,9.88
2024-12-10,benchmark,1.2264,1.1151,1.0998,22.64,11.51,9.98
2024-12-11,benchmark,1.2095,1.1043,1.0953,20.95,10.43,9.53
2024-12-12,benchmark,1.2237,1.1182,1.0943,22.37,11.82,9.43
2024-12-13,benchmark,1.2054,1.0943,1.1015,20.54,9.43,10.15
2024-12-16,benchmark,1.2295,1.1043,1.1134,22.95,10.43,11.34
2024-12-17,benchmark,1.2286,1.1036,1.1133,22.86,10.36,11.33
2024-12-18,benchmark,1.2432,1.1175,1.1125,24.32,11.75,11.25
2024-12-19,benchmark,1.23,1.1059,1.1122,23.0,10.59,11.22
2024-12-20,benchmark,1.2295,1.1036,1.1141,22.95,10.36,11.41
2024-12-23,benchmark,1.2543,1.1229,1.117,25.43,12.29,11.7
2024-12-24,benchmark,1.2723,1.1368,1.1192,27.23,13.68,11.92
2024-12-25,benchmark,1.2851,1.1499,1.1176,28.51,14.99,11.76
2024-12-26,benchmark,1.2812999999999999,1.1491,1.115,28.13,14.91,11.5
2024-12-27,benchmark,1.2787,1.1461000000000001,1.1157,27.87,14.61,11.57
2024-12-30,benchmark,1.2926,1.1607,1.1136,29.26,16.07,11.36
2024-12-31,benchmark,1.2857,1.1476,1.1203,28.57,14.76,12.03
2025-01-02,benchmark,1.2561,1.1213,1.1202,25.61,12.13,12.02
2025-01-03,benchmark,1.2407,1.1144,1.1133,24.07,11.44,11.33
2025-01-06,benchmark,1.2486,1.1244,1.1105,24.86,12.44,11.05
2025-01-07,benchmark,1.259,1.1314,1.1128,25.9,13.14,11.28
2025-01-08,benchmark,1.2747,1.1399,1.1183,27.47,13.99,11.83
2025-01-09,benchmark,1.2638,1.1320999999999999,1.1163,26.38,13.21,11.63
2025-01-10,benchmark,1.2558,1.1252,1.1161,25.58,12.52,11.61
2025-01-13,benchmark,1.2368999999999999,1.1097,1.1146,23.69,10.97,11.46
2025-01-14,benchmark,1.2499,1.1275,1.1086,24.99,12.75,10.86
2025-01-15,benchmark,1.2594,1.1368,1.1078,25.94,13.68,10.78
2025-01-16,benchmark,1.2702,1.1476,1.1068,27.02,14.76,10.68
2025-01-17,benchmark,1.2570999999999999,1.1414,1.1014,25.71,14.14,10.14
2025-01-20,benchmark,1.249,1.1368,1.0987,24.9,13.68,9.87
2025-01-21,benchmark,1.2492,1.1368,1.0989,24.92,13.68,9.89
2025-01-22,benchmark,1.2291,1.1151,1.1022,22.91,11.51,10.22
2025-01-23,benchmark,1.26,1.143,1.1024,26.0,14.3,10.24
2025-01-24,benchmark,1.2597,1.1461000000000001,1.0991,25.97,14.61,9.91
2025-01-27,benchmark,1.2812999999999999,1.1615,1.1031,28.13,16.15,10.31
2025-02-05,benchmark,1.2594,1.1437,1.1012,25.94,14.37,10.12
2025-02-06,benchmark,1.2575,1.1437,1.0995,25.75,14.37,9.95
2025-02-07,benchmark,1.2502,1.1399,1.0968,25.02,13.99,9.68
2025-02-10,benchmark,1.2506,1.1414,1.0957,25.06,14.14,9.57
2025-02-11,benchmark,1.2728,1.1515,1.1053,27.28,15.15,10.53
2025-02-12,benchmark,1.2835,1.1592,1.1072,28.35,15.92,10.72
2025-02-13,benchmark,1.286,1.1607,1.108,28.6,16.07,10.8
2025-02-14,benchmark,1.2884,1.1662,1.1048,28.84,16.62,10.48
2025-02-17,benchmark,1.2876,1.1638,1.1064,28.76,16.38,10.64
2025-02-18,benchmark,1.301,1.1762000000000001,1.1061,30.1,17.62,10.61
2025-02-19,benchmark,1.2955999999999999,1.17,1.1074,29.56,17.0,10.74
2025-02-20,benchmark,1.2988,1.1708,1.1093,29.88,17.08,10.93
2025-02-21,benchmark,1.2788,1.1546,1.1076,27.88,15.46,10.76
2025-02-24,benchmark,1.2692999999999999,1.1445,1.109,26.93,14.45,10.9
2025-02-25,benchmark,1.2568,1.1360000000000001,1.1063,25.68,13.6,10.63
2025-02-26,benchmark,1.2616,1.1421999999999999,1.1045,26.16,14.22,10.45
2025-02-27,benchmark,1.2731,1.1569,1.1004,27.31,15.69,10.04
2025-02-28,benchmark,1.2673,1.1507,1.1013,26.73,15.07,10.13
2025-03-03,benchmark,1.2654,1.1484,1.1019,26.54,14.84,10.19
2025-03-04,benchmark,1.2607,1.1476,1.0986,26.07,14.76,9.86
2025-03-05,benchmark,1.2842,1.1662,1.1012,28.42,16.62,10.12
2025-03-06,benchmark,1.2732999999999999,1.1607,1.097,27.33,16.07,9.7
2025-03-07,benchmark,1.2681,1.1607,1.0925,26.81,16.07,9.25
2025-03-10,benchmark,1.2594,1.1515,1.0937,25.94,15.15,9.37
2025-03-11,benchmark,1.2709,1.1577,1.0977999999999999,27.09,15.77,9.78
2025-03-12,benchmark,1.2617,1.1569,1.0906,26.17,15.69,9.06
2025-03-13,benchmark,1.2654,1.1607,1.0902,26.54,16.07,9.02
2025-03-14,benchmark,1.2739,1.1762000000000001,1.0831,27.39,17.62,8.31
2025-03-17,benchmark,1.2803,1.1801,1.0849,28.03,18.01,8.49
2025-03-18,benchmark,1.2787,1.1777,1.0858,27.87,17.77,8.58
2025-03-19,benchmark,1.2959,1.1955,1.084,29.59,19.55,8.4
2025-03-20,benchmark,1.2879,1.1878,1.0843,28.79,18.78,8.43
2025-03-21,benchmark,1.2785,1.1731,1.0898,27.85,17.31,8.98
2025-03-24,benchmark,1.2919,1.1839,1.0912,29.19,18.39,9.12
2025-03-25,benchmark,1.3028,1.1901,1.0947,30.28,19.01,9.47
2025-03-26,benchmark,1.2912,1.1723,1.1014,29.12,17.23,10.14
2025-03-27,benchmark,1.295,1.177,1.1003,29.5,17.7,10.03
2025-03-28,benchmark,1.2922,1.1739,1.1008,29.22,17.39,10.08
2025-03-31,benchmark,1.3083,1.1777,1.1109,30.83,17.77,11.09
2025-04-01,benchmark,1.2981,1.1708,1.1087,29.81,17.08,10.87
2025-04-02,benchmark,1.312,1.1808,1.1111,31.2,18.08,11.11
2025-04-03,benchmark,1.322,1.1846999999999999,1.1159,32.2,18.47,11.59
2025-04-07,benchmark,1.2757,1.1476,1.1116,27.57,14.76,11.16
2025-04-08,benchmark,1.2911,1.1476,1.125,29.11,14.76,12.5
2025-04-09,benchmark,1.2793,1.1376,1.1246,27.93,13.76,12.46
2025-04-10,benchmark,1.2811,1.1468,1.1171,28.11,14.68,11.71
2025-04-11,benchmark,1.2911,1.1499,1.1228,29.11,14.99,12.28
2025-04-14,benchmark,1.3061,1.1561,1.1297,30.61,15.61,12.97
2025-04-15,benchmark,1.3286,1.1731,1.1326,32.86,17.31,13.26
2025-04-16,benchmark,1.3425,1.1839,1.134,34.25,18.39,13.4
2025-04-17,benchmark,1.3412,1.1846999999999999,1.1320999999999999,34.12,18.47,13.21
2025-04-18,benchmark,1.3540999999999999,1.1963,1.1319,35.41,19.63,13.19
2025-04-21,benchmark,1.339,1.1808,1.134,33.9,18.08,13.4
2025-04-22,benchmark,1.3514,1.1909,1.1348,35.14,19.09,13.48
2025-04-23,benchmark,1.3439,1.1846999999999999,1.1344,34.39,18.47,13.44
2025-04-24,benchmark,1.3655,1.1978,1.1400000000000001,36.55,19.78,14.0
2025-04-25,benchmark,1.3637,1.194,1.1421000000000001,36.37,19.4,14.21
2025-04-28,benchmark,1.3784,1.204,1.1449,37.84,20.4,14.49
2025-04-29,benchmark,1.3748,1.2009,1.1448,37.48,20.09,14.48
2025-04-30,benchmark,1.3383,1.1747,1.1393,33.83,17.47,13.93
2025-05-06,benchmark,1.3317,1.1739,1.1344,33.17,17.39,13.44
2025-05-07,benchmark,1.3553,1.1917,1.1373,35.53,19.17,13.73
2025-05-08,benchmark,1.3629,1.204,1.1320000000000001,36.29,20.4,13.2
2025-05-09,benchmark,1.3786,1.2187000000000001,1.1312,37.86,21.87,13.12
2025-05-12,benchmark,1.379,1.2226,1.1279,37.9,22.26,12.79
2025-05-13,benchmark,1.3945,1.2403,1.1243,39.45,24.03,12.43
2025-05-14,benchmark,1.4015,1.2512,1.1201,40.15,25.12,12.01
2025-05-15,benchmark,1.4028,1.2481,1.1239,40.28,24.81,12.39
2025-05-16,benchmark,1.3888,1.2372,1.1225,38.88,23.72,12.25
2025-05-19,benchmark,1.3859,1.2334,1.1236,38.59,23.34,12.36
2025-05-20,benchmark,1.3906,1.2372,1.124,39.06,23.72,12.4
2025-05-21,benchmark,1.3944,1.2457,1.1194,39.44,24.57,11.94
2025-05-22,benchmark,1.4055,1.2566,1.1185,40.55,25.66,11.85
2025-05-23,benchmark,1.3914,1.2442,1.1183,39.14,24.42,11.83
2025-05-26,benchmark,1.3786,1.2349,1.1164,37.86,23.49,11.64
2025-05-27,benchmark,1.3811,1.2419,1.1121,38.11,24.19,11.21
2025-05-28,benchmark,1.3737,1.2403,1.1076,37.37,24.03,10.76
2025-05-29,benchmark,1.3673,1.2396,1.103,36.73,23.96,10.3
2025-05-30,benchmark,1.3756,1.2481,1.1022,37.56,24.81,10.22
2025-06-03,benchmark,1.3976,1.2697,1.1007,39.76,26.97,10.07
2025-06-04,benchmark,1.3939,1.2713,1.0964,39.39,27.13,9.64
2025-06-05,benchmark,1.3865,1.262,1.0987,38.65,26.2,9.87
2025-06-06,benchmark,1.3878,1.2658,1.0964,38.78,26.58,9.64
2025-06-09,benchmark,1.3872,1.2697,1.0925,38.72,26.97,9.25
2025-06-10,benchmark,1.3916,1.2759,1.0907,39.16,27.59,9.07
2025-06-11,benchmark,1.3914,1.2805,1.0866,39.14,28.05,8.66
2025-06-12,benchmark,1.3896,1.2852000000000001,1.0812,38.96,28.52,8.12
2025-06-13,benchmark,1.3781,1.2751000000000001,1.0808,37.81,27.51,8.08
2025-06-16,benchmark,1.3926,1.2906,1.079,39.26,29.06,7.9
2025-06-17,benchmark,1.3911,1.2875,1.0805,39.11,28.75,8.05
2025-06-18,benchmark,1.4086,1.3006,1.083,40.86,30.06,8.3
2025-06-19,benchmark,1.4104999999999999,1.2991,1.0858,41.05,29.91,8.58
2025-06-20,benchmark,1.4235,1.3138,1.0835,42.35,31.38,8.35
2025-06-23,benchmark,1.4477,1.33,1.0885,44.77,33.0,8.85
2025-06-24,benchmark,1.4589,1.3338,1.0938,45.89,33.38,9.38
2025-06-25,benchmark,1.4691,1.3477999999999999,1.09,46.91,34.78,9.0
2025-06-26,benchmark,1.4788000000000001,1.3617,1.086,47.88,36.17,8.6
2025-06-27,benchmark,1.4325,1.3238,1.0821,43.25,32.38,8.21
2025-06-30,benchmark,1.4325,1.3223,1.0833,43.25,32.23,8.33
2025-07-01,benchmark,1.4534,1.3423,1.0828,45.34,34.23,8.28
2025-07-02,benchmark,1.4554,1.3493,1.0786,45.54,34.93,7.86
2025-07-03,benchmark,1.4485000000000001,1.3493,1.0735,44.85,34.93,7.35
2025-07-04,benchmark,1.4707,1.3733,1.0709,47.07,37.33,7.09
2025-07-07,benchmark,1.4726,1.381,1.0663,47.26,38.1,6.63
2025-07-08,benchmark,1.4749,1.3764,1.0716,47.49,37.64,7.16
2025-07-09,benchmark,1.4887,1.3825,1.0768,48.87,38.25,7.68
2025-07-10,benchmark,1.504,1.3995,1.0747,50.4,39.95,7.47
2025-07-11,benchmark,1.4819,1.3717000000000001,1.0803,48.19,37.17,8.03
2025-07-14,benchmark,1.4921,1.3825,1.0793,49.21,38.25,7.93
2025-07-15,benchmark,1.4807000000000001,1.3686,1.0819,48.07,36.86,8.19
2025-07-16,benchmark,1.475,1.3624,1.0826,47.5,36.24,8.26
2025-07-17,benchmark,1.4655,1.3578000000000001,1.0793,46.55,35.78,7.93
2025-07-18,benchmark,1.4725,1.3639999999999999,1.0795,47.25,36.4,7.95
2025-07-21,benchmark,1.4626,1.3594,1.0759,46.26,35.94,7.59
2025-07-22,benchmark,1.4452,1.3393,1.0791,44.52,33.93,7.91
2025-07-23,benchmark,1.456,1.347,1.0809,45.6,34.7,8.09
2025-07-24,benchmark,1.4381,1.3269,1.0838,43.81,32.69,8.38
2025-07-25,benchmark,1.4338,1.3253,1.0819,43.38,32.53,8.19
2025-07-28,benchmark,1.435,1.3284,1.0802,43.5,32.84,8.02
2025-07-29,benchmark,1.421,1.3114,1.0836,42.1,31.14,8.36
2025-07-30,benchmark,1.4346999999999999,1.3192,1.0876,43.47,31.92,8.76
2025-07-31,benchmark,1.4407999999999999,1.3099,1.0999,44.08,30.99,9.99
2025-08-01,benchmark,1.4378,1.3176,1.0912,43.78,31.76,9.12
2025-08-04,benchmark,1.4546999999999999,1.3253,1.0976,45.47,32.53,9.76
2025-08-05,benchmark,1.4727999999999999,1.3454,1.0947,47.28,34.54,9.47
2025-08-06,benchmark,1.4744,1.3439,1.0971,47.44,34.39,9.71
2025-08-07,benchmark,1.4859,1.3500999999999999,1.1006,48.59,35.01,10.06
2025-08-08,benchmark,1.48,1.3439,1.1013,48.0,34.39,10.13
2025-08-11,benchmark,1.4667,1.3331,1.1002,46.67,33.31,10.02
2025-08-12,benchmark,1.4747999999999999,1.3362,1.1037,47.48,33.62,10.37
2025-08-13,benchmark,1.4621,1.3238,1.1045,46.21,32.38,10.45
2025-08-14,benchmark,1.4671,1.3223,1.1095,46.71,32.23,10.95
2025-08-15,benchmark,1.4434,1.3037,1.1072,44.34,30.37,10.72
2025-08-18,benchmark,1.4462,1.3068,1.1067,44.62,30.68,10.67
2025-08-19,benchmark,1.4575,1.3083,1.114,45.75,30.83,11.4
2025-08-20,benchmark,1.4657,1.3145,1.115,46.57,31.45,11.5
2025-08-21,benchmark,1.4773,1.3207,1.1186,47.73,32.07,11.86
2025-08-22,benchmark,1.4752,1.3161,1.1209,47.52,31.61,12.09
2025-08-25,benchmark,1.4790999999999999,1.3253,1.116,47.91,32.53,11.6
2025-08-26,benchmark,1.4732,1.3176,1.1181,47.32,31.76,11.81
2025-08-27,benchmark,1.4412,1.2944,1.1134,44.12,29.44,11.34
2025-08-28,benchmark,1.4371,1.3006,1.105,43.71,30.06,10.5
2025-08-29,benchmark,1.434,1.2913000000000001,1.1105,43.4,29.13,11.05
2025-09-01,benchmark,1.4365999999999999,1.2759,1.126,43.66,27.59,12.6
2025-09-02,benchmark,1.4763,1.3006,1.1351,47.63,30.06,13.51
2025-09-03,benchmark,1.4595,1.2821,1.1384,45.95,28.21,13.84
2025-09-04,benchmark,1.4763,1.2944,1.1405,47.63,29.44,14.05
2025-09-05,benchmark,1.4531,1.2821,1.1334,45.31,28.21,13.34
2025-09-08,benchmark,1.4501,1.2759,1.1365,45.01,27.59,13.65
2025-09-09,benchmark,1.4554,1.2852000000000001,1.1324,45.54,28.52,13.24
2025-09-10,benchmark,1.4627000000000001,1.2867,1.1368,46.27,28.67,13.68
2025-09-11,benchmark,1.4647999999999999,1.2929,1.133,46.48,29.29,13.3
2025-09-12,benchmark,1.4523,1.2728,1.141,45.23,27.28,14.1
2025-09-15,benchmark,1.4393,1.2604,1.1419,43.93,26.04,14.19
2025-09-16,benchmark,1.4319,1.2481,1.1473,43.19,24.81,14.73
2025-09-17,benchmark,1.4308,1.2434,1.1507,43.08,24.34,15.07
2025-09-18,benchmark,1.4014,1.2202,1.1485,40.14,22.02,14.85
2025-09-19,benchmark,1.3967,1.2233,1.1417,39.67,22.33,14.17
2025-09-22,benchmark,1.3836,1.211,1.1425,38.36,21.1,14.25
2025-09-23,benchmark,1.4111,1.2264,1.1506,41.11,22.64,15.06
2025-09-24,benchmark,1.4121000000000001,1.2233,1.1543,41.21,22.33,15.43
2025-09-25,benchmark,1.3973,1.2172,1.1480000000000001,39.73,21.72,14.8
2025-09-26,benchmark,1.3961000000000001,1.2187000000000001,1.1456,39.61,21.87,14.56
2025-09-29,benchmark,1.3934,1.2141,1.1477,39.34,21.41,14.77
2025-09-30,benchmark,1.3869,1.2017,1.1541000000000001,38.69,20.17,15.41
2025-10-09,benchmark,1.3836,1.2002,1.1528,38.36,20.02,15.28
2025-10-10,benchmark,1.3867,1.2048,1.151,38.67,20.48,15.1
2025-10-13,benchmark,1.3961999999999999,1.2156,1.1486,39.62,21.56,14.86
2025-10-14,benchmark,1.4388,1.245,1.1557,43.88,24.5,15.57
2025-10-15,benchmark,1.4445000000000001,1.2512,1.1545,44.45,25.12,15.45
2025-10-16,benchmark,1.4729,1.2697,1.16,47.29,26.97,16.0
2025-10-17,benchmark,1.474,1.2682,1.1623,47.4,26.82,16.23
2025-10-20,benchmark,1.4713,1.2651,1.163,47.13,26.51,16.3
2025-10-21,benchmark,1.4761,1.2697,1.1626,47.61,26.97,16.26
2025-10-22,benchmark,1.4925,1.2805,1.1656,49.25,28.05,16.56
2025-10-23,benchmark,1.4988000000000001,1.2883,1.1634,49.88,28.83,16.34
2025-10-24,benchmark,1.4973,1.2805,1.1693,49.73,28.05,16.93
2025-10-27,benchmark,1.5070999999999999,1.2821,1.1755,50.71,28.21,17.55
2025-10-28,benchmark,1.5105,1.2805,1.1796,51.05,28.05,17.96
2025-10-29,benchmark,1.4854,1.2558,1.1828,48.54,25.58,18.28
2025-10-30,benchmark,1.486,1.2543,1.1846999999999999,48.6,25.43,18.47
2025-10-31,benchmark,1.4744,1.2558,1.1741,47.44,25.58,17.41
2025-11-03,benchmark,1.4971999999999999,1.2713,1.1777,49.72,27.13,17.77
2025-11-04,benchmark,1.5247,1.2974999999999999,1.1751,52.47,29.75,17.51
2025-11-05,benchmark,1.5227,1.2974999999999999,1.1736,52.27,29.75,17.36
2025-11-06,benchmark,1.5147,1.2913000000000001,1.173,51.47,29.13,17.3
2025-11-07,benchmark,1.5079,1.2898,1.1691,50.79,28.98,16.91
2025-11-10,benchmark,1.5196999999999998,1.296,1.1726,51.97,29.6,17.26
2025-11-11,benchmark,1.5264,1.3022,1.1722,52.64,30.22,17.22
2025-11-12,benchmark,1.5403,1.3099,1.1759,54.03,30.99,17.59
2025-11-13,benchmark,1.5364,1.3068,1.1757,53.64,30.68,17.57
2025-11-14,benchmark,1.5411000000000001,1.3114,1.1752,54.11,31.14,17.52
2025-11-17,benchmark,1.5152,1.2944,1.1705999999999999,51.52,29.44,17.06
2025-11-18,benchmark,1.5077,1.2883,1.1703000000000001,50.77,28.83,17.03
2025-11-19,benchmark,1.5248,1.3006,1.1724,52.48,30.06,17.24
2025-11-20,benchmark,1.5472000000000001,1.3114,1.1798,54.72,31.14,17.98
2025-11-21,benchmark,1.5333999999999999,1.2974999999999999,1.1818,53.34,29.75,18.18
2025-11-24,benchmark,1.5206,1.2898,1.1789,52.06,28.98,17.89
2025-11-25,benchmark,1.5372,1.3068,1.1763,53.72,30.68,17.63
2025-11-26,benchmark,1.5229,1.296,1.1751,52.29,29.6,17.51
2025-11-27,benchmark,1.5312999999999999,1.3006,1.1774,53.13,30.06,17.74
2025-11-28,benchmark,1.5242,1.2913000000000001,1.1804000000000001,52.42,29.13,18.04
2025-12-01,benchmark,1.5293,1.3006,1.1758,52.93,30.06,17.58
2025-12-02,benchmark,1.5317,1.2991,1.179,53.17,29.91,17.9
2025-12-03,benchmark,1.5151,1.2883,1.176,51.51,28.83,17.6
2025-12-04,benchmark,1.5088,1.2836,1.1754,50.88,28.36,17.54
2025-12-05,benchmark,1.4996,1.2774,1.1739,49.96,27.74,17.39
2025-12-08,benchmark,1.5015,1.2774,1.1754,50.15,27.74,17.54
2025-12-09,benchmark,1.5030999999999999,1.2759,1.1781,50.31,27.59,17.81
2025-12-10,benchmark,1.4775,1.2573,1.1751,47.75,25.73,17.51
2025-12-11,benchmark,1.4807000000000001,1.2589000000000001,1.1762000000000001,48.07,25.89,17.62
2025-12-12,benchmark,1.4676,1.2558,1.1687,46.76,25.58,16.87
2025-12-15,benchmark,1.4574,1.2589000000000001,1.1577,45.74,25.89,15.77
2025-12-16,benchmark,1.4559,1.2512,1.1636,45.59,25.12,16.36
2025-12-17,benchmark,1.4573,1.2543,1.1618,45.73,25.43,16.18
2025-12-18,benchmark,1.487,1.2774,1.1641,48.7,27.74,16.41
2025-12-19,benchmark,1.4779,1.2728,1.1611,47.79,27.28,16.11
2025-12-22,benchmark,1.4735,1.2651,1.1647,47.35,26.51,16.47
2025-12-23,benchmark,1.4816,1.2666,1.1697,48.16,26.66,16.97
2025-12-24,benchmark,1.4768,1.2666,1.166,47.68,26.66,16.6
2025-12-25,benchmark,1.4734,1.2651,1.1647,47.34,26.51,16.47
2025-12-26,benchmark,1.4625,1.2604,1.1602999999999999,46.25,26.04,16.03
2025-12-29,benchmark,1.4765,1.2728,1.16,47.65,27.28,16.0
2025-12-30,benchmark,1.4765,1.2728,1.16,47.65,27.28,16.0
2025-12-31,benchmark,1.4887,1.2713,1.171,48.87,27.13,17.1
2026-01-05,benchmark,1.4825,1.2666,1.1705,48.25,26.66,17.05
2026-01-06,benchmark,1.4775,1.2743,1.1595,47.75,27.43,15.95
2026-01-07,benchmark,1.4643,1.2651,1.1575,46.43,26.51,15.75
2026-01-08,benchmark,1.4598,1.2527,1.1653,45.98,25.27,16.53
2026-01-09,benchmark,1.4579,1.2481,1.1681,45.79,24.81,16.81
2026-01-12,benchmark,1.4617,1.2543,1.1654,46.17,25.43,16.54
2026-01-13,benchmark,1.4727000000000001,1.2589000000000001,1.1698,47.27,25.89,16.98
2026-01-14,benchmark,1.4484,1.2419,1.1663000000000001,44.84,24.19,16.63
2026-01-15,benchmark,1.4346999999999999,1.228,1.1683,43.47,22.8,16.83
2026-01-16,benchmark,1.4219,1.2156,1.1697,42.19,21.56,16.97
2026-01-19,benchmark,1.4069,1.211,1.1618,40.69,21.1,16.18
2026-01-20,benchmark,1.4203000000000001,1.2202,1.164,42.03,22.02,16.4
2026-01-21,benchmark,1.393,1.2017,1.1592,39.3,20.17,15.92
2026-01-22,benchmark,1.3831,1.1971,1.1554,38.31,19.71,15.54
2026-01-23,benchmark,1.3746,1.1846999999999999,1.1602999999999999,37.46,18.47,16.03
2026-01-26,benchmark,1.381,1.1909,1.1596,38.1,19.09,15.96
2026-01-27,benchmark,1.3817,1.1893,1.1618,38.17,18.93,16.18
2026-01-28,benchmark,1.3787,1.1816,1.1668,37.87,18.16,16.68
2026-01-29,benchmark,1.3976,1.2017,1.163,39.76,20.17,16.3
2026-01-30,benchmark,1.3965999999999998,1.1971,1.1667,39.66,19.71,16.67
2026-02-02,benchmark,1.3941,1.1985999999999999,1.1631,39.41,19.86,16.31
2026-02-03,benchmark,1.3732,1.1862,1.1576,37.32,18.62,15.76
2026-02-04,benchmark,1.3889,1.2032,1.1543,38.89,20.32,15.43
2026-02-05,benchmark,1.4113,1.2233,1.1537,41.13,22.33,15.37
2026-02-06,benchmark,1.4073,1.2202,1.1533,40.73,22.02,15.33
2026-02-09,benchmark,1.4104999999999999,1.2233,1.153,41.05,22.33,15.3
2026-02-10,benchmark,1.419,1.2264,1.157,41.9,22.64,15.7
2026-02-11,benchmark,1.4214,1.2295,1.1561,42.14,22.95,15.61
2026-02-12,benchmark,1.4017,1.211,1.1575,40.17,21.1,15.75
2026-02-13,benchmark,1.3888,1.2032,1.1543,38.88,20.32,15.43
2026-02-24,benchmark,1.3818,1.2002,1.1513,38.18,20.02,15.13
2026-02-25,benchmark,1.3774,1.1955,1.1522000000000001,37.74,19.55,15.22
2026-02-26,benchmark,1.3714,1.1924,1.1501000000000001,37.14,19.24,15.01
2026-02-27,benchmark,1.3697,1.194,1.1472,36.97,19.4,14.72
2026-03-02,benchmark,1.376,1.2002,1.1465,37.6,20.02,14.65
2026-03-03,benchmark,1.4037,1.211,1.1591,40.37,21.1,15.91
2026-03-04,benchmark,1.3927,1.1971,1.1634,39.27,19.71,16.34
2026-03-05,benchmark,1.4038,1.2094,1.1607,40.38,20.94,16.07
2026-03-06,benchmark,1.4033,1.211,1.1588,40.33,21.1,15.88
2026-03-09,benchmark,1.3965,1.2017,1.1621000000000001,39.65,20.17,16.21
2026-03-10,benchmark,1.3916,1.2032,1.1566,39.16,20.32,15.66
2026-03-11,benchmark,1.405,1.2141,1.1572,40.5,21.41,15.72
2026-03-12,benchmark,1.4157,1.2248999999999999,1.1558,41.57,22.49,15.58
2026-03-13,benchmark,1.4256,1.228,1.1609,42.56,22.8,16.09
2026-03-16,benchmark,1.4339,1.2311,1.1647,43.39,23.11,16.47
2026-03-17,benchmark,1.4491,1.2419,1.1668,44.91,24.19,16.68
2026-03-18,benchmark,1.4426,1.2388,1.1644999999999999,44.26,23.88,16.45
2026-03-19,benchmark,1.4487,1.2342,1.1738,44.87,23.42,17.38
2026-03-20,benchmark,1.446,1.2311,1.1746,44.6,23.11,17.46
2026-03-23,benchmark,1.4063,1.1909,1.1809,40.63,19.09,18.09
2026-03-24,benchmark,1.4294,1.2156,1.1759,42.94,21.56,17.59
2026-03-25,benchmark,1.4384000000000001,1.2264,1.1729,43.84,22.64,17.29
2026-03-26,benchmark,1.4489,1.2295,1.1784,44.89,22.95,17.84
2026-03-27,benchmark,1.4392,1.2233,1.1764999999999999,43.92,22.33,17.65
2026-03-30,benchmark,1.4513,1.228,1.1818,45.13,22.8,18.18
2026-03-31,benchmark,1.472,1.2388,1.1882,47.2,23.88,18.82
2026-04-01,benchmark,1.4689999999999999,1.2388,1.1858,46.9,23.88,18.58
2026-04-02,benchmark,1.4875,1.2434,1.1963,48.75,24.34,19.63
2026-04-03,benchmark,1.4659,1.2311,1.1907,46.59,23.11,19.07
2026-04-07,benchmark,1.4462,1.2172,1.1881,44.62,21.72,18.81
2026-04-08,benchmark,1.4538,1.2264,1.1854,45.38,22.64,18.54
2026-04-09,benchmark,1.4471,1.2172,1.1889,44.71,21.72,18.89
2026-04-10,benchmark,1.45,1.2156,1.1928,45.0,21.56,19.28
2026-04-13,benchmark,1.4546000000000001,1.2187000000000001,1.1936,45.46,21.87,19.36
2026-04-14,benchmark,1.4653,1.2264,1.1948,46.53,22.64,19.48
2026-04-15,benchmark,1.4786,1.2388,1.1936,47.86,23.88,19.36
2026-04-16,benchmark,1.4743,1.2372,1.1916,47.43,23.72,19.16
2026-04-17,benchmark,1.4712,1.2295,1.1966,47.12,22.95,19.66
2026-04-20,benchmark,1.4956,1.2434,1.2028,49.56,24.34,20.28
2026-04-21,benchmark,1.5038,1.2481,1.2048999999999999,50.38,24.81,20.49
2026-04-22,benchmark,1.4917,1.2388,1.2041,49.17,23.88,20.41
2026-04-23,benchmark,1.4882,1.2419,1.1983,48.82,24.19,19.83
2026-04-24,benchmark,1.4903,1.2403,1.2016,49.03,24.03,20.16
2026-04-27,benchmark,1.4793,1.2357,1.1971,47.93,23.57,19.71
2026-04-28,benchmark,1.4879,1.2403,1.1996,48.79,24.03,19.96
2026-04-29,benchmark,1.4757,1.2357,1.1942,47.57,23.57,19.42
2026-04-30,benchmark,1.4717,1.228,1.1985000000000001,47.17,22.8,19.85
2026-05-06,benchmark,1.4569,1.2172,1.1969,45.69,21.72,19.69
2026-05-07,benchmark,1.4545,1.211,1.2011,45.45,21.1,20.11
2026-05-08,benchmark,1.454,1.2125,1.1992,45.4,21.25,19.92
2026-05-11,benchmark,1.4443,1.2125,1.1912,44.43,21.25,19.12
2026-05-12,benchmark,1.4418,1.2079,1.1936,44.18,20.79,19.36
2026-05-13,benchmark,1.4367,1.2048,1.1925,43.67,20.48,19.25
2026-05-14,benchmark,1.4498,1.211,1.1972,44.98,21.1,19.72
2026-05-15,benchmark,1.4455,1.2032,1.2014,44.55,20.32,20.14
2026-05-18,benchmark,1.4373,1.1909,1.2069,43.73,19.09,20.69
2026-05-19,benchmark,1.4462,1.1971,1.2081,44.62,19.71,20.81
2026-05-20,benchmark,1.4279,1.1862,1.2038,42.79,18.62,20.38
2026-05-21,benchmark,1.4341,1.1909,1.2042,43.41,19.09,20.42
2026-05-22,benchmark,1.4362,1.1878,1.2091,43.62,18.78,20.91
2026-05-25,benchmark,1.4356,1.1846999999999999,1.2118,43.56,18.47,21.18
2026-05-26,benchmark,1.4397,1.1909,1.2089,43.97,19.09,20.89
2026-05-27,benchmark,1.425,1.1846999999999999,1.2028,42.5,18.47,20.28
2026-05-28,benchmark,1.4148,1.1754,1.2037,41.48,17.54,20.37
2026-05-29,benchmark,1.4306,1.1985999999999999,1.1936,43.06,19.86,19.36
