rebalance_date,quarter_key,code,active_quarter_key,avg_traded_amount_lookback,avg_traded_volume_lookback,market_cap,circulating_market_cap,y_quarter_avg_daily_return_close,y_quarter_end_date,y_year_avg_daily_return_close,y_year_end_date,derived__log_total_assets,derived__staff_cash_to_operating_revenue,derived__investment_income_to_operating_revenue
2015-04-28,2014q4,600000.XSHG,2014q4,7678992384.000000,936376710.100000,3413.5853,2730.8682,-0.0240549828,2015-04-30,0.0004425429,2016-08-31,29.0651346938,0.2265026341,-0.0006585249
2015-04-28,2014q4,600036.XSHG,2014q4,6340506487.466666,562561917.000000,4630.3637,3787.4742,-0.0135363790,2015-04-30,0.0004894522,2016-08-31,29.1853329245,0.3191791556,0.0048486629
2015-04-28,2014q4,601288.XSHG,2014q4,6330770419.200000,3041946460.550000,13349.0382,11679.121,-0.0138888889,2015-04-30,-0.0002039243,2016-08-31,30.4019930318,0.2721605775,0.0169199004
2015-04-28,2014q4,601328.XSHG,2014q4,4125573132.800000,1121818162.100000,5302.3587,2335.4264,-0.0157894737,2015-04-30,0.0000124931,2016-08-31,29.4665261419,0.1413620004,-0.0211687820
2015-04-28,2014q4,601398.XSHG,2014q4,4849148876.800000,1670941736.850000,20101.3129,15206.1288,-0.0196078431,2015-04-30,-0.0001331631,2016-08-31,30.6567952304,0.1760685367,0.0108806069
2015-04-28,2014q4,601818.XSHG,2014q4,4748508352.000000,1603060701.400000,2688.7159,2293.0767,-0.0218068536,2015-04-30,-0.0005431519,2016-08-31,28.6378871996,0.1462550362,-0.0018445707
2015-04-28,2014q4,601939.XSHG,2014q4,3245695801.600000,864684077.400000,17850.7838,684.9872,-0.0178571429,2015-04-30,-0.0002948728,2016-08-31,30.4490688650,0.1997779773,0.0161496744
2015-04-28,2014q4,601988.XSHG,2014q4,8527430694.400000,3329922156.900000,14896.0222,10664.7351,-0.0255474453,2015-04-30,-0.0005482175,2016-08-31,30.3556912378,0.1595134413,0.0015091321
2015-04-30,2015q1,002142.XSHE,2015q1,2102188902.400000,227498798.900000,630.7917,557.5555,-0.0017727980,2015-08-31,0.0006781584,2016-10-31,27.1342368739,0.3034253794,0.0275697502
2015-04-30,2015q1,600016.XSHG,2015q1,6279465996.800000,1194645278.850000,3635.2978,2898.9517,-0.0021511196,2015-08-31,-0.0000862345,2016-10-31,29.0214959766,0.1386067166,-0.0014987510
2015-04-30,2015q1,600036.XSHG,2015q1,6692510549.333333,580924422.466667,4595.0559,3758.5937,0.0002768292,2015-08-31,0.0003794055,2016-10-31,29.2220799633,0.1434764617,0.0337359844
2015-04-30,2015q1,601166.XSHG,2015q1,8613526784.000000,757823801.300000,3698.0586,3140.4636,-0.0022227728,2015-08-31,-0.0000398876,2016-10-31,29.1379912137,0.1841143626,0.0309878095
2015-04-30,2015q1,601169.XSHG,2015q1,3869819904.000000,948521934.388889,1371.7689,1371.7689,-0.0012211993,2015-08-31,0.0003915653,2016-10-31,28.0548891794,0.0864941176,0.0188235294
2015-04-30,2015q1,601288.XSHG,2015q1,6631444620.800000,3153170101.300000,12861.847,11252.8758,-0.0023440732,2015-08-31,-0.0001888779,2016-10-31,30.4545720465,0.2155002402,0.0125499308
2015-04-30,2015q1,601328.XSHG,2015q1,4284495065.600000,1153269783.550000,5138.9807,2263.4665,0.0002160595,2015-08-31,-0.0000699503,2016-10-31,29.5222093930,0.1880376480,0.0050197348
2015-08-31,2015q2,600000.XSHG,2015q2,2108020521.600000,297898214.550000,2790.5593,2232.4475,0.0014155065,2016-04-28,0.0005677769,2017-08-31,29.1578901326,0.0827631928,-0.0011137629
2015-08-31,2015q2,600016.XSHG,2015q2,1744078067.200000,397873815.000000,3126.7944,2532.5866,0.0005853782,2016-04-28,0.0000976162,2017-08-31,29.0898856424,0.1090477589,0.0764092777
2015-08-31,2015q2,600036.XSHG,2015q2,2272645945.600000,201786280.550000,4299.9837,3517.235,0.0005278140,2016-04-28,0.0012078744,2017-08-31,29.2837523985,0.0989360905,0.0800367124
2015-08-31,2015q2,601166.XSHG,2015q2,2868159187.200000,335371047.550000,2777.8307,2358.9881,0.0006738082,2016-04-28,0.0005801761,2017-08-31,29.2653278206,0.0942682190,0.0515623768
2015-08-31,2015q2,601169.XSHG,2015q2,1575269756.800000,454717085.700000,1191.1896,1191.1896,0.0014892876,2016-04-28,0.0006807986,2017-08-31,28.1160537419,0.0945561370,0.0204718627
2015-08-31,2015q2,601288.XSHG,2015q2,1719932361.600000,948527751.450000,9711.3441,8792.2533,0.0000351659,2016-04-28,0.0006235417,2017-08-31,30.4909081219,0.1790369996,0.0066145029
2015-08-31,2015q2,601328.XSHG,2015q2,1827215142.400000,524145365.500000,4730.5357,2500.28,-0.0012105848,2016-04-28,0.0002179539,2017-08-31,29.5942314641,0.0861212672,0.0152376524
2015-08-31,2015q2,601398.XSHG,2015q2,1512154569.600000,580927048.350000,14933.4222,11296.7517,-0.0001564782,2016-04-28,0.0008282570,2017-08-31,30.7408538751,0.1421537829,0.0137881401
2015-08-31,2015q2,601988.XSHG,2015q2,2140372492.800000,900347813.050000,11363.3687,8135.5489,-0.0010217154,2016-04-28,0.0003642112,2017-08-31,30.4220999010,0.1444620347,0.0279797834
2015-08-31,2015q2,601998.XSHG,2015q2,747608793.600000,176668214.450000,2994.3889,2041.9305,-0.0002080073,2016-04-28,0.0003361375,2017-08-31,29.1486237441,0.1156940021,0.0368730767
2016-04-28,2015q4,600000.XSHG,2015q4,504172707.450000,57123256.400000,3517.8837,3338.9714,0.0005797213,2016-08-31,0.0001938454,2017-10-31,29.2492903175,0.2130650351,-0.0009757899
2016-04-28,2015q4,600016.XSHG,2015q4,772288175.100000,163602430.350000,3418.6772,2769.0008,0.0002760009,2016-08-31,-0.0001045283,2017-10-31,29.1396853106,0.2153182591,-0.0144817671
2016-04-28,2015q4,600036.XSHG,2015q4,664434125.850000,59133156.050000,4509.3084,3688.4553,0.0010758954,2016-08-31,0.0014443725,2017-10-31,29.3312093734,0.1936039958,0.0039781643
2016-04-28,2015q4,601288.XSHG,2015q4,307177096.200000,172608185.700000,10166.0559,9203.9307,0.0009201419,2016-08-31,0.0007980780,2017-10-31,30.5097359170,0.2377494336,0.0056481395
2016-04-28,2015q4,601328.XSHG,2015q4,499237446.250000,160728943.750000,4025.0398,2127.3968,0.0015049750,2016-08-31,0.0006887671,2017-10-31,29.5988831216,0.1256353475,0.0004218074
2016-04-28,2015q4,601398.XSHG,2015q4,331126524.600000,133460811.400000,15254.1878,11539.4027,0.0013803946,2016-08-31,0.0012931218,2017-10-31,30.7315538483,0.1731832920,0.0164086025
2016-04-28,2015q4,601818.XSHG,2015q4,295767687.050000,135317123.650000,1717.7907,1465.0212,0.0015202754,2016-08-31,0.0005246487,2017-10-31,28.7840300453,0.1357736241,0.0057978539
2016-04-28,2015q4,601939.XSHG,2015q4,601967015.700000,213777422.950000,11750.5159,450.9019,0.0020755465,2016-08-31,0.0014729798,2017-10-31,30.5406228426,0.2126774285,0.0131253129
2016-08-31,2016q2,600000.XSHG,2016q2,478885552.650000,52414774.050000,3562.6925,3381.5013,-0.0002396992,2016-10-31,-0.0003012615,2018-08-31,29.3120897776,0.0913183762,0.0435456842
2016-08-31,2016q2,600016.XSHG,2016q2,771115804.300000,158115156.250000,3396.786,2751.2697,0.0001300966,2016-10-31,-0.0003564120,2018-08-31,29.2892800492,0.1185710130,0.0410397440
2016-08-31,2016q2,600036.XSHG,2016q2,500901983.100000,39934713.450000,4698.4572,3843.1723,-0.0011569304,2016-10-31,0.0011213051,2018-08-31,29.3425277721,0.1136517460,0.0674081256
2016-08-31,2016q2,601166.XSHG,2016q2,896500137.950000,91269347.900000,3061.7105,3061.7105,0.0004719371,2016-10-31,0.0000864557,2018-08-31,29.3731861977,0.0993417265,0.1201161365
2016-08-31,2016q2,601288.XSHG,2016q2,391208471.300000,207028942.350000,10425.8912,9439.1749,-0.0002876346,2016-10-31,0.0005292193,2018-08-31,30.5584863795,0.2017999166,0.0059343300
2016-08-31,2016q2,601818.XSHG,2016q2,368798399.400000,149805631.700000,1834.4884,1564.5471,-0.0009206998,2016-10-31,0.0001042038,2018-08-31,28.9567456037,0.1090148540,-0.0090916852
2016-08-31,2016q2,601939.XSHG,2016q2,441245666.900000,134938647.250000,13175.5785,505.5858,-0.0002412001,2016-10-31,0.0008186998,2018-08-31,30.6146882981,0.1540701687,0.0338628647
2016-10-31,2016q3,600000.XSHG,2016q3,239367062.550000,26120353.700000,3517.2941,3338.4118,0.0001934684,2017-08-31,-0.0001511558,2018-10-31,29.3473890717,0.1033388379,0.0126948085
2016-10-31,2016q3,600016.XSHG,2016q3,315365316.200000,64391283.550000,3356.6521,2718.7628,-0.0003038782,2017-08-31,-0.0002163280,2018-10-31,29.3602980823,0.1364038512,0.0196981525
2016-10-31,2016q3,600036.XSHG,2016q3,260136407.800000,20873234.700000,4504.2644,3684.3295,0.0022045573,2017-08-31,0.0012561767,2018-10-31,29.3473365927,0.1104872076,0.0310732078
2016-10-31,2016q3,601166.XSHG,2016q3,444651817.250000,45087651.900000,3107.4361,3107.4361,0.0005617688,2017-08-31,0.0001805075,2018-10-31,29.3917892774,0.1184238383,0.0412035567
2016-10-31,2016q3,601288.XSHG,2016q3,224340551.800000,120147705.900000,10263.4941,9292.1473,0.0011159189,2017-08-31,0.0006838670,2018-10-31,30.5788281537,0.2049471650,0.0214281739
2016-10-31,2016q3,601328.XSHG,2016q3,251596141.400000,76738102.300000,4173.5652,2205.8986,0.0009970313,2017-08-31,0.0003672723,2018-10-31,29.7218735550,0.1172148674,0.0464947000
2016-10-31,2016q3,601398.XSHG,2016q3,273206234.050000,101319717.650000,15788.7972,11943.821,0.0016334436,2017-08-31,0.0007579049,2018-10-31,30.7942350443,0.1628004297,0.0153087993
2016-10-31,2016q3,601939.XSHG,2016q3,267594849.350000,82790275.400000,13150.5774,504.6264,0.0016138685,2017-08-31,0.0009198579,2018-10-31,30.6514793186,0.1656527340,0.0217077011
2016-10-31,2016q3,601988.XSHG,2016q3,306386012.850000,148823722.600000,9979.7461,7144.951,0.0013346175,2017-08-31,0.0004408574,2018-10-31,30.5134448720,0.1654676930,0.0197900630
2017-08-31,2017q2,002142.XSHE,2017q2,376807217.226500,30091789.350000,806.5944,715.7457,0.0019108651,2017-10-31,0.0011226836,2019-04-30,27.5675790836,0.1727063342,0.1130668664
2017-08-31,2017q2,600000.XSHG,2017q2,762351589.100000,81537215.150000,3571.9884,3571.9884,-0.0003219254,2017-10-31,-0.0000464012,2019-04-30,29.4085793905,0.1034785578,0.0602283261
2017-08-31,2017q2,600015.XSHG,2017q2,478113176.750000,74228071.450000,1220.7198,1220.7198,-0.0011820672,2017-10-31,-0.0002941764,2019-04-30,28.5160680027,0.1925721337,0.0079920080
2017-08-31,2017q2,600016.XSHG,2017q2,704202463.200000,156529031.250000,3064.7693,2482.3486,0.0001313063,2017-10-31,-0.0000704196,2019-04-30,29.3832093706,0.1486911910,0.0425581531
2017-08-31,2017q2,600036.XSHG,2017q2,1141908459.300000,61587947.700000,6746.3087,5518.2426,0.0004609392,2017-10-31,0.0008810239,2019-04-30,29.4555204067,0.1449874980,0.0454749870
2017-08-31,2017q2,600919.XSHG,2017q2,449183545.550000,83878131.300000,1014.7572,509.3662,-0.0021739913,2017-10-31,-0.0003060624,2019-04-30,28.1775063774,0.1399838625,0.0058227719
2017-08-31,2017q2,601009.XSHG,2017q2,424140453.100000,83104488.300000,683.666,650.402,-0.0003393069,2017-10-31,0.0004242537,2019-04-30,27.7557564032,0.1159276241,0.0207011135
2017-08-31,2017q2,601166.XSHG,2017q2,1300129064.850000,116533599.450000,3666.6447,3362.7374,-0.0000936469,2017-10-31,0.0005249507,2019-04-30,29.4849190409,0.1530645690,0.0235392271
2017-08-31,2017q2,601229.XSHG,2017q2,194679203.100000,30102033.700000,1476.8545,147.6867,-0.0018775389,2017-10-31,0.0000342723,2019-04-30,28.1683420632,0.1023686723,0.2994011419
2017-08-31,2017q2,601328.XSHG,2017q2,669155215.500000,169229777.400000,4886.4874,2582.7069,-0.0011572802,2017-10-31,0.0000967205,2019-04-30,29.8205313474,0.1087023339,0.0507960576
2017-08-31,2017q2,601818.XSHG,2017q2,537706127.550000,205218207.300000,1960.522,1672.0351,-0.0007173515,2017-10-31,0.0002219352,2019-04-30,29.0256670057,0.1271332187,-0.0047184372
2017-08-31,2017q2,601997.XSHG,2017q2,242823218.400000,32895966.000000,362.2581,190.318,-0.0014562244,2017-10-31,-0.0001071046,2019-04-30,26.7495939407,-0.1418600764,-0.0118327023
2017-08-31,2017q2,601998.XSHG,2017q2,313737908.200000,75539925.700000,3195.4422,2083.4072,-0.0009772345,2017-10-31,0.0001660255,2019-04-30,29.3628918592,0.1120045358,0.0329364466
2017-10-31,2017q3,002142.XSHE,2017q3,340327766.796500,25779330.000000,869.4591,771.5297,0.0002985145,2018-08-31,0.0012396262,2019-10-31,27.5829483501,0.1364802650,0.1785279754
2017-10-31,2017q3,600000.XSHG,2017q3,384733952.400000,40450984.000000,3701.2973,3543.8846,-0.0008070513,2018-08-31,0.0001709848,2019-10-31,29.4333638840,0.1064132902,0.0544018931
2017-10-31,2017q3,600036.XSHG,2017q3,1478669158.850000,77765875.350000,6834.5782,5590.4439,0.0005662052,2018-08-31,0.0008519077,2019-10-31,29.4505966075,0.0982898731,0.0180817165
2017-10-31,2017q3,600926.XSHG,2017q3,112418284.450000,15670895.500000,471.2456,188.4835,-0.0004492809,2018-08-31,0.0001607867,2019-10-31,27.4050881428,0.1571747257,0.0379593966
2017-10-31,2017q3,601009.XSHG,2017q3,242573750.400000,47172786.950000,676.032,643.1394,0.0000175033,2018-08-31,0.0004962883,2019-10-31,27.7661383003,0.1395461859,0.0613134320
2017-10-31,2017q3,601128.XSHG,2017q3,203156212.200000,41966627.750000,178.0405,79.3268,-0.0011388071,2018-08-31,0.0004800298,2019-10-31,25.6819707636,0.1652739541,0.0025995003
2017-10-31,2017q3,601166.XSHG,2017q3,1345201715.500000,119292168.400000,3623.0189,3322.7275,-0.0003730461,2018-08-31,0.0004375210,2019-10-31,29.4884111660,0.1457933759,-0.0214982967
2017-10-31,2017q3,601328.XSHG,2017q3,507496313.600000,130395446.750000,4619.1416,2441.4037,-0.0001491388,2018-08-31,0.0000702669,2019-10-31,29.8210856770,0.1185582689,0.0128617363
2017-10-31,2017q3,601939.XSHG,2017q3,485722655.350000,105115512.200000,17900.786,686.9059,0.0002670798,2018-08-31,0.0003759596,2019-10-31,30.7245125227,0.1515243460,0.0036146327
2017-10-31,2017q3,601998.XSHG,2017q3,163719686.300000,40104958.150000,3043.7443,1984.5012,0.0002022911,2018-08-31,0.0002741099,2019-10-31,29.3424690775,0.1045265577,0.0459627650
2018-08-31,2018q2,002142.XSHE,2018q2,318374527.402000,23388172.350000,850.7024,753.6584,0.0016288946,2018-10-31,0.0013361122,2020-04-30,27.7046601574,0.1877778061,0.1659084652
2018-08-31,2018q2,600000.XSHG,2018q2,182865103.700000,24355687.600000,3032.0699,2903.1188,0.0020770977,2018-10-31,0.0002663506,2020-04-30,29.4379579901,0.1013207591,0.1333896357
2018-08-31,2018q2,600015.XSHG,2018q2,145599800.950000,28148662.800000,993.7582,993.7582,0.0012961819,2018-10-31,-0.0002712540,2020-04-30,28.5738443278,0.1899122032,0.0180307584
2018-08-31,2018q2,600036.XSHG,2018q2,980362346.250000,47974740.550000,7134.6943,5835.9284,0.0010746373,2018-10-31,0.0007723524,2020-04-30,29.5085514708,0.1351888975,0.0650732460
2018-08-31,2018q2,600919.XSHG,2018q2,114495351.800000,29388273.550000,726.1459,377.9174,0.0010767970,2018-10-31,0.0001023467,2020-04-30,28.2450535785,0.1524646945,0.0971001967
2018-08-31,2018q2,601009.XSHG,2018q2,273286136.200000,55776118.450000,625.1387,625.1387,0.0001976989,2018-10-31,0.0003607884,2020-04-30,27.8080206634,0.1306656555,0.0506922654
2018-08-31,2018q2,601166.XSHG,2018q2,598990226.250000,59556802.100000,3132.748,2873.0924,0.0019864041,2018-10-31,0.0004653371,2020-04-30,29.5125026045,0.1258507871,0.1230651985
2018-08-31,2018q2,601169.XSHG,2018q2,148686776.900000,39072919.500000,1232.636,1063.859,0.0014652266,2018-10-31,-0.0001884133,2020-04-30,28.5415500807,0.0881318681,0.0027838828
2018-08-31,2018q2,601229.XSHG,2018q2,239497739.100000,42600100.300000,1279.6804,608.4021,0.0010149074,2018-10-31,-0.0000927608,2020-04-30,28.2826820387,0.0678560729,0.2085907279
2018-08-31,2018q2,601288.XSHG,2018q2,675825821.700000,289192895.050000,12704.3841,10674.2072,0.0018627294,2018-10-31,0.0000413088,2020-04-30,30.7184594002,0.1696125288,0.0340275331
2018-08-31,2018q2,601328.XSHG,2018q2,255606419.500000,71215874.350000,4173.5652,2205.8986,0.0017250660,2018-10-31,-0.0000431059,2020-04-30,29.8634741531,0.1014289505,0.0762233256
2018-08-31,2018q2,601818.XSHG,2018q2,189910809.950000,80067991.150000,1957.8496,1484.9327,0.0023223612,2018-10-31,0.0002250129,2020-04-30,29.0857394868,0.1167850634,0.1015360583
2018-08-31,2018q2,601939.XSHG,2018q2,547257779.950000,118862103.200000,17200.7553,660.0436,0.0013293899,2018-10-31,0.0000269413,2020-04-30,30.7580089068,0.1361228476,0.0521246857
2018-08-31,2018q2,601988.XSHG,2018q2,307123733.400000,131062654.500000,10450.7666,7482.1758,0.0013523109,2018-10-31,0.0001056830,2020-04-30,30.6413916258,0.1376124115,0.0060989221
2018-08-31,2018q2,601997.XSHG,2018q2,85918707.750000,14582433.150000,273.5324,147.4368,0.0006311300,2018-10-31,0.0000582692,2020-04-30,26.8915502028,0.1624658465,0.0160886490
2018-10-31,2018q3,002142.XSHE,2018q3,374692759.921000,26639632.900000,917.2263,815.4523,0.0023693994,2019-04-30,0.0018642259,2020-08-31,27.7136724542,0.1214919290,0.1297922031
2018-10-31,2018q3,600919.XSHG,2018q3,218186787.500000,55192745.650000,749.2348,389.9339,0.0011500833,2019-04-30,0.0002822273,2020-08-31,28.2933682350,0.1434348328,0.1272458454
2018-10-31,2018q3,601166.XSHG,2018q3,975022440.300000,94239162.050000,3348.7995,3071.2367,0.0020234461,2019-04-30,0.0003465534,2020-08-31,29.5094518904,0.1388417326,0.2581364893
2018-10-31,2018q3,601229.XSHG,2018q3,294805378.350000,50176799.150000,1334.3209,634.38,0.0005518598,2019-04-30,0.0000469289,2020-08-31,28.3031123012,0.1087325267,0.1848742771
2018-10-31,2018q3,601328.XSHG,2018q3,500872498.600000,134256675.750000,4455.7636,2355.0518,0.0005680737,2019-04-30,-0.0002049928,2020-08-31,29.8708300805,0.0998624189,0.0524594851
2018-10-31,2018q3,601939.XSHG,2018q3,779433507.400000,163542008.300000,17875.7849,685.9465,0.0005134975,2019-04-30,-0.0000281599,2020-08-31,30.7817927315,0.1482665601,0.0155984614
2018-10-31,2018q3,601988.XSHG,2018q3,549952913.900000,227359814.500000,10951.2258,7840.4772,0.0005158587,2019-04-30,0.0000146722,2020-08-31,30.6719973686,0.1467031293,0.0647424896
2018-10-31,2018q3,601997.XSHG,2018q3,163989147.350000,28705890.650000,274.222,147.8085,0.0014373081,2019-04-30,0.0002256461,2020-08-31,26.9216634749,0.1402645376,0.0265848041
2018-10-31,2018q3,601998.XSHG,2018q3,171823322.650000,43900126.300000,2896.94,1888.7857,0.0007227101,2019-04-30,0.0000179797,2020-08-31,29.3999888148,0.1143508876,0.0268273331
2019-04-30,2019q1,600000.XSHG,2018q4,630672074.950000,72727073.900000,3513.444,3364.0205,0.0008094645,2019-10-31,-0.0000671881,2021-04-30,29.4699195456,0.1568428870,0.0821236468
2019-04-30,2019q1,600015.XSHG,2018q4,484161443.050000,82184555.600000,1234.0554,1028.3795,-0.0000041239,2019-10-31,-0.0002477530,2021-04-30,28.6170543049,0.1663580818,0.1111831142
2019-04-30,2019q1,600016.XSHG,2018q4,1029863578.950000,237009154.450000,2802.0748,2269.5759,0.0003740345,2019-10-31,-0.0002959992,2021-04-30,29.4219172126,0.2158961014,0.1103436535
2019-04-30,2019q1,600036.XSHG,2018q4,2171372877.150000,83597195.450000,8688.2368,7106.6714,0.0007017058,2019-10-31,0.0011852946,2021-04-30,29.5399306798,0.2743892333,0.0410050718
2019-04-30,2019q1,601328.XSHG,2018q4,1108829228.850000,272044735.700000,4648.8467,2457.1041,-0.0003556068,2019-10-31,-0.0002572769,2021-04-30,29.8855887012,0.1227791762,0.0548502426
2019-04-30,2019q1,601398.XSHG,2018q4,1748207177.350000,451799364.350000,20707.2035,15664.4695,0.0006533390,2019-10-31,0.0000177445,2021-04-30,30.9524369225,0.1748858865,0.0313418118
2019-04-30,2019q1,601939.XSHG,2018q4,1264952205.500000,251498235.950000,18600.8167,713.7681,0.0005452589,2019-10-31,0.0001358785,2021-04-30,30.7761510631,0.1691596787,0.0111681902
2019-04-30,2019q1,601988.XSHG,2018q4,765954478.600000,293784155.500000,11451.6851,8198.7785,0.0002502751,2019-10-31,-0.0000690412,2021-04-30,30.6881906222,0.1600893987,0.0602269353
2019-04-30,2019q1,601997.XSHG,2018q4,509124401.950000,72881067.300000,316.2862,170.4816,0.0000518576,2019-10-31,-0.0001495034,2021-04-30,26.9445045522,0.1386417751,0.0218805217
2019-04-30,2019q1,002142.XSHE,2019q1,531391716.578500,28139157.700000,1192.7659,1060.4641,0.0022261822,2019-10-31,0.0017101755,2021-04-30,27.7803005473,0.4270918822,0.2525759116
2019-04-30,2019q1,600919.XSHG,2019q1,356319823.950000,77688069.550000,847.3626,441.0038,0.0001669248,2019-10-31,0.0003324304,2021-04-30,28.3269019472,0.2854555596,0.3605813479
2019-04-30,2019q1,601128.XSHG,2019q1,481770017.300000,99129650.200000,204.7428,104.7388,0.0010494839,2019-10-31,0.0000620609,2021-04-30,25.8627778876,0.3383756129,0.0723996498
2019-04-30,2019q1,601169.XSHG,2019q1,515671867.550000,122805047.450000,1346.8081,1162.3983,-0.0004898983,2019-10-31,-0.0002798659,2021-04-30,28.6008529939,0.0954175992,0.1008952762
2019-04-30,2019q1,601229.XSHG,2019q1,478538790.350000,76598536.450000,1384.5901,658.2797,0.0002473769,2019-10-31,-0.0000694196,2021-04-30,28.3544658748,0.1568958988,0.2099682539
2019-04-30,2019q1,601288.XSHG,2019q1,1518439235.700000,613332943.150000,13159.3621,11056.4791,0.0003592321,2019-10-31,-0.0000457435,2021-04-30,30.7947193121,0.1921505395,0.0234466656
2019-04-30,2019q1,601577.XSHG,2019q1,263581030.500000,32137064.100000,362.6847,36.2685,-0.0007901568,2019-10-31,0.0000497716,2021-04-30,27.0717776544,0.2181541476,0.1543032595
2019-04-30,2019q1,601818.XSHG,2019q1,695849548.750000,249110421.800000,2188.8035,1660.1002,0.0010152872,2019-10-31,0.0001994307,2021-04-30,29.1396014703,0.1952250096,0.1074077357
2019-04-30,2019q1,601838.XSHG,2019q1,311254824.650000,46122014.700000,341.3578,176.397,-0.0001661769,2019-10-31,0.0009608569,2021-04-30,26.9554899817,0.2812840614,0.1154983920
2019-04-30,2019q1,601998.XSHG,2019q1,399110459.750000,92074148.400000,3077.9987,2006.8348,0.0004225057,2019-10-31,-0.0000906166,2021-04-30,29.4622272343,0.1784433664,0.0603248260
2019-10-31,2019q3,600000.XSHG,2019q3,759625048.050000,78283080.900000,3671.9453,3515.7809,-0.0014085017,2020-04-30,-0.0004526893,2021-08-31,29.5465707272,0.0942464181,0.0364851292
2019-10-31,2019q3,600919.XSHG,2019q3,278136962.950000,59783572.300000,816.1947,806.387,-0.0014279556,2020-04-30,0.0001911883,2021-08-31,28.3569149461,0.1173534383,0.2520495478
2019-10-31,2019q3,601128.XSHG,2019q3,417170063.000000,83549267.950000,235.1654,220.9425,-0.0014243032,2020-04-30,-0.0004264016,2021-08-31,25.9076524794,0.1793903186,0.0266458762
2019-10-31,2019q3,601166.XSHG,2019q3,1416337171.800000,110480753.050000,3888.9285,3566.5974,-0.0011449708,2020-04-30,0.0002786159,2021-08-31,29.5743708471,0.1312447804,0.1084391529
2019-10-31,2019q3,601169.XSHG,2019q3,327422899.600000,85007256.650000,1171.3213,1010.9398,-0.0009577446,2020-04-30,-0.0002674658,2021-08-31,28.6169375324,0.0919495383,0.1029392639
2019-10-31,2019q3,601229.XSHG,2019q3,343791718.100000,53284696.800000,1325.4691,630.1716,-0.0010585618,2020-04-30,-0.0003090353,2021-08-31,28.4138075981,0.1028109818,0.2083141147
2019-10-31,2019q3,601288.XSHG,2019q3,782927930.600000,320330575.450000,12739.3824,10703.6127,-0.0004042579,2020-04-30,-0.0001924117,2021-08-31,30.8447220139,0.1758145479,0.0288533748
2019-10-31,2019q3,601328.XSHG,2019q3,466354369.700000,122035658.500000,4166.139,2201.9735,-0.0006985302,2020-04-30,-0.0002305024,2021-08-31,29.9268714815,0.1147935918,0.0575774784
2019-10-31,2019q3,601398.XSHG,2019q3,859020746.950000,215444712.750000,21063.6098,15934.0818,-0.0010848556,2020-04-30,-0.0002736227,2021-08-31,31.0463311441,0.1424713396,0.0106456498
2019-10-31,2019q3,601997.XSHG,2019q3,171329174.800000,26999244.150000,294.1278,280.5833,-0.0012900507,2020-04-30,-0.0004894088,2021-08-31,27.0381144031,0.1343509821,0.1092530457
2019-10-31,2019q3,601998.XSHG,2019q3,247321918.750000,58310568.850000,2999.7038,1955.7873,-0.0014491908,2020-04-30,-0.0004079654,2021-08-31,29.4969460557,0.1121920507,0.0634888397
2020-04-30,2020q1,600015.XSHG,2019q4,90835370.810000,19914952.000000,1009.4019,841.1682,0.0004533329,2020-08-31,-0.0000930275,2022-08-31,28.7365391715,0.1741850799,0.0168453292
2020-04-30,2020q1,600016.XSHG,2019q4,392859346.176500,97339659.350000,2578.7844,2088.7191,0.0001969706,2020-08-31,-0.0005300321,2022-08-31,29.5304146643,0.1865237884,0.0912011498
2020-04-30,2020q1,600036.XSHG,2019q4,1207025010.596000,48568379.100000,8849.6438,7238.6966,0.0016226255,2020-08-31,0.0004059142,2022-08-31,29.6348281363,0.2287931841,0.0619301954
2020-04-30,2020q1,601577.XSHG,2019q4,66549812.404500,11339549.450000,268.592,78.1336,0.0026093251,2020-08-31,0.0001062904,2022-08-31,27.1235195215,0.1261209632,0.0922837954
2020-04-30,2020q1,601988.XSHG,2019q4,257279216.666500,105198443.000000,10244.6951,7334.6399,0.0001108866,2020-08-31,0.0001309201,2022-08-31,30.7564537531,0.1517512364,0.0187731936
2020-04-30,2020q1,002142.XSHE,2020q1,774425085.185500,39473865.150000,1466.1798,1464.4197,0.0043682616,2020-08-31,0.0006707897,2022-08-31,27.9949334869,0.4209777743,0.2565700458
2020-04-30,2020q1,002958.XSHE,2020q1,143062957.565000,38445373.400000,247.2222,119.8024,0.0032376015,2020-08-31,-0.0003229638,2022-08-31,26.5819318742,0.1988788961,0.1387321012
2020-04-30,2020q1,002966.XSHE,2020q1,122221431.573000,20502363.000000,286.6667,28.6667,0.0000240156,2020-08-31,-0.0000646430,2022-08-31,26.6670542691,0.2708270028,0.1635532777
2020-04-30,2020q1,600000.XSHG,2020q1,211185939.178500,26985900.800000,3120.1261,2987.4301,0.0006576430,2020-08-31,-0.0003015768,2022-08-31,29.6189760088,0.1403904446,0.0861359700
2020-04-30,2020q1,600919.XSHG,2020q1,182211073.882500,46863567.450000,697.2881,688.9093,0.0015577508,2020-08-31,0.0008657967,2022-08-31,28.4182672676,0.1942013774,0.1997936329
2020-04-30,2020q1,601077.XSHG,2020q1,70946849.747000,19960319.550000,570.1214,68.1214,0.0013215073,2020-08-31,-0.0002373427,2022-08-31,27.6791908782,0.2253892842,0.0222607196
2020-04-30,2020q1,601166.XSHG,2020q1,761343542.456000,68979240.250000,3452.6705,3260.0546,0.0005528341,2020-08-31,0.0005187874,2022-08-31,29.6341372094,0.1488121294,0.2350869513
2020-04-30,2020q1,601169.XSHG,2020q1,212787386.807000,63814924.650000,1052.9206,908.7509,0.0006174981,2020-08-31,0.0000567907,2022-08-31,28.6564413718,0.0814324945,0.0609762932
2020-04-30,2020q1,601229.XSHG,2020q1,93097158.621500,16875746.200000,1160.6734,1083.4876,0.0010755926,2020-08-31,-0.0002334562,2022-08-31,28.4579621605,0.1687587743,0.1649092483
2020-04-30,2020q1,601288.XSHG,2020q1,356387924.260500,152769429.000000,12109.413,10174.3132,-0.0001028751,2020-08-31,0.0000349665,2022-08-31,30.8977871954,0.1691215065,0.0001499684
2020-04-30,2020q1,601328.XSHG,2020q1,236957822.565000,67524949.800000,3846.8092,2033.1948,-0.0002345165,2020-08-31,0.0001921676,2022-08-31,29.9780424322,0.2071135178,0.0477054905
2020-04-30,2020q1,601398.XSHG,2020q1,544135973.030500,152890322.500000,18426.2035,13938.9514,0.0003525635,2020-08-31,0.0000652854,2022-08-31,31.0997051063,0.1540318708,0.0492776865
2020-04-30,2020q1,601658.XSHG,2020q1,102585686.541500,26966458.950000,4540.2809,155.2424,-0.0007546527,2020-08-31,0.0001299627,2022-08-31,30.0104398345,0.1518892630,0.0366490696
2020-04-30,2020q1,601818.XSHG,2020q1,310079389.076500,124633789.400000,1957.8521,1484.9352,0.0013977421,2020-08-31,-0.0000318073,2022-08-31,29.2858168325,0.1707813966,0.0469642139
2020-04-30,2020q1,601838.XSHG,2020q1,88658881.742500,15582724.950000,279.9495,146.8007,0.0042668135,2020-08-31,0.0017387288,2022-08-31,27.0742032836,0.2818871235,0.1522979375
2020-04-30,2020q1,601916.XSHG,2020q1,92853385.023500,31754814.700000,867.7628,84.3567,0.0010801962,2020-08-31,-0.0001805263,2022-08-31,28.2340062183,0.2121750929,0.2417813551
2020-04-30,2020q1,601939.XSHG,2020q1,327207032.316000,72867729.250000,16075.7059,616.8722,0.0003632434,2020-08-31,0.0001037337,2022-08-31,30.9309298657,0.1275579646,0.0212660283
2020-04-30,2020q1,601997.XSHG,2020q1,115686720.599500,21137335.050000,254.2243,242.5173,0.0011724636,2020-08-31,-0.0002954827,2022-08-31,27.0599691624,0.1812305630,0.1064093230
2020-04-30,2020q1,601998.XSHG,2020q1,72565837.467000,20278272.450000,2544.6105,1659.0696,0.0008135951,2020-08-31,0.0001038572,2022-08-31,29.5815539923,0.1582247763,0.0867615368
2020-08-31,2020q2,002142.XSHE,2020q2,1399259278.617500,49804840.100000,2132.8458,1995.3874,0.0015225359,2021-04-30,-0.0003292393,2022-10-31,28.0434422421,0.1793544394,0.0845174576
2020-08-31,2020q2,002958.XSHE,2020q2,543881904.279000,108768920.050000,296.6667,143.7629,-0.0011504363,2021-04-30,-0.0010230371,2022-10-31,26.6527217720,0.1358904930,0.1607272438
2020-08-31,2020q2,600000.XSHG,2020q2,515391015.382000,60519663.250000,3040.8798,2911.5543,-0.0000566848,2021-04-30,-0.0005857844,2022-10-31,29.6487336527,0.0976447818,0.1635604463
2020-08-31,2020q2,600016.XSHG,2020q2,639973003.523500,152785280.550000,2429.9242,1968.1478,-0.0010107526,2021-04-30,-0.0007703443,2022-10-31,29.5971037118,0.1169451563,0.0439569452
2020-08-31,2020q2,600036.XSHG,2020q2,3592138602.557500,123363132.700000,9505.3598,7775.0492,0.0023317593,2021-04-30,-0.0002938393,2022-10-31,29.7144330153,0.1237630662,0.0750522648
2020-08-31,2020q2,600919.XSHG,2020q2,387763795.473000,88222855.100000,741.1575,733.8232,0.0009987752,2021-04-30,0.0005868155,2022-10-31,28.4309838176,0.1059472514,0.2425328372
2020-08-31,2020q2,600926.XSHG,2017q4,613127827.563500,67012830.350000,767.961,650.3908,0.0018806719,2021-04-30,0.0002233849,2022-10-31,27.4487060327,0.1555911174,0.1402610484
2020-08-31,2020q2,601009.XSHG,2020q2,707975308.711000,111983320.650000,859.6028,728.6217,0.0006942164,2021-04-30,0.0007050027,2022-10-31,28.0128484174,0.2052814301,0.2038963753
2020-08-31,2020q2,601077.XSHG,2020q2,208174873.348500,55247582.450000,592.8354,70.8354,-0.0013615106,2021-04-30,-0.0005031718,2022-10-31,27.7011421256,0.1815854987,0.0380773050
2020-08-31,2020q2,601166.XSHG,2020q2,1736662981.049000,150701661.600000,3357.1092,3169.8245,0.0020342493,2021-04-30,0.0002111742,2022-10-31,29.6516878941,0.1241383468,0.1182901586
2020-08-31,2020q2,601169.XSHG,2020q2,288873336.551500,80058052.350000,1029.6633,888.6781,-0.0000936749,2021-04-30,-0.0000728596,2022-10-31,28.6900658313,0.1062442967,0.0904706036
2020-08-31,2020q2,601229.XSHG,2020q2,208280231.824000,35181790.900000,1196.1897,1144.7953,-0.0000851664,2021-04-30,-0.0005224016,2022-10-31,28.5015733537,0.0795848455,0.2327127624
2020-08-31,2020q2,601328.XSHG,2020q2,658944208.164000,191385044.500000,3512.627,1856.5659,0.0001386427,2021-04-30,0.0001897860,2022-10-31,29.9984508082,0.0565356727,0.0963356209
2020-08-31,2020q2,601577.XSHG,2020q2,302345946.277500,41152299.200000,313.7565,91.272,0.0000434728,2021-04-30,-0.0004049143,2022-10-31,27.2009755033,0.1329944842,0.1192861840
2020-08-31,2020q2,601818.XSHG,2020q2,653223753.484500,229295505.600000,2015.5906,1528.7271,0.0000590254,2021-04-30,-0.0003495252,2022-10-31,29.3152759206,0.1051452211,0.0340429199
2020-08-31,2020q2,601838.XSHG,2020q2,902386199.197000,114457438.900000,367.0047,192.5152,0.0012849401,2021-04-30,0.0009527530,2022-10-31,27.1443270775,0.0964400895,0.1302759358
2020-08-31,2020q2,601916.XSHG,2020q2,316103376.150500,99028089.150000,886.9047,106.335,-0.0002668139,2021-04-30,-0.0006693735,2022-10-31,28.3194602309,0.1205753488,0.1712064136
2020-08-31,2020q2,601997.XSHG,2020q2,289496096.460500,47730021.550000,263.5565,253.5616,-0.0002026200,2021-04-30,-0.0006196424,2022-10-31,27.0720564897,0.1118497090,0.1440922383
2021-04-30,2021q1,600000.XSHG,2020q4,463833476.262000,54274118.350000,2949.8905,2949.8905,-0.0007062203,2021-08-31,-0.0003499576,2023-08-31,29.7042204656,0.1816464861,0.0849054624
2021-04-30,2021q1,600016.XSHG,2020q4,381168794.522500,104046280.600000,2057.7737,1666.7198,-0.0014936325,2021-08-31,-0.0000603447,2023-08-31,29.5697963001,0.2126351189,0.0041076147
2021-04-30,2021q1,601077.XSHG,2020q4,116530258.827500,39635083.100000,471.3155,243.7903,-0.0002294399,2021-08-31,0.0001865154,2023-08-31,27.7584696833,0.1244644507,0.0482227045
2021-04-30,2021q1,601166.XSHG,2020q4,2111430531.974500,134156383.100000,4516.3091,4264.3555,-0.0015366167,2021-08-31,-0.0001809392,2023-08-31,29.6971240932,0.1283054874,0.0626046657
2021-04-30,2021q1,601229.XSHG,2020q4,247889471.713000,41883480.550000,1162.094,1120.9753,-0.0009524370,2021-08-31,-0.0002209464,2023-08-31,28.5320536395,0.0949728900,0.1113701621
2021-04-30,2021q1,601288.XSHG,2020q4,543654016.682000,227645572.000000,11199.4571,9409.7694,-0.0002517240,2021-08-31,0.0005191488,2023-08-31,30.9344236235,0.1980189961,0.0177626677
2021-04-30,2021q1,601328.XSHG,2020q4,471387874.061000,133842956.000000,3572.0372,1887.9666,-0.0002308871,2021-08-31,0.0006532323,2023-08-31,30.0010420288,0.1488011052,0.0312140249
2021-04-30,2021q1,601398.XSHG,2020q4,872260427.004000,221587187.950000,18283.641,13831.1065,-0.0005733289,2021-08-31,0.0001685167,2023-08-31,31.1379306914,0.1890151725,0.0224038125
2021-04-30,2021q1,601658.XSHG,2020q4,496758447.277500,116752764.150000,4702.344,573.8701,0.0007563960,2021-08-31,0.0003063529,2023-08-31,30.0605263075,0.2186619769,0.0401063784
2021-04-30,2021q1,601988.XSHG,2020q4,428347259.577000,175994141.850000,9567.6032,6849.8792,-0.0000895080,2021-08-31,0.0006375303,2023-08-31,30.8257132177,0.1494636647,0.0410690097
2021-04-30,2021q1,601998.XSHG,2020q4,134375791.007000,34528194.200000,2534.8247,1763.9286,-0.0008677025,2021-08-31,0.0004954443,2023-08-31,29.6474111636,0.1823649494,0.0453936826
2021-04-30,2021q1,000001.XSHE,2021q1,1497832613.003500,85576453.600000,4519.6383,4519.6002,-0.0030184402,2021-08-31,-0.0010350625,2023-08-31,29.1511848750,0.2062075237,0.0659758782
2021-04-30,2021q1,002142.XSHE,2021q1,834273034.809500,24757649.100000,2537.1853,2503.5031,-0.0028751330,2021-08-31,-0.0004533117,2023-08-31,28.1749272944,0.3756237714,0.1654317254
2021-04-30,2021q1,002966.XSHE,2021q1,105992579.473500,20165124.050000,251.0,122.3439,-0.0005685398,2021-08-31,0.0002932046,2023-08-31,26.7910244580,0.3137679529,0.0953679584
2021-04-30,2021q1,600036.XSHG,2021q1,2391487380.317500,59792703.450000,13290.8586,10871.4537,-0.0005601559,2021-08-31,-0.0005196727,2023-08-31,29.7902716072,0.1768474708,0.0627839200
2021-04-30,2021q1,600919.XSHG,2021q1,549738293.383500,116768467.900000,1044.2113,1036.1343,-0.0003829114,2021-08-31,0.0004550080,2023-08-31,28.5492226922,0.1947879769,0.1192112691
2021-04-30,2021q1,600926.XSHG,2017q4,315795582.128500,24016888.950000,980.8552,833.841,-0.0023505244,2021-08-31,-0.0004210133,2023-08-31,27.4487060327,0.1555911174,0.1402610484
2021-04-30,2021q1,601577.XSHG,2021q1,146375503.931500,19072129.150000,362.342,89.6795,-0.0000415620,2021-08-31,0.0001272380,2023-08-31,27.3230731559,0.2321105902,0.1082931598
2021-04-30,2021q1,601818.XSHG,2021q1,446908746.142000,155845950.250000,2042.4063,1563.1501,-0.0006972511,2021-08-31,-0.0000164354,2023-08-31,29.3505128930,0.1866842418,0.0433692590
2021-04-30,2021q1,601838.XSHG,2021q1,248744180.733500,28476182.400000,430.9416,429.4454,0.0002230514,2021-08-31,0.0005848322,2023-08-31,27.2937853285,0.2874895357,0.1191480552
2021-04-30,2021q1,601939.XSHG,2021q1,564413112.288500,106074124.400000,16825.7388,645.6532,-0.0010269887,2021-08-31,0.0001571833,2023-08-31,31.0112700361,0.1350526272,0.0260988440
2021-08-31,2021q2,000001.XSHE,2021q2,1774242627.653500,115134332.600000,3454.2534,3454.2243,-0.0011180619,2022-08-31,-0.0007760548,2023-10-31,29.1835754003,0.0871957475,0.0747458734
2021-08-31,2021q2,002142.XSHE,2021q2,1264372573.852500,42937383.000000,1940.5893,1914.8272,0.0000071960,2022-08-31,-0.0001757974,2023-10-31,28.2373683517,0.1689137624,0.2482828797
2021-08-31,2021q2,002966.XSHE,2021q2,121503854.782500,23911002.450000,227.0,110.6514,0.0004052341,2022-08-31,0.0002555848,2023-10-31,26.8089543129,0.1381551460,0.1413653130
2021-08-31,2021q2,600000.XSHG,2021q2,313624615.609500,40323861.700000,2656.3705,2656.3705,-0.0007027554,2022-08-31,-0.0003384885,2023-10-31,29.7257354328,0.1222122359,0.0743682461
2021-08-31,2021q2,600016.XSHG,2021q2,231102161.480500,73815522.000000,1738.162,1407.8463,-0.0002242938,2022-08-31,0.0001097984,2023-10-31,29.5868402937,0.1387155224,0.0790550970
2021-08-31,2021q2,600036.XSHG,2021q2,3124197554.634000,77838883.150000,12347.6364,10099.9312,-0.0011505692,2022-08-31,-0.0005926205,2023-10-31,29.8154852912,0.1381699564,0.0688825924
2021-08-31,2021q2,600919.XSHG,2021q2,662531936.016000,131470842.400000,949.6869,943.9153,0.0008683093,2022-08-31,0.0004681989,2023-10-31,28.5684056991,0.0973528668,0.1596044604
2021-08-31,2021q2,601009.XSHG,2021q2,446937645.686500,63703534.300000,938.6582,795.6311,0.0007263129,2022-08-31,-0.0000923985,2023-10-31,28.1402323086,0.1495579582,0.1822222700
2021-08-31,2021q2,601077.XSHG,2021q2,128550854.800500,44903742.450000,441.7873,228.5167,-0.0001234412,2022-08-31,0.0004393032,2023-10-31,27.8329649823,0.1705273838,0.0226831338
2021-08-31,2021q2,601166.XSHG,2021q2,1866468155.169000,135944514.950000,3843.2253,3628.8214,-0.0000900422,2022-08-31,-0.0001108442,2023-10-31,29.7240182392,0.1181227952,0.0244314344
2021-08-31,2021q2,601169.XSHG,2021q2,229509795.183500,67594610.650000,917.6055,917.6055,0.0000640466,2022-08-31,0.0003777456,2023-10-31,28.7491242186,0.0974110635,0.1406841746
2021-08-31,2021q2,601229.XSHG,2021q2,120800961.341500,22629307.100000,1024.2907,988.0479,-0.0006079675,2022-08-31,-0.0000826910,2023-10-31,28.5973824947,0.0794134028,0.1380113958
2021-08-31,2021q2,601328.XSHG,2021q2,279659621.856500,83300075.550000,3282.4125,1734.8882,0.0004569577,2022-08-31,0.0007616613,2023-10-31,30.0658582836,0.0982288600,0.0857500267
2021-08-31,2021q2,601398.XSHG,2021q2,719450549.962500,202480320.450000,16465.9691,12456.0842,0.0000123040,2022-08-31,0.0003023213,2023-10-31,31.1902554447,0.1224989512,0.0444645166
2021-08-31,2021q2,601577.XSHG,2021q2,119654821.309500,17360116.300000,348.6687,86.2953,-0.0007585191,2022-08-31,-0.0000691084,2023-10-31,27.3555570889,0.1392142843,0.1179220687
2021-08-31,2021q2,601658.XSHG,2021q2,623764667.593500,152565825.950000,4748.5359,579.5073,-0.0003883969,2022-08-31,0.0000268201,2023-10-31,30.1338537149,0.1592445501,0.0400507949
2021-08-31,2021q2,601838.XSHG,2021q2,328171113.888500,36153851.350000,437.4436,435.9249,0.0013380430,2022-08-31,0.0003463337,2023-10-31,27.3247448608,0.0865430125,0.1490596159
2021-08-31,2021q2,601939.XSHG,2021q2,470740775.916000,102456951.000000,14625.6422,561.229,-0.0000188802,2022-08-31,0.0003893481,2023-10-31,31.0266425810,0.1272365109,0.0302088495
2021-08-31,2021q2,601997.XSHG,2021q2,104106781.232000,20024864.950000,241.6747,206.3735,-0.0005237258,2022-08-31,-0.0002448497,2023-10-31,27.1148761545,0.1336129655,0.0797844017
2021-08-31,2021q2,601998.XSHG,2021q2,79520070.780000,22542593.400000,2246.1092,1563.0179,0.0001448288,2022-08-31,0.0006106585,2023-10-31,29.6872361229,0.1507135139,0.0831625619
2022-08-31,2022q2,000001.XSHE,2022q2,1216793848.350000,120334009.900000,2474.2546,2474.2072,-0.0053682899,2022-10-31,-0.0001978763,2024-04-30,29.2619809611,0.0868056313,0.0849285169
2022-08-31,2022q2,002142.XSHE,2022q2,913330755.450000,34838268.450000,1969.8511,1945.7851,-0.0060374473,2022-10-31,-0.0003994147,2024-04-30,28.4373666162,0.1666548873,0.2510424765
2022-08-31,2022q2,002966.XSHE,2021q2,135844280.350000,25674353.850000,238.704,230.5939,0.0015251474,2022-10-31,0.0005815462,2024-04-30,26.8089543129,0.1381551460,0.1413653130
2022-08-31,2022q2,600000.XSHG,2022q2,133722357.400000,20812264.700000,2133.903,2133.903,-0.0023354588,2022-10-31,0.0003113746,2024-04-30,29.7717880926,0.1222811562,0.0518276387
2022-08-31,2022q2,600015.XSHG,2022q2,80668971.100000,19146629.700000,790.9033,659.0861,-0.0019989901,2022-10-31,0.0008851228,2024-04-30,28.9774396494,0.1489857680,0.0496891870
2022-08-31,2022q2,600016.XSHG,2022q2,128580015.100000,42998940.750000,1576.1671,1276.6364,-0.0024052354,2022-10-31,0.0004315592,2024-04-30,29.6217106757,0.1484892852,0.0812192200
2022-08-31,2022q2,600036.XSHG,2022q2,1862112246.750000,66321146.600000,8839.5559,7230.445,-0.0067646401,2022-10-31,0.0002558861,2024-04-30,29.9057205941,0.1523059437,0.0535585125
2022-08-31,2022q2,600919.XSHG,2021q2,457925048.900000,81800481.100000,1070.7996,1064.8835,-0.0011998137,2022-10-31,0.0005079085,2024-04-30,28.5684056991,0.0973528668,0.1596044604
2022-08-31,2022q2,600926.XSHG,2017q4,298290155.300000,25725624.750000,849.8084,725.1656,-0.0041601037,2022-10-31,-0.0000579326,2024-04-30,27.4487060327,0.1555911174,0.1402610484
2022-08-31,2022q2,601009.XSHG,2021q2,264745055.700000,31510108.100000,1094.4688,932.5341,-0.0005713332,2022-10-31,-0.0000940083,2024-04-30,28.1402323086,0.1495579582,0.1822222700
2022-08-31,2022q2,601077.XSHG,2021q2,89397218.900000,31775370.500000,406.5806,210.3058,-0.0008544589,2022-10-31,0.0008747768,2024-04-30,27.8329649823,0.1705273838,0.0226831338
2022-08-31,2022q2,601128.XSHG,2021q2,182960089.400000,36568485.300000,214.0608,205.6836,-0.0029881133,2022-10-31,0.0002136556,2024-04-30,26.1676365050,0.2274861406,0.0525331732
2022-08-31,2022q2,601166.XSHG,2022q2,1075091373.400000,77996614.500000,3554.4726,3554.4726,-0.0035309026,2022-10-31,0.0002217442,2024-04-30,29.8265494777,0.1246944198,0.1629406554
2022-08-31,2022q2,601229.XSHG,2021q2,81907677.050000,17843205.350000,839.6134,816.2711,-0.0016318330,2022-10-31,0.0007263165,2024-04-30,28.5973824947,0.0794134028,0.1380113958
2022-08-31,2022q2,601288.XSHG,2022q2,526462838.050000,226035350.300000,9974.5165,8529.6093,-0.0007063200,2022-10-31,0.0013191811,2024-04-30,31.1099946385,0.1606481762,0.0354930013
2022-08-31,2022q2,601328.XSHG,2021q2,201000572.800000,52980564.900000,3401.2329,1797.6896,-0.0007293066,2022-10-31,0.0012431395,2024-04-30,30.0658582836,0.0982288600,0.0857500267
2022-08-31,2022q2,601658.XSHG,2022q2,438052097.900000,116410064.550000,4166.5169,508.4782,-0.0039504147,2022-10-31,0.0004276403,2024-04-30,30.2282455980,0.1538661925,0.0595643950
2022-08-31,2022q2,601818.XSHG,2021q2,125239475.350000,53413324.500000,1550.7164,1186.8367,-0.0015394368,2022-10-31,0.0004428992,2024-04-30,29.3841776545,0.1207656401,0.0538503664
2022-08-31,2022q2,601825.XSHG,2021q4,89849985.100000,18925376.950000,541.0533,259.2809,-0.0014009134,2022-10-31,0.0006752814,2024-04-30,27.7780403654,0.2154298852,0.0759801276
2022-08-31,2022q2,601838.XSHG,2021q2,300725634.850000,24275911.200000,566.7622,565.1418,-0.0033786234,2022-10-31,0.0001543805,2024-04-30,27.3247448608,0.0865430125,0.1490596159
2022-08-31,2022q2,601998.XSHG,2021q2,73381281.550000,20649323.800000,2192.281,1525.5601,-0.0013072767,2022-10-31,0.0013437219,2024-04-30,29.6872361229,0.1507135139,0.0831625619
2022-10-31,2022q3,000001.XSHE,2022q3,1026450521.900000,110667990.050000,2006.5719,2006.5336,0.0004738774,2023-08-31,0.0005056485,2024-10-31,29.2787433417,0.0927491728,0.0659343036
2022-10-31,2022q3,002142.XSHE,2022q3,996761376.950000,39029339.650000,1569.0132,1549.8443,0.0005678381,2023-08-31,0.0003735768,2024-10-31,28.4707244968,0.1671001300,0.1205461638
2022-10-31,2022q3,600000.XSHG,2022q3,168784783.600000,27004003.850000,1948.9843,1948.9843,0.0004296780,2023-08-31,0.0010117611,2024-10-31,29.7622657783,0.1425082156,0.0959454658
2022-10-31,2022q3,600015.XSHG,2022q3,99828481.450000,24188681.250000,762.3251,614.2067,0.0010596336,2023-08-31,0.0011276935,2024-10-31,28.9770214681,0.1497694912,0.0688670393
2022-10-31,2022q3,600016.XSHG,2022q3,173281015.700000,61949470.200000,1444.8198,1170.2501,0.0009343018,2023-08-31,0.0005609882,2024-10-31,29.5958821291,0.2018780708,0.1091664971
2022-10-31,2022q3,600036.XSHG,2022q3,2454433019.150000,96577608.100000,6763.9626,5532.6829,0.0009726649,2023-08-31,0.0009466853,2024-10-31,29.9038798256,0.1021669660,0.0400503837
2022-10-31,2022q3,600919.XSHG,2021q2,531627311.300000,89506413.350000,1022.0599,1016.413,0.0005230009,2023-08-31,0.0008533632,2024-10-31,28.5684056991,0.0973528668,0.1596044604
2022-10-31,2022q3,600926.XSHG,2017q4,294252061.450000,25299904.300000,718.1566,613.592,-0.0002127377,2023-08-31,0.0004869284,2024-10-31,27.4487060327,0.1555911174,0.1402610484
2022-10-31,2022q3,601077.XSHG,2021q2,109580794.300000,38335503.500000,396.3593,205.5706,0.0007325693,2023-08-31,0.0013168749,2024-10-31,27.8329649823,0.1705273838,0.0226831338
2022-10-31,2022q3,601166.XSHG,2022q3,946932120.350000,74206001.800000,3122.3689,3122.3689,0.0005403992,2023-08-31,0.0007210721,2024-10-31,29.8380956891,0.1354339012,0.1715605171
2022-10-31,2022q3,601169.XSHG,2021q2,150362244.900000,43558026.300000,854.1766,854.1766,0.0008534132,2023-08-31,0.0010138640,2024-10-31,28.7491242186,0.0974110635,0.1406841746
2022-10-31,2022q3,601229.XSHG,2021q2,104349335.900000,22684036.600000,792.7317,770.6928,0.0006113088,2023-08-31,0.0009846239,2024-10-31,28.5973824947,0.0794134028,0.1380113958
2022-10-31,2022q3,601288.XSHG,2022q3,946507099.900000,403915870.350000,9659.5317,8260.2533,0.0015292040,2023-08-31,0.0014516050,2024-10-31,31.1522642159,0.1708393453,-0.0026490216
2022-10-31,2022q3,601328.XSHG,2021q2,301919542.550000,79556571.500000,3304.6913,1746.6634,0.0014334515,2023-08-31,0.0012751629,2024-10-31,30.0658582836,0.0982288600,0.0857500267
2022-10-31,2022q3,601398.XSHG,2022q3,1029971429.150000,288896383.500000,14790.8597,11188.9068,0.0009730606,2023-08-31,0.0011164937,2024-10-31,31.3086035230,0.1403655152,0.0526766672
2022-10-31,2022q3,601658.XSHG,2022q3,521467360.250000,148517838.800000,3584.4979,437.4491,0.0014559667,2023-08-31,0.0009254813,2024-10-31,30.2354175662,0.1542350545,0.0677488918
2022-10-31,2022q3,601818.XSHG,2021q2,163882729.300000,70717236.150000,1469.6685,1124.8069,0.0008295867,2023-08-31,0.0007869948,2024-10-31,29.3841776545,0.1207656401,0.0538503664
2022-10-31,2022q3,601939.XSHG,2022q3,277723076.800000,60571006.600000,13350.5862,512.3013,0.0009959320,2023-08-31,0.0011561688,2024-10-31,31.1661575779,0.1379973171,0.0296604289
2022-10-31,2022q3,601988.XSHG,2022q3,355768901.200000,138074668.850000,8861.0725,6344.042,0.0014542887,2023-08-31,0.0012854742,2024-10-31,30.9858005625,0.1405696022,0.0329572216
2022-10-31,2022q3,601998.XSHG,2021q2,113909721.100000,30287775.200000,2118.8787,1474.4811,0.0014624323,2023-08-31,0.0011907731,2024-10-31,29.6872361229,0.1507135139,0.0831625619
2023-08-31,2023q2,000001.XSHE,2023q2,1119959679.450000,114397231.600000,2159.8787,2159.8374,-0.0021444999,2023-10-31,0.0002416331,2025-04-30,29.3358644764,0.1007997794,0.0915609487
2023-08-31,2023q2,001227.XSHE,2023q2,388111947.600000,138077264.950000,169.7318,82.4898,-0.0010450437,2023-10-31,-0.0004741241,2025-04-30,26.8577568894,0.1074115133,0.1409826274
2023-08-31,2023q2,002142.XSHE,2023q2,823687386.100000,32289310.500000,1728.1597,1707.2686,-0.0026848708,2023-10-31,-0.0001072302,2025-04-30,28.5866325560,0.1640690142,0.1493810532
2023-08-31,2023q2,002936.XSHE,2023q2,164276972.500000,72646747.650000,194.5708,143.2325,-0.0007523112,2023-10-31,-0.0002314327,2025-04-30,27.1479069532,0.1136699232,0.1050387933
2023-08-31,2023q2,002958.XSHE,2023q2,147842905.250000,53579691.350000,153.335,135.021,-0.0005075761,2023-10-31,0.0005139741,2025-04-30,26.8652803089,0.1749426243,0.1672781603
2023-08-31,2023q2,002966.XSHE,2021q2,150055039.450000,24123941.350000,247.1381,240.2043,-0.0021145859,2023-10-31,0.0007328374,2025-04-30,26.8089543129,0.1381551460,0.1413653130
2023-08-31,2023q2,600015.XSHG,2023q2,163177007.800000,32555721.000000,881.687,710.3768,0.0002071295,2023-10-31,0.0009582667,2025-04-30,29.0416543686,0.1327624873,0.0798369011
2023-08-31,2023q2,600036.XSHG,2023q2,2018873433.700000,70335717.500000,7956.8613,6508.432,-0.0012546717,2023-10-31,0.0008374926,2025-04-30,30.0049809349,0.1594552742,0.0664055383
2023-08-31,2023q2,600919.XSHG,2021q2,808614397.400000,131116625.900000,1136.2999,1130.4817,-0.0008650469,2023-10-31,0.0012284562,2025-04-30,28.5684056991,0.0973528668,0.1596044604
2023-08-31,2023q2,600926.XSHG,2017q4,235965167.750000,22966029.400000,664.1918,600.6273,-0.0017218213,2023-10-31,0.0008884319,2025-04-30,27.4487060327,0.1555911174,0.1402610484
2023-08-31,2023q2,601077.XSHG,2021q2,191043823.400000,57912643.800000,427.0232,332.1752,0.0032133754,2023-10-31,0.0018372998,2025-04-30,27.8329649823,0.1705273838,0.0226831338
2023-08-31,2023q2,601128.XSHG,2021q2,167164311.850000,33871444.000000,194.3285,187.415,0.0006159434,2023-10-31,0.0004298923,2025-04-30,26.1676365050,0.2274861406,0.0525331732
2023-08-31,2023q2,601229.XSHG,2021q2,143741178.450000,28098700.750000,845.2967,823.9331,0.0001947784,2023-10-31,0.0016899157,2025-04-30,28.5973824947,0.0794134028,0.1380113958
2023-08-31,2023q2,601288.XSHG,2023q2,976597489.000000,319286891.350000,12109.413,11045.8497,0.0013122336,2023-10-31,0.0014136048,2025-04-30,31.2694857055,0.1825644282,0.0417805191
2023-08-31,2023q2,601328.XSHG,2021q2,484625791.800000,97939104.800000,4121.5813,2178.423,0.0005095669,2023-10-31,0.0010919525,2025-04-30,30.0658582836,0.0982288600,0.0857500267
2023-08-31,2023q2,601818.XSHG,2021q2,337380622.000000,125144398.900000,1778.4751,1396.8451,-0.0003774240,2023-10-31,0.0008548085,2025-04-30,29.3841776545,0.1207656401,0.0538503664
2023-08-31,2023q2,601838.XSHG,2021q2,289843172.750000,23244501.700000,522.1244,521.0135,-0.0034625492,2023-10-31,0.0007306196,2025-04-30,27.3247448608,0.0865430125,0.1490596159
2023-08-31,2023q2,601916.XSHG,2021q2,374686991.600000,155688935.400000,705.8411,553.692,-0.0003385874,2023-10-31,0.0005703288,2025-04-30,28.3985319859,0.1251065809,0.1239438803
2023-08-31,2023q2,601939.XSHG,2023q2,460517230.500000,86665513.350000,15000.6586,575.6195,0.0013050450,2023-10-31,0.0013030013,2025-04-30,31.2752877013,0.1483701645,0.0346569762
2023-08-31,2023q2,601997.XSHG,2021q2,194644878.500000,39957274.250000,195.9722,191.2998,-0.0011382441,2023-10-31,0.0003687357,2025-04-30,27.1148761545,0.1336129655,0.0797844017
2023-08-31,2023q2,601998.XSHG,2021q2,223918694.800000,45869504.600000,2673.5909,1861.0248,-0.0003695099,2023-10-31,0.0010345112,2025-04-30,29.6872361229,0.1507135139,0.0831625619
2023-10-31,2023q3,000001.XSHE,2023q3,777563731.650000,85667608.700000,2029.859,2029.8202,0.0003576409,2024-04-30,0.0005501844,2025-10-31,29.3387444142,0.1148780238,0.1019628946
2023-10-31,2023q3,600000.XSHG,2023q3,200328673.450000,30579590.600000,2001.8184,2001.8184,0.0010055036,2024-04-30,0.0013085849,2025-10-31,29.8067178453,0.1524107250,0.1676085127
2023-10-31,2023q3,600015.XSHG,2023q3,161144365.850000,32201154.050000,891.236,718.0705,0.0015086815,2024-04-30,0.0007170824,2025-10-31,29.0431998183,0.1909489922,0.1141603102
2023-10-31,2023q3,600036.XSHG,2023q3,1297820229.400000,45832588.100000,7757.6245,6345.4633,0.0010672184,2024-04-30,0.0009125498,2025-10-31,29.9982705659,0.1252643029,0.0611960547
2023-10-31,2023q3,600926.XSHG,2017q4,207298028.800000,21685258.550000,634.5404,573.8136,0.0016561886,2024-04-30,0.0010564720,2025-10-31,27.4487060327,0.1555911174,0.1402610484
2023-10-31,2023q3,601077.XSHG,2021q2,330206640.000000,92974741.400000,482.6725,375.5331,0.0009107584,2024-04-30,0.0013880296,2025-10-31,27.8329649823,0.1705273838,0.0226831338
2023-10-31,2023q3,601229.XSHG,2021q2,145529000.500000,28247693.500000,862.3447,840.5504,0.0015606903,2024-04-30,0.0013186506,2025-10-31,28.5973824947,0.0794134028,0.1380113958
2023-10-31,2023q3,601288.XSHG,2023q3,1387394454.550000,435469446.400000,12564.3909,11460.8672,0.0016786228,2024-04-30,0.0019142665,2025-10-31,31.2868094485,0.1920584726,0.0490751790
2023-10-31,2023q3,601328.XSHG,2021q2,533223103.100000,103661596.250000,4180.9915,2209.8236,0.0016155772,2024-04-30,0.0007631905,2025-10-31,30.0658582836,0.0982288600,0.0857500267
2023-10-31,2023q3,601398.XSHG,2023q3,1412588015.100000,337485410.750000,16858.016,12752.6577,0.0011092536,2024-04-30,0.0012660654,2025-10-31,31.4261242306,0.1520802458,0.0687281007
2023-10-31,2023q3,601577.XSHG,2021q2,90903741.800000,12808939.400000,295.5842,295.5138,0.0010095113,2024-04-30,0.0008949893,2025-10-31,27.3555570889,0.1392142843,0.1179220687
2023-10-31,2023q3,601658.XSHG,2023q3,522886674.750000,120393222.400000,4531.6612,3067.4935,0.0004023934,2024-04-30,0.0007457484,2025-10-31,30.3598772970,0.1849637986,0.0908402088
2023-10-31,2023q3,601939.XSHG,2023q3,693604525.100000,120740639.400000,15675.6883,601.5223,0.0010881611,2024-04-30,0.0010501940,2025-10-31,31.2645275702,0.1580838005,0.0288227011
2023-10-31,2023q3,601997.XSHG,2021q2,140549865.250000,30424983.500000,190.4879,185.9463,0.0007155488,2024-04-30,0.0006109101,2025-10-31,27.1148761545,0.1336129655,0.0797844017
2023-10-31,2023q3,601998.XSHG,2021q2,186229552.400000,37818268.850000,2634.4174,1833.757,0.0021833709,2024-04-30,0.0010720855,2025-10-31,29.6872361229,0.1507135139,0.0831625619
2024-04-30,2024q1,002142.XSHE,2023q4,853903045.555500,42458914.800000,1514.2034,1496.1883,0.0013488402,2024-10-31,0.0010510053,2026-04-30,28.6285828470,0.1908013937,0.2528222997
2024-04-30,2024q1,002966.XSHE,2021q2,305876252.290500,47594204.900000,276.8391,269.0669,0.0008077884,2024-10-31,0.0006403605,2026-04-30,26.8089543129,0.1381551460,0.1413653130
2024-04-30,2024q1,600016.XSHG,2023q4,428607149.093000,122848781.000000,1729.4055,1400.7539,0.0002971147,2024-10-31,0.0002478873,2026-04-30,29.6689848491,0.2512966129,0.1338915771
2024-04-30,2024q1,600036.XSHG,2023q4,2104394715.443500,71846766.250000,8652.929,7077.7908,0.0012222724,2024-10-31,0.0005430364,2026-04-30,30.0315024057,0.2599563695,0.0604484805
2024-04-30,2024q1,600919.XSHG,2021q2,1299904389.097500,188947126.050000,1482.787,1476.1936,0.0014634424,2024-10-31,0.0011020866,2026-04-30,28.5684056991,0.0973528668,0.1596044604
2024-04-30,2024q1,601009.XSHG,2021q2,215941607.525500,27317182.750000,964.036,858.6167,0.0013718516,2024-10-31,0.0008365846,2026-04-30,28.1402323086,0.1495579582,0.1822222700
2024-04-30,2024q1,601128.XSHG,2021q2,203757890.808000,40440888.350000,217.9003,210.1482,0.0001519595,2024-10-31,0.0005024701,2026-04-30,26.1676365050,0.2274861406,0.0525331732
2024-04-30,2024q1,601169.XSHG,2021q2,383017465.490000,75024095.000000,1179.7785,1179.7785,0.0007346942,2024-10-31,0.0001997767,2026-04-30,28.7491242186,0.0974110635,0.1406841746
2024-04-30,2024q1,601288.XSHG,2023q4,1588329413.136000,412703936.550000,15399.2535,14046.7453,0.0012587991,2024-10-31,0.0012894842,2026-04-30,31.3167202432,0.2316777110,0.0467393324
2024-04-30,2024q1,601398.XSHG,2023q4,1608690061.475000,339055655.550000,19352.8598,14639.9431,0.0015208972,2024-10-31,0.0009742675,2026-04-30,31.4309292687,0.2094503707,0.0430913129
2024-04-30,2024q1,601658.XSHG,2023q4,699748857.477500,165692341.000000,4759.7316,3221.875,0.0011719564,2024-10-31,0.0004289923,2026-04-30,30.3863766333,0.2077684044,0.0691994902
2024-04-30,2024q1,601818.XSHG,2021q2,623461958.619500,228534981.850000,1861.1949,1461.8147,0.0012800406,2024-10-31,0.0003187154,2026-04-30,29.3841776545,0.1207656401,0.0538503664
2024-04-30,2024q1,601825.XSHG,2021q4,184849761.680500,30996786.750000,651.9644,312.4312,0.0019222916,2024-10-31,0.0009579661,2026-04-30,27.7780403654,0.2154298852,0.0759801276
2024-04-30,2024q1,601838.XSHG,2021q2,337582224.950000,26416711.700000,564.4623,563.3704,0.0010064720,2024-10-31,0.0008530096,2026-04-30,27.3247448608,0.0865430125,0.1490596159
2024-04-30,2024q1,601916.XSHG,2021q2,344663393.969500,128323346.300000,823.9391,646.3331,0.0001302988,2024-10-31,0.0002543937,2026-04-30,28.3985319859,0.1251065809,0.1239438803
2024-04-30,2024q1,601939.XSHG,2023q4,645596818.216000,102213865.100000,17800.7816,683.0684,0.0015199938,2024-10-31,0.0010314504,2026-04-30,31.2771190006,0.1942955167,0.0128629424
2024-04-30,2024q1,601988.XSHG,2023q4,837952560.813500,205101262.200000,13512.3996,9674.1371,0.0011345999,2024-10-31,0.0008216248,2026-04-30,31.1101718240,0.1525846726,0.0539789706
2024-04-30,2024q1,601998.XSHG,2021q2,676431005.799500,111362314.650000,3666.5427,2642.6499,0.0001427962,2024-10-31,0.0007721258,2026-04-30,29.6872361229,0.1507135139,0.0831625619
2024-04-30,2024q1,000001.XSHE,2024q1,1490420776.416000,168686930.350000,2093.8986,2093.8585,0.0012802963,2024-10-31,0.0004844143,2026-04-30,29.3766315801,0.2128191901,0.1212793397
2024-04-30,2024q1,600926.XSHG,2017q4,384195775.001000,36187517.400000,765.0069,691.7942,0.0010687227,2024-10-31,0.0009311395,2026-04-30,27.4487060327,0.1555911174,0.1402610484
2024-04-30,2024q1,601077.XSHG,2021q2,370054363.335000,93497544.650000,526.9648,409.9938,0.0021572110,2024-10-31,0.0013515111,2026-04-30,27.8329649823,0.1705273838,0.0226831338
2024-04-30,2024q1,601166.XSHG,2024q1,1252797872.330500,92625475.450000,3500.4692,3500.4692,0.0013393801,2024-10-31,0.0004999150,2026-04-30,29.9590063760,0.1862305415,0.2379352738
2024-04-30,2024q1,601229.XSHG,2021q2,251860580.886500,43178465.850000,1037.087,1010.8763,0.0012020112,2024-10-31,0.0009344584,2026-04-30,28.5973824947,0.0794134028,0.1380113958
2024-04-30,2024q1,601328.XSHG,2021q2,786825410.643500,132736782.000000,5109.2756,2700.4594,0.0009352029,2024-10-31,0.0003371435,2026-04-30,30.0658582836,0.0982288600,0.0857500267
2024-04-30,2024q1,601577.XSHG,2021q2,161077381.117500,22557206.650000,328.1588,328.0807,0.0008982170,2024-10-31,0.0007433754,2026-04-30,27.3555570889,0.1392142843,0.1179220687
2024-04-30,2024q1,601665.XSHG,2024q1,151078112.907500,37154800.600000,230.6276,122.7692,0.0017122618,2024-10-31,0.0009894022,2026-04-30,27.1607726375,0.1502018344,0.1018572071
2024-04-30,2024q1,601997.XSHG,2021q2,204827682.751000,43080498.750000,206.2096,201.2931,0.0010531062,2024-10-31,0.0004209785,2026-04-30,27.1148761545,0.1336129655,0.0797844017
2024-10-31,2024q3,000001.XSHE,2024q3,3001383532.209000,277008480.700000,2208.3935,2208.3593,-0.0003235574,2025-04-30,,,29.3795229881,0.1209288824,0.1780261248
2024-10-31,2024q3,002142.XSHE,2024q3,1334446502.995000,54619562.600000,1686.5571,1666.127,-0.0004040914,2025-04-30,,,28.7519381278,0.1670139740,0.1587398872
2024-10-31,2024q3,600036.XSHG,2024q3,4197419819.333500,117017196.350000,9422.1343,7706.9736,0.0006711696,2025-04-30,,,30.0867360536,0.1453788677,0.0647284489
2024-10-31,2024q3,600926.XSHG,2017q4,671403766.874000,51473350.200000,830.2793,760.5142,0.0007277967,2025-04-30,,,27.4487060327,0.1555911174,0.1402610484
2024-10-31,2024q3,601077.XSHG,2021q2,855559660.074000,165622508.850000,632.5849,492.2599,0.0018792142,2025-04-30,,,27.8329649823,0.1705273838,0.0226831338
2024-10-31,2024q3,601916.XSHG,2021q2,569267976.025500,204942251.600000,779.9957,611.862,0.0004616866,2025-04-30,,,28.3985319859,0.1251065809,0.1239438803
2024-10-31,2024q3,601997.XSHG,2021q2,558813850.962500,102285479.500000,219.0063,219.0063,-0.0002048204,2025-04-30,,,27.1148761545,0.1336129655,0.0797844017
2025-04-30,2025q1,002948.XSHE,2021q2,163951184.541500,40297501.200000,264.2441,141.2966,0.0015165578,2025-10-31,,,26.9411429982,0.1613810824,0.0712411888
2025-04-30,2025q1,002966.XSHE,2021q2,319325018.169000,42245961.850000,359.4412,352.8723,0.0007301734,2025-10-31,,,26.8089543129,0.1381551460,0.1413653130
2025-04-30,2025q1,600000.XSHG,2024q4,676442041.629000,67558226.500000,3216.9988,3216.9988,0.0006154347,2025-10-31,,,29.8782922107,0.1605025789,0.2452272116
2025-04-30,2025q1,600015.XSHG,2024q4,372708630.954000,50647067.600000,1157.0153,1118.6512,-0.0000959177,2025-10-31,,,29.1072683777,0.1753104456,0.1286763292
2025-04-30,2025q1,600016.XSHG,2024q4,726293983.091000,192510919.350000,1742.5403,1411.3925,0.0003327426,2025-10-31,,,29.6870621131,0.2431417846,-0.0021079988
2025-04-30,2025q1,600036.XSHG,2024q4,2583390414.222500,66492315.250000,10274.5651,8404.232,0.0003048694,2025-10-31,,,30.1285178437,0.2426308402,0.0615482608
2025-04-30,2025q1,600919.XSHG,2021q2,1229432059.631500,133493683.200000,1864.4946,1864.4946,0.0008392959,2025-10-31,,,28.5684056991,0.0973528668,0.1596044604
2025-04-30,2025q1,601009.XSHG,2021q2,383273587.051500,39387806.200000,1154.0194,1154.0194,0.0009113287,2025-10-31,,,28.1402323086,0.1495579582,0.1822222700
2025-04-30,2025q1,601128.XSHG,2021q2,256254953.951000,47047616.650000,218.888,218.888,0.0010479688,2025-10-31,,,26.1676365050,0.2274861406,0.0525331732
2025-04-30,2025q1,601166.XSHG,2024q4,1251443799.695000,66565906.250000,4335.5988,4335.5988,0.0002488636,2025-10-31,,,29.9831482808,0.1717178029,0.0919619238
2025-04-30,2025q1,601169.XSHG,2021q2,559405643.676000,94332835.100000,1268.5791,1268.5791,-0.0002300925,2025-10-31,,,28.7491242186,0.0974110635,0.1406841746
2025-04-30,2025q1,601288.XSHG,2024q4,2542287793.498000,511020373.750000,18969.0804,17303.0362,0.0035030044,2025-10-31,,,31.3977439764,0.2448471613,0.0344187903
2025-04-30,2025q1,601328.XSHG,2021q2,1182263411.316500,164813242.900000,5547.4257,2932.0395,-0.0002123661,2025-10-31,,,30.0658582836,0.0982288600,0.0857500267
2025-04-30,2025q1,601398.XSHG,2024q4,2701209612.257000,414158270.450000,24984.0786,18899.8161,0.0011138075,2025-10-31,,,31.5191969443,0.2181327765,0.0503836095
2025-04-30,2025q1,601658.XSHG,2024q4,997964432.559500,200899547.700000,5077.0471,3436.6666,0.0010248432,2025-10-31,,,30.4692167337,0.2173681949,0.1560966232
2025-04-30,2025q1,601825.XSHG,2021q4,199824910.985000,24700025.950000,810.1333,782.593,0.0006579380,2025-10-31,,,27.7780403654,0.2154298852,0.0759801276
2025-04-30,2025q1,601838.XSHG,2021q2,377759318.417000,23063798.350000,719.6863,718.4337,0.0004196141,2025-10-31,,,27.3247448608,0.0865430125,0.1490596159
2025-04-30,2025q1,601916.XSHG,2021q2,526049062.873000,186431058.550000,821.1926,644.1786,0.0004703900,2025-10-31,,,28.3985319859,0.1251065809,0.1239438803
2025-04-30,2025q1,601939.XSHG,2024q4,1116705551.338500,130369451.850000,22650.9946,869.1854,0.0003167765,2025-10-31,,,31.3340783142,0.2082824948,0.0372386531
2025-04-30,2025q1,601988.XSHG,2024q4,1356928431.609000,252978858.250000,16279.6449,11655.333,0.0002316412,2025-10-31,,,31.1881190455,0.1717718232,0.0339128257
2025-04-30,2025q1,601998.XSHG,2021q2,474743843.176500,71385325.350000,4012.0162,2939.0122,0.0009238553,2025-10-31,,,29.6872361229,0.1507135139,0.0831625619
2025-04-30,2025q1,000001.XSHE,2025q1,978766410.876000,97005179.950000,2117.1857,2117.1479,0.0007435413,2025-10-31,,,29.3850541417,0.2386306328,0.2008365718
2025-04-30,2025q1,002142.XSHE,2025q1,818028874.061000,35334549.300000,1578.2582,1559.2471,0.0017284776,2025-10-31,,,28.8536296906,0.3499324142,0.2699107867
2025-04-30,2025q1,002958.XSHE,2025q1,260431496.251500,88991772.750000,173.8909,154.6108,0.0006693307,2025-10-31,,,26.9607597811,0.2312064942,0.3145934243
2025-04-30,2025q1,600926.XSHG,2017q4,626117458.206500,45874969.150000,934.1062,934.1062,0.0007875228,2025-10-31,,,27.4487060327,0.1555911174,0.1402610484
2025-04-30,2025q1,601077.XSHG,2021q2,356298666.484000,59895696.250000,777.9545,605.3825,0.0005647795,2025-10-31,,,27.8329649823,0.1705273838,0.0226831338
2025-04-30,2025q1,601229.XSHG,2021q2,585377961.010500,62036479.600000,1474.6561,1474.6561,-0.0001894105,2025-10-31,,,28.5973824947,0.0794134028,0.1380113958
2025-04-30,2025q1,601577.XSHG,2021q2,244678670.937500,28316897.150000,363.9506,363.8719,0.0011043843,2025-10-31,,,27.3555570889,0.1392142843,0.1179220687
2025-04-30,2025q1,601665.XSHG,2025q1,205120304.683000,35123426.300000,295.9037,295.9037,0.0001547699,2025-10-31,,,27.2975002846,0.1715655314,0.1842067100
2025-04-30,2025q1,601818.XSHG,2021q2,619715278.066000,174171076.450000,2233.4338,1754.1776,-0.0007796095,2025-10-31,,,29.3841776545,0.1207656401,0.0538503664
2025-04-30,2025q1,601997.XSHG,2021q2,223975991.528000,42616710.150000,210.9626,210.9626,0.0009049079,2025-10-31,,,27.1148761545,0.1336129655,0.0797844017
2025-10-31,2025q3,000001.XSHE,2025q3,1208702993.097500,110063305.350000,2196.7499,2196.714,0.0000789352,2026-04-30,,,29.3831322072,0.1302582790,0.1133486766
2025-10-31,2025q3,002142.XSHE,2025q3,1026620311.447500,38308177.950000,1871.4576,1870.4081,0.0014013141,2026-04-30,,,28.9059357712,0.1433542883,0.0872249663
2025-10-31,2025q3,600015.XSHG,2025q3,780376258.282000,117419885.050000,1083.8066,1047.87,0.0001959192,2026-04-30,,,29.1541073610,0.1730977840,0.2151970660
2025-10-31,2025q3,600036.XSHG,2025q3,3636341731.590500,90671572.600000,10312.3949,8435.1754,-0.0004778504,2026-04-30,,,30.1682098419,0.1578740593,0.1026138415
2025-10-31,2025q3,600908.XSHG,2021q2,99351590.210500,16672090.100000,133.2172,121.3583,-0.0004240954,2026-04-30,,,26.0089603596,0.1212300756,0.1153170621
2025-10-31,2025q3,601077.XSHG,2021q2,529734307.469000,81542867.550000,785.9044,611.6064,0.0005325611,2026-04-30,,,27.8329649823,0.1705273838,0.0226831338
2025-10-31,2025q3,601963.XSHG,2025q3,216934563.270000,22094666.050000,370.7383,200.5322,-0.0000175713,2026-04-30,,,27.6535158496,0.1266947236,0.1848089838
2025-10-31,2025q3,601988.XSHG,2025q3,1740026314.581000,329084118.150000,18076.1163,11823.9454,0.0003338238,2026-04-30,,,31.2566988350,0.1624034377,0.1423604047
2026-04-30,2026q1,002948.XSHE,2021q2,285017686.026500,52574682.800000,353.8776,189.2401,,,,,26.9411429982,0.1613810824,0.0712411888
2026-04-30,2026q1,002966.XSHE,2021q2,228256390.779000,26791507.550000,380.9004,374.495,,,,,26.8089543129,0.1381551460,0.1413653130
2026-04-30,2026q1,600000.XSHG,2025q4,557112317.385000,56904240.350000,3087.4512,3087.4512,,,,,29.9417475779,0.1429325401,0.0126187506
2026-04-30,2026q1,600015.XSHG,2025q4,401700028.026500,55298260.600000,1096.5386,1060.1797,,,,,29.1865558048,0.1647985795,0.2690785336
2026-04-30,2026q1,600016.XSHG,2025q4,617778824.598500,165510507.550000,1619.9495,1312.0986,,,,,29.6893114138,0.2144021423,0.0232855979
2026-04-30,2026q1,600919.XSHG,2021q2,781243656.518500,70943710.700000,2073.6997,2073.6997,,,,,28.5684056991,0.0973528668,0.1596044604
2026-04-30,2026q1,601009.XSHG,2021q2,459420274.978000,41257480.650000,1452.7192,1452.7192,,,,,28.1402323086,0.1495579582,0.1822222700
2026-04-30,2026q1,601128.XSHG,2021q2,271187193.283500,42000561.400000,242.7694,242.7694,,,,,26.1676365050,0.2274861406,0.0525331732
2026-04-30,2026q1,601166.XSHG,2025q4,1384783825.068500,77103866.350000,3794.5003,3794.5003,,,,,30.0374486128,0.1994874483,0.0084842837
2026-04-30,2026q1,601288.XSHG,2025q4,2232510455.058001,331039291.900000,24218.8259,22091.6994,,,,,31.5184373221,0.2630281488,0.0501060597
2026-04-30,2026q1,601328.XSHG,2021q2,823509545.186500,118485370.400000,6008.7373,1772.9259,,,,,30.0658582836,0.0982288600,0.0857500267
2026-04-30,2026q1,601398.XSHG,2025q4,1817337521.063500,248740288.900000,26552.2662,20086.1098,,,,,31.6102872256,0.2073929843,0.0740055084
2026-04-30,2026q1,601658.XSHG,2025q4,676487596.118000,132277681.700000,6088.8192,3677.1595,,,,,30.5585851957,0.1928558821,0.1404995146
2026-04-30,2026q1,601818.XSHG,2021q2,435101957.840000,136516577.200000,1843.4692,1447.8926,,,,,29.3841776545,0.1207656401,0.0538503664
2026-04-30,2026q1,601825.XSHG,2021q4,175469719.465500,19275264.650000,866.0711,841.8248,,,,,27.7780403654,0.2154298852,0.0759801276
2026-04-30,2026q1,601838.XSHG,2021q2,394043162.960500,22222689.350000,811.6604,811.6604,,,,,27.3247448608,0.0865430125,0.1490596159
2026-04-30,2026q1,601916.XSHG,2021q2,248814495.190500,83482238.350000,815.6997,639.8697,,,,,28.3985319859,0.1251065809,0.1239438803
2026-04-30,2026q1,601939.XSHG,2025q4,780596766.833500,81877145.700000,26029.238,954.5689,,,,,31.4516263523,0.1834883932,0.0660966015
2026-04-30,2026q1,601988.XSHG,2025q4,1242387415.829500,214294777.800000,18527.2137,12119.0171,,,,,31.2779862083,0.1755293048,0.0851016720
2026-04-30,2026q1,601998.XSHG,2021q2,340016200.494000,41891874.800000,4679.7581,3428.1682,,,,,29.6872361229,0.1507135139,0.0831625619
2026-04-30,2026q1,000001.XSHE,2026q1,1015744437.345000,93479754.600000,2229.74,2229.7035,,,,,29.4284249590,0.2300365677,0.1278736854
2026-04-30,2026q1,002142.XSHE,2026q1,738562126.547500,23233188.400000,2192.3921,2191.0148,,,,,28.9814875020,0.3134321036,0.2553473312
2026-04-30,2026q1,600036.XSHG,2026q1,2839188404.054500,72069033.100000,9651.6349,7894.697,,,,,30.2325903220,0.2384403037,0.0458477111
2026-04-30,2026q1,600926.XSHG,2017q4,450733704.607500,26760672.850000,1261.3264,1261.3264,,,,,27.4487060327,0.1555911174,0.1402610484
2026-04-30,2026q1,601077.XSHG,2021q2,247848755.951000,34847642.850000,826.7896,643.424,,,,,27.8329649823,0.1705273838,0.0226831338
2026-04-30,2026q1,601169.XSHG,2021q2,623223274.618500,115191527.200000,1120.5782,1120.5782,,,,,28.7491242186,0.0974110635,0.1406841746
2026-04-30,2026q1,601229.XSHG,2021q2,422934342.053000,44398558.850000,1332.8059,1332.8059,,,,,28.5973824947,0.0794134028,0.1380113958
2026-04-30,2026q1,601577.XSHG,2021q2,157577971.765500,16365933.100000,400.9489,400.8622,,,,,27.3555570889,0.1392142843,0.1179220687
2026-04-30,2026q1,601665.XSHG,2026q1,349995362.806000,57406518.750000,393.2305,393.2305,,,,,27.4572958791,0.1865235565,0.0883525132
2026-04-30,2026q1,601963.XSHG,2026q1,159317411.710500,15181321.100000,380.7037,213.5731,,,,,27.7336946198,0.2066182304,0.0501407788
2026-04-30,2026q1,601997.XSHG,2021q2,267322096.121000,46825982.500000,219.7375,219.7375,,,,,27.1148761545,0.1336129655,0.0797844017
