date,code,open,close,high,low,volume,money
2021-02-05,601963.XSHG,10.19,12.23,12.23,10.19,146264692.0,1739879523.07
2021-02-08,601963.XSHG,12.38,11.0,12.38,11.0,61189098.0,706409194.12
2021-02-09,601963.XSHG,9.91,10.59,10.69,9.91,177575962.0,1796677254.87
2021-02-10,601963.XSHG,10.2,9.72,10.63,9.65,173855249.0,1745891106.51
2021-02-18,601963.XSHG,9.56,10.08,10.46,9.49,141465355.0,1409560479.18
2021-02-19,601963.XSHG,9.87,10.56,10.83,9.8,145037668.0,1497933479.95
2021-02-22,601963.XSHG,10.39,10.57,10.84,10.31,122610801.0,1292808333.99
2021-02-23,601963.XSHG,10.47,10.56,11.11,10.46,135290697.0,1452223538.31
2021-02-24,601963.XSHG,10.44,10.05,10.54,9.92,102350246.0,1042695560.5
2021-02-25,601963.XSHG,10.09,10.77,11.06,9.93,157354617.0,1671256161.53
2021-02-26,601963.XSHG,10.42,10.41,10.69,10.2,103343496.0,1074841436.98
2021-03-01,601963.XSHG,10.34,10.49,10.52,10.23,70079623.0,727433513.47
2021-03-02,601963.XSHG,10.51,10.31,10.64,10.25,63865503.0,665517370.68
2021-03-03,601963.XSHG,10.2,10.58,10.75,10.16,105728811.0,1115569977.89
2021-03-04,601963.XSHG,10.39,10.35,10.72,10.33,81328178.0,851532501.99
2021-03-05,601963.XSHG,10.24,10.04,10.42,9.87,80206987.0,807069930.22
2021-03-08,601963.XSHG,10.03,9.83,10.17,9.8,57404130.0,573596136.64
2021-03-09,601963.XSHG,9.83,9.11,9.91,8.85,76658368.0,727480880.21
2021-03-10,601963.XSHG,9.03,8.8,9.09,8.71,58617684.0,519096781.4
2021-03-11,601963.XSHG,8.8,8.97,9.13,8.78,50112731.0,450409578.47
2021-03-12,601963.XSHG,8.89,8.87,9.0,8.82,45827953.0,406964438.74
2021-03-15,601963.XSHG,8.82,8.89,9.0,8.79,38770486.0,344970682.06
2021-03-16,601963.XSHG,8.82,9.0,9.05,8.82,38457838.0,344254968.25
2021-03-17,601963.XSHG,8.98,8.92,8.98,8.84,34175561.0,303796318.89
2021-03-18,601963.XSHG,8.88,9.17,9.52,8.84,67221266.0,613875987.15
2021-03-19,601963.XSHG,9.11,9.29,9.46,9.07,69728466.0,649501766.69
2021-03-22,601963.XSHG,9.15,9.38,9.7,9.13,59748163.0,561564831.17
2021-03-23,601963.XSHG,9.29,9.61,9.86,9.15,82726630.0,782005549.59
2021-03-24,601963.XSHG,9.49,9.8,10.32,9.47,107742491.0,1062384031.95
2021-03-25,601963.XSHG,9.69,9.53,9.95,9.37,80495538.0,774496264.06
2021-03-26,601963.XSHG,9.48,9.5,9.75,9.42,51884731.0,495584112.19
2021-03-29,601963.XSHG,9.5,9.44,9.6,9.35,39630640.0,374729670.58
2021-03-30,601963.XSHG,9.38,9.13,9.43,9.1,53528136.0,492016811.89
2021-03-31,601963.XSHG,9.13,9.2,9.29,9.1,34168530.0,314362481.8
2021-04-01,601963.XSHG,9.18,9.07,9.2,8.96,33082173.0,299576863.76
2021-04-02,601963.XSHG,9.09,9.16,9.18,8.95,34528628.0,312851173.91
2021-04-06,601963.XSHG,9.17,9.22,9.36,9.14,33274055.0,307629028.59
2021-04-07,601963.XSHG,9.24,9.44,9.48,9.12,56745460.0,528974788.81
2021-04-08,601963.XSHG,9.39,9.49,10.08,9.3,84423731.0,811486370.59
2021-04-09,601963.XSHG,9.31,9.15,9.39,9.15,58628172.0,542230206.92
2021-04-12,601963.XSHG,9.11,9.17,9.27,9.04,31865562.0,291930516.64
2021-04-13,601963.XSHG,9.13,9.04,9.22,9.01,28689134.0,260458143.48
2021-04-14,601963.XSHG,9.0,9.08,9.12,8.99,22651470.0,205240133.45
2021-04-15,601963.XSHG,9.04,8.97,9.07,8.92,23242420.0,208350057.09
2021-04-16,601963.XSHG,8.95,9.02,9.06,8.93,20326855.0,183033490.42
2021-04-19,601963.XSHG,8.98,9.19,9.27,8.97,33145592.0,302590118.19
2021-04-20,601963.XSHG,9.17,9.07,9.25,9.06,28726420.0,262496760.29
2021-04-21,601963.XSHG,9.06,9.24,9.29,9.04,44302896.0,407541238.87
2021-04-22,601963.XSHG,9.18,9.12,9.24,9.07,33488199.0,305592787.02
2021-04-23,601963.XSHG,9.08,8.99,9.17,8.97,28239139.0,255583731.91
2021-04-26,601963.XSHG,9.0,8.86,9.06,8.86,28063816.0,251065957.88
2021-04-27,601963.XSHG,8.88,8.78,8.88,8.73,23838761.0,209144273.88
2021-04-28,601963.XSHG,8.79,8.79,8.81,8.74,14607996.0,128194219.03
2021-04-29,601963.XSHG,8.76,8.98,9.04,8.74,33403350.0,298492601.33
2021-04-30,601963.XSHG,8.93,8.77,8.95,8.73,30422624.0,267831782.63
2021-05-06,601963.XSHG,8.79,8.78,8.84,8.74,17318461.0,152212396.21
2021-05-07,601963.XSHG,8.76,8.79,8.89,8.75,21871407.0,192549101.76
2021-05-10,601963.XSHG,8.76,8.42,8.78,8.39,45121920.0,383879848.86
2021-05-11,601963.XSHG,8.38,8.46,8.5,8.32,18352279.0,154788039.56
2021-05-12,601963.XSHG,8.45,8.5,8.53,8.41,18194022.0,154259230.51
2021-05-13,601963.XSHG,8.44,8.41,8.5,8.36,19556342.0,164564375.37
2021-05-14,601963.XSHG,8.42,8.84,8.92,8.37,53518848.0,465927870.58
2021-05-17,601963.XSHG,8.75,8.67,8.86,8.61,33744846.0,293977207.77
2021-05-18,601963.XSHG,8.67,8.69,8.77,8.62,18024637.0,156730463.46
2021-05-19,601963.XSHG,8.63,8.57,8.68,8.56,17952255.0,154169592.67
2021-05-20,601963.XSHG,8.57,8.71,8.78,8.54,27615919.0,239594765.9
2021-05-21,601963.XSHG,8.68,8.56,8.71,8.53,24510363.0,210200480.75
2021-05-24,601963.XSHG,8.53,8.58,8.64,8.53,15759040.0,135384858.2
2021-05-25,601963.XSHG,8.57,8.97,9.14,8.54,76976102.0,688059443.73
2021-05-26,601963.XSHG,8.9,8.93,9.11,8.9,63777457.0,572742134.55
2021-05-27,601963.XSHG,8.89,9.19,9.48,8.82,68171933.0,622311586.5
2021-05-28,601963.XSHG,9.24,9.14,9.4,9.01,54525516.0,500516086.67
2021-05-31,601963.XSHG,9.1,9.0,9.15,8.94,33683175.0,303054204.44
2021-06-01,601963.XSHG,8.95,9.01,9.04,8.89,26624918.0,238810288.32
2021-06-02,601963.XSHG,8.98,8.9,9.15,8.88,35453413.0,317882460.08
2021-06-03,601963.XSHG,8.87,8.83,9.0,8.82,28348765.0,252235370.23
2021-06-04,601963.XSHG,8.79,8.96,9.1,8.78,38671366.0,345272436.98
2021-06-07,601963.XSHG,8.88,8.82,8.9,8.79,25552399.0,225741984.68
2021-06-08,601963.XSHG,8.82,8.89,8.95,8.8,21519120.0,190687769.36
2021-06-09,601963.XSHG,8.9,8.84,8.91,8.82,17472503.0,154529385.04
2021-06-10,601963.XSHG,8.82,8.79,8.92,8.78,22036734.0,194611848.32
2021-06-11,601963.XSHG,8.77,8.57,8.77,8.56,31071224.0,268278016.1
2021-06-15,601963.XSHG,8.54,8.48,8.57,8.44,17997552.0,152660236.22
2021-06-16,601963.XSHG,8.45,8.57,8.57,8.45,14033724.0,119651314.27
2021-06-17,601963.XSHG,8.56,8.58,8.6,8.53,11964690.0,102496738.49
2021-06-18,601963.XSHG,8.54,8.51,8.6,8.51,15219497.0,130167919.43
2021-06-21,601963.XSHG,8.54,8.55,8.61,8.48,15049563.0,128363597.39
2021-06-22,601963.XSHG,8.55,8.6,8.66,8.52,17346816.0,149321414.94
2021-06-23,601963.XSHG,8.63,8.64,8.7,8.5,20013752.0,171663332.96
2021-06-24,601963.XSHG,8.65,8.7,8.7,8.56,21628100.0,186882968.5
2021-06-25,601963.XSHG,8.72,9.06,9.23,8.71,83982457.0,757337406.32
2021-06-28,601963.XSHG,8.91,8.52,8.91,8.35,59776157.0,511739358.89
2021-06-29,601963.XSHG,8.51,8.52,8.56,8.46,19567486.0,166712548.75
2021-06-30,601963.XSHG,8.5,8.52,8.54,8.46,20111065.0,170846303.77
2021-07-01,601963.XSHG,8.52,8.46,8.56,8.46,21360444.0,181421154.08
2021-07-02,601963.XSHG,8.46,8.34,8.48,8.32,21148129.0,177138141.57
2021-07-05,601963.XSHG,8.38,8.38,8.39,8.33,9310444.0,77856165.13
2021-07-06,601963.XSHG,8.34,8.44,8.46,8.34,12027016.0,101195606.12
2021-07-07,601963.XSHG,8.42,8.46,8.5,8.41,11006821.0,93091381.06
2021-07-08,601963.XSHG,8.5,8.39,8.53,8.31,21220100.0,178023214.45
2021-07-09,601963.XSHG,8.32,8.25,8.34,8.22,15129678.0,125088549.88
2021-07-12,601963.XSHG,8.34,8.26,8.34,8.24,13031563.0,107761911.83
2021-07-13,601963.XSHG,8.25,8.23,8.26,8.17,12688555.0,104108925.78
2021-07-14,601963.XSHG,8.21,8.09,8.22,8.08,18972202.0,154187196.14
2021-07-15,601963.XSHG,8.12,8.19,8.3,8.09,20395729.0,167405708.37
2021-07-16,601963.XSHG,8.12,8.04,8.13,8.02,18630503.0,149942868.17
2021-07-19,601963.XSHG,8.01,7.89,8.02,7.84,15172042.0,119792241.93
2021-07-20,601963.XSHG,7.87,7.84,7.88,7.82,8652942.0,67819737.37
2021-07-21,601963.XSHG,7.86,7.86,7.91,7.84,8864856.0,69686930.89
2021-07-22,601963.XSHG,7.85,7.91,7.95,7.83,10442255.0,82526327.23
2021-07-23,601963.XSHG,7.91,7.93,8.04,7.83,16200407.0,128222987.71
2021-07-26,601963.XSHG,7.89,7.73,7.91,7.71,14826342.0,115710877.21
2021-07-27,601963.XSHG,7.73,7.51,7.75,7.51,16725884.0,127178220.84
2021-07-28,601963.XSHG,7.5,7.53,7.7,7.44,12959095.0,97917192.89
2021-07-29,601963.XSHG,7.53,7.47,7.54,7.44,11498991.0,85989874.31
2021-07-30,601963.XSHG,7.44,7.31,7.44,7.29,13353282.0,97923136.07
2021-08-02,601963.XSHG,7.24,7.43,7.5,7.21,16327820.0,120005136.35
2021-08-03,601963.XSHG,7.36,7.42,7.46,7.33,9161568.0,67788630.77
2021-08-04,601963.XSHG,7.4,7.44,7.47,7.39,9491893.0,70602553.09
2021-08-05,601963.XSHG,7.45,7.42,7.52,7.4,9780939.0,72879704.71
2021-08-06,601963.XSHG,7.42,7.36,7.42,7.28,9384387.0,68999487.11
2021-08-09,601963.XSHG,7.38,7.5,7.53,7.36,13689494.0,102259088.58
2021-08-10,601963.XSHG,7.49,7.54,7.55,7.44,12318201.0,92286654.44
2021-08-11,601963.XSHG,7.52,7.53,7.65,7.49,15392708.0,116489170.14
2021-08-12,601963.XSHG,7.5,7.47,7.57,7.46,9696181.0,72659588.23
2021-08-13,601963.XSHG,7.48,7.44,7.49,7.42,8254558.0,61466790.31
2021-08-16,601963.XSHG,7.43,7.48,7.52,7.42,10053875.0,75101120.32
2021-08-17,601963.XSHG,7.47,7.39,7.54,7.36,14200721.0,105850507.61
2021-08-18,601963.XSHG,7.38,7.62,7.65,7.35,27099932.0,204450278.28
2021-08-19,601963.XSHG,7.55,7.46,7.58,7.43,17702301.0,132493322.54
2021-08-20,601963.XSHG,7.4,7.36,7.45,7.32,12068140.0,88869946.96
2021-08-23,601963.XSHG,7.37,7.38,7.41,7.34,10259617.0,75599971.8
2021-08-24,601963.XSHG,7.38,7.38,7.42,7.35,8811946.0,65070025.62
2021-08-25,601963.XSHG,7.39,7.36,7.4,7.35,7361659.0,54218639.79
2021-08-26,601963.XSHG,7.35,7.29,7.36,7.29,10872807.0,79500249.1
2021-08-27,601963.XSHG,7.28,7.27,7.33,7.26,9048796.0,65883004.2
2021-08-30,601963.XSHG,7.25,7.18,7.27,7.17,12328266.0,88868394.22
2021-08-31,601963.XSHG,7.16,7.26,7.26,7.14,10963536.0,79012074.46
2021-09-01,601963.XSHG,7.25,7.4,7.46,7.19,24235943.0,177995421.47
2021-09-02,601963.XSHG,7.4,7.39,7.4,7.34,12668525.0,93374279.8
2021-09-03,601963.XSHG,7.4,7.39,7.44,7.33,12834959.0,94903029.84
2021-09-06,601963.XSHG,7.39,7.4,7.41,7.36,9467344.0,69937075.99
2021-09-07,601963.XSHG,7.39,7.44,7.44,7.34,16855984.0,124584294.57
2021-09-08,601963.XSHG,7.41,7.49,7.51,7.4,17653039.0,131853335.69
2021-09-09,601963.XSHG,7.49,7.48,7.51,7.42,13520033.0,100907944.44
2021-09-10,601963.XSHG,7.47,7.55,7.68,7.46,28899549.0,218870381.31
2021-09-13,601963.XSHG,7.5,7.49,7.53,7.46,13870129.0,103843404.29
2021-09-14,601963.XSHG,7.49,7.34,7.52,7.33,15884740.0,117694027.66
2021-09-15,601963.XSHG,7.31,7.28,7.35,7.28,10212273.0,74580318.56
2021-09-16,601963.XSHG,7.3,7.25,7.32,7.24,8398524.0,61182833.53
2021-09-17,601963.XSHG,7.25,7.23,7.25,7.2,7514198.0,54266975.8
2021-09-22,601963.XSHG,7.05,7.1,7.11,6.99,10774956.0,76174604.39
2021-09-23,601963.XSHG,7.12,7.14,7.19,7.12,6507781.0,46498154.6
2021-09-24,601963.XSHG,7.12,7.05,7.15,7.04,7213649.0,51093423.1
2021-09-27,601963.XSHG,7.05,7.01,7.06,6.99,8181320.0,57355908.38
2021-09-28,601963.XSHG,7.02,7.08,7.09,7.01,6552348.0,46255982.75
2021-09-29,601963.XSHG,7.05,7.14,7.23,7.04,10998763.0,78372653.16
2021-09-30,601963.XSHG,7.12,7.11,7.13,7.06,6329412.0,44885154.26
2021-10-08,601963.XSHG,7.13,7.18,7.22,7.12,6837425.0,49029508.9
2021-10-11,601963.XSHG,7.19,7.25,7.39,7.19,9545548.0,69461358.5
2021-10-12,601963.XSHG,7.21,7.17,7.29,7.14,7717887.0,55634598.51
2021-10-13,601963.XSHG,7.21,7.32,7.39,7.13,13211679.0,96268723.8
2021-10-14,601963.XSHG,7.27,7.27,7.32,7.23,6421843.0,46647585.0
2021-10-15,601963.XSHG,7.24,7.21,7.3,7.19,6798301.0,49260900.0
2021-10-18,601963.XSHG,7.18,7.15,7.2,7.13,5784159.0,41378091.0
2021-10-19,601963.XSHG,7.14,7.17,7.19,7.13,4317022.0,30928485.0
2021-10-20,601963.XSHG,7.18,7.11,7.18,7.11,4896423.0,34902468.0
2021-10-21,601963.XSHG,7.18,7.27,7.28,7.17,14318952.0,103574170.17
2021-10-22,601963.XSHG,7.27,7.26,7.4,7.24,12688672.0,92764254.84
2021-10-25,601963.XSHG,7.22,7.2,7.22,7.16,6043225.0,43417721.44
2021-10-26,601963.XSHG,7.19,7.19,7.25,7.18,4889357.0,35231272.0
2021-10-27,601963.XSHG,7.19,7.05,7.21,7.05,9303994.0,66010791.2
2021-10-28,601963.XSHG,7.03,6.97,7.07,6.96,6475307.0,45363544.44
2021-10-29,601963.XSHG,6.97,7.0,7.01,6.94,4117565.0,28718805.0
2021-11-01,601963.XSHG,7.04,7.06,7.09,6.96,5353039.0,37651773.0
2021-11-02,601963.XSHG,7.05,6.96,7.05,6.95,6075839.0,42479438.51
2021-11-03,601963.XSHG,6.96,6.96,6.99,6.94,3837724.0,26702104.94
2021-11-04,601963.XSHG,6.96,6.98,7.0,6.96,3747578.0,26135445.8
2021-11-05,601963.XSHG,7.01,6.96,7.01,6.96,3299361.0,22994741.0
2021-11-08,601963.XSHG,6.96,6.99,7.0,6.93,4267566.0,29687772.06
2021-11-09,601963.XSHG,6.98,6.99,7.0,6.96,3512596.0,24512683.6
2021-11-10,601963.XSHG,7.0,7.0,7.0,6.95,3721824.0,25947979.4
2021-11-11,601963.XSHG,6.99,7.05,7.06,6.97,7097685.0,49918879.2
2021-11-12,601963.XSHG,7.06,7.03,7.06,7.0,5357843.0,37617449.0
2021-11-15,601963.XSHG,7.03,7.05,7.05,7.01,4416805.0,31050651.0
2021-11-16,601963.XSHG,7.05,7.02,7.06,7.01,4444748.0,31238623.94
2021-11-17,601963.XSHG,7.01,7.02,7.02,7.0,3529231.0,24746804.0
2021-11-18,601963.XSHG,7.02,6.98,7.02,6.98,3959036.0,27709251.0
2021-11-19,601963.XSHG,6.98,7.02,7.03,6.96,4923357.0,34454962.0
2021-11-22,601963.XSHG,7.03,7.01,7.03,6.98,3550891.0,24884416.29
2021-11-23,601963.XSHG,7.01,7.03,7.05,7.01,5346701.0,37637087.75
2021-11-24,601963.XSHG,7.04,7.06,7.13,7.01,7944995.0,56070449.1
2021-11-25,601963.XSHG,7.05,7.09,7.11,7.05,5946502.0,42140162.44
2021-11-26,601963.XSHG,7.09,7.06,7.09,7.05,4733280.0,33441441.07
2021-11-29,601963.XSHG,7.0,7.01,7.05,6.99,4760211.0,33374096.66
2021-11-30,601963.XSHG,7.01,7.0,7.04,6.99,4154009.0,29130009.08
2021-12-01,601963.XSHG,7.0,7.06,7.07,6.99,5591913.0,39318602.85
2021-12-02,601963.XSHG,7.06,7.08,7.13,7.03,7184506.0,50802115.68
2021-12-03,601963.XSHG,7.09,7.09,7.1,7.05,5102526.0,36086543.96
2021-12-06,601963.XSHG,7.1,7.12,7.26,7.07,16846056.0,120516985.42
2021-12-07,601963.XSHG,7.18,7.16,7.19,7.08,12089250.0,86280716.35
2021-12-08,601963.XSHG,7.14,7.18,7.2,7.1,9198876.0,65718477.02
2021-12-09,601963.XSHG,7.17,7.3,7.35,7.14,22993626.0,167461876.4
2021-12-10,601963.XSHG,7.22,7.27,7.33,7.21,13568860.0,98682251.98
2021-12-13,601963.XSHG,7.27,7.21,7.35,7.21,11211297.0,81496536.86
2021-12-14,601963.XSHG,7.19,7.15,7.2,7.13,8041158.0,57588831.96
2021-12-15,601963.XSHG,7.14,7.18,7.2,7.14,5281217.0,37885131.36
2021-12-16,601963.XSHG,7.16,7.19,7.2,7.13,5442297.0,39002908.88
2021-12-17,601963.XSHG,7.18,7.15,7.19,7.14,5818569.0,41658964.67
2021-12-20,601963.XSHG,7.14,7.11,7.15,7.09,5491171.0,39079753.43
2021-12-21,601963.XSHG,7.13,7.26,7.31,7.11,14176704.0,102530620.97
2021-12-22,601963.XSHG,7.29,7.2,7.31,7.19,7772365.0,56141531.4
2021-12-23,601963.XSHG,7.18,7.22,7.24,7.17,6065559.0,43645435.26
2021-12-24,601963.XSHG,7.21,7.16,7.21,7.15,5174726.0,37117827.66
2021-12-27,601963.XSHG,7.23,7.2,7.28,7.17,7092805.0,51140703.32
2021-12-28,601963.XSHG,7.18,7.22,7.24,7.16,6693240.0,48200364.0
2021-12-29,601963.XSHG,7.21,7.19,7.22,7.18,4132873.0,29746253.0
2021-12-30,601963.XSHG,7.2,7.21,7.24,7.18,5644029.0,40689219.0
2021-12-31,601963.XSHG,7.2,7.22,7.22,7.18,6127786.0,44152440.0
2022-01-04,601963.XSHG,7.22,7.31,7.34,7.21,15634288.0,113815460.0
2022-01-05,601963.XSHG,7.35,7.33,7.44,7.31,25234267.0,186210168.0
2022-01-06,601963.XSHG,7.31,7.34,7.41,7.31,13744983.0,101096435.0
2022-01-07,601963.XSHG,7.31,7.46,7.52,7.31,26257692.0,195693213.0
2022-01-10,601963.XSHG,7.54,7.49,7.57,7.43,19886631.0,148848807.0
2022-01-11,601963.XSHG,7.49,7.48,7.56,7.44,16432181.0,123221559.0
2022-01-12,601963.XSHG,7.5,7.42,7.5,7.37,14732957.0,109221915.0
2022-01-13,601963.XSHG,7.42,7.45,7.59,7.4,18761687.0,140783534.0
2022-01-14,601963.XSHG,7.43,7.31,7.48,7.31,15871746.0,116755986.0
2022-01-17,601963.XSHG,7.28,7.33,7.36,7.28,6998891.0,51157541.0
2022-01-18,601963.XSHG,7.32,7.35,7.37,7.27,11314876.0,82956673.0
2022-01-19,601963.XSHG,7.34,7.4,7.43,7.32,12221225.0,90200472.0
2022-01-20,601963.XSHG,7.38,7.55,7.68,7.37,34762348.0,262214421.0
2022-01-21,601963.XSHG,7.47,7.44,7.53,7.41,18156193.0,135237033.0
2022-01-24,601963.XSHG,7.38,7.33,7.41,7.3,12952792.0,95126593.0
2022-01-25,601963.XSHG,7.31,7.07,7.35,7.05,16004074.0,115043084.0
2022-01-26,601963.XSHG,7.05,7.02,7.08,6.94,12692654.0,89018027.0
2022-01-27,601963.XSHG,7.03,6.97,7.09,6.94,11037504.0,77448305.0
2022-01-28,601963.XSHG,6.97,6.96,7.01,6.94,7821305.0,54541048.0
2022-02-07,601963.XSHG,6.92,7.08,7.09,6.91,15094281.0,105810796.0
2022-02-08,601963.XSHG,7.09,7.18,7.21,7.07,30451489.0,217475940.0
2022-02-09,601963.XSHG,7.18,7.32,7.62,7.14,29132408.0,212647769.0
2022-02-10,601963.XSHG,7.31,7.43,7.44,7.22,27276803.0,200690400.0
2022-02-11,601963.XSHG,7.41,7.43,7.5,7.39,19807059.0,147420617.0
2022-02-14,601963.XSHG,7.39,7.22,7.39,7.21,17120668.0,124540168.0
2022-02-15,601963.XSHG,7.27,7.22,7.29,7.16,8586621.0,61990750.0
2022-02-16,601963.XSHG,7.22,7.25,7.31,7.22,7332440.0,53198852.0
2022-02-17,601963.XSHG,7.22,7.17,7.27,7.16,9918875.0,71495483.0
2022-02-18,601963.XSHG,7.14,7.24,7.31,7.11,7522164.0,54189616.0
2022-02-21,601963.XSHG,7.23,7.26,7.27,7.18,7840074.0,56621505.0
2022-02-22,601963.XSHG,7.2,7.15,7.23,7.13,8186706.0,58723423.0
2022-02-23,601963.XSHG,7.17,7.17,7.18,7.12,7062243.0,50454232.0
2022-02-24,601963.XSHG,7.14,7.01,7.17,6.96,12286698.0,86629496.0
2022-02-25,601963.XSHG,7.03,7.0,7.09,6.98,8700851.0,61062311.0
2022-02-28,601963.XSHG,7.01,7.01,7.02,6.94,5605717.0,39154315.0
2022-03-01,601963.XSHG,7.13,7.16,7.19,7.07,13762669.0,98032797.0
2022-03-02,601963.XSHG,7.14,7.31,7.31,7.13,25593827.0,185679939.0
2022-03-03,601963.XSHG,7.35,7.4,7.43,7.31,22799014.0,168181722.0
2022-03-04,601963.XSHG,7.38,7.37,7.4,7.32,13897908.0,102299165.0
2022-03-07,601963.XSHG,7.33,7.33,7.4,7.32,10527437.0,77410684.0
2022-03-08,601963.XSHG,7.33,7.22,7.37,7.2,14127610.0,102751963.0
2022-03-09,601963.XSHG,7.24,7.09,7.29,6.92,18938951.0,134625760.0
2022-03-10,601963.XSHG,7.19,7.12,7.2,7.11,9697049.0,69429716.0
2022-03-11,601963.XSHG,7.08,7.22,7.22,6.99,10784614.0,76709544.0
2022-03-14,601963.XSHG,7.16,7.06,7.21,7.06,7272469.0,51926133.0
2022-03-15,601963.XSHG,7.05,6.83,7.05,6.83,15977756.0,110960908.0
2022-03-16,601963.XSHG,6.96,7.05,7.09,6.84,17393031.0,121040537.0
2022-03-17,601963.XSHG,7.11,7.3,7.43,7.09,33638055.0,245099089.0
2022-03-18,601963.XSHG,7.28,7.7,7.74,7.27,66208542.0,501013276.0
2022-03-21,601963.XSHG,7.74,7.7,7.77,7.63,62433026.0,480800485.0
2022-03-22,601963.XSHG,7.68,7.67,7.72,7.62,45994691.0,353095181.0
2022-03-23,601963.XSHG,7.26,7.09,7.3,7.06,62342797.0,445136981.0
2022-03-24,601963.XSHG,7.05,6.99,7.05,6.96,20725462.0,145226143.0
2022-03-25,601963.XSHG,6.99,7.0,7.04,6.98,13522943.0,94693452.0
2022-03-28,601963.XSHG,7.0,7.05,7.07,6.91,14796345.0,103607407.0
2022-03-29,601963.XSHG,7.03,6.99,7.04,6.97,10480985.0,73314032.0
2022-03-30,601963.XSHG,7.0,7.19,7.34,6.99,31378852.0,224189808.0
2022-03-31,601963.XSHG,7.17,7.4,7.46,7.14,37473508.0,274760154.0
2022-04-01,601963.XSHG,7.33,7.47,7.61,7.31,37029880.0,276730329.0
2022-04-06,601963.XSHG,7.45,7.58,7.61,7.41,27779489.0,210082860.0
2022-04-07,601963.XSHG,7.6,7.34,7.63,7.28,29206063.0,217170867.0
2022-04-08,601963.XSHG,7.42,7.29,7.43,7.22,28405168.0,206665772.0
2022-04-11,601963.XSHG,7.32,7.06,7.32,7.02,21432487.0,152283064.0
2022-04-12,601963.XSHG,7.08,7.22,7.26,7.0,23635833.0,168246705.0
2022-04-13,601963.XSHG,7.17,7.19,7.27,7.15,16128230.0,116229885.0
2022-04-14,601963.XSHG,7.24,7.15,7.27,7.12,20762954.0,148996373.0
2022-04-15,601963.XSHG,7.08,7.25,7.29,7.08,21220005.0,152707347.0
2022-04-18,601963.XSHG,7.16,7.04,7.17,7.02,21860974.0,154386858.0
2022-04-19,601963.XSHG,7.03,7.05,7.07,7.01,14593514.0,102529606.0
2022-04-20,601963.XSHG,7.05,6.95,7.06,6.91,19498667.0,136013412.0
2022-04-21,601963.XSHG,6.92,6.79,6.95,6.78,22918876.0,157219328.0
2022-04-22,601963.XSHG,6.78,6.8,6.87,6.71,15534707.0,105515802.0
2022-04-25,601963.XSHG,6.72,6.34,6.72,6.33,24076759.0,156416704.0
2022-04-26,601963.XSHG,6.35,6.1,6.37,6.06,17902544.0,111115991.0
2022-04-27,601963.XSHG,5.97,6.21,6.21,5.93,12745266.0,77336770.0
2022-04-28,601963.XSHG,6.15,6.16,6.27,6.08,8322408.0,51440296.0
2022-04-29,601963.XSHG,6.11,6.27,6.28,6.1,9931954.0,61696999.0
2022-05-05,601963.XSHG,6.15,6.29,6.35,6.15,11344746.0,71010279.0
2022-05-06,601963.XSHG,6.15,6.15,6.21,6.13,6621208.0,40836849.0
2022-05-09,601963.XSHG,6.15,6.15,6.19,6.13,4528270.0,27840134.0
2022-05-10,601963.XSHG,6.13,6.18,6.19,6.03,7617137.0,46619737.0
2022-05-11,601963.XSHG,6.15,6.2,6.25,6.15,8072121.0,50141915.0
2022-05-12,601963.XSHG,6.17,6.18,6.22,6.14,5076655.0,31303033.0
2022-05-13,601963.XSHG,6.19,6.25,6.26,6.18,6490694.0,40395662.0
2022-05-16,601963.XSHG,6.26,6.22,6.3,6.2,4649462.0,28952650.0
2022-05-17,601963.XSHG,6.2,6.19,6.23,6.15,4611197.0,28541820.0
2022-05-18,601963.XSHG,6.19,6.19,6.2,6.16,3988338.0,24650212.0
2022-05-19,601963.XSHG,6.15,6.15,6.15,6.1,4457162.0,27311962.0
2022-05-20,601963.XSHG,6.18,6.23,6.24,6.18,6832048.0,42502038.0
2022-05-23,601963.XSHG,6.23,6.32,6.36,6.22,7043222.0,44267856.0
2022-05-24,601963.XSHG,6.33,6.16,6.37,6.16,8480550.0,53033680.0
2022-05-25,601963.XSHG,6.15,6.2,6.2,6.14,4107802.0,25362818.0
2022-05-26,601963.XSHG,6.21,6.27,6.27,6.18,6419003.0,40006585.0
2022-05-27,601963.XSHG,6.27,6.23,6.29,6.19,5622897.0,35085746.0
2022-05-30,601963.XSHG,6.24,6.26,6.27,6.23,4923644.0,30778489.0
2022-05-31,601963.XSHG,6.27,6.29,6.3,6.23,4953964.0,31070068.0
2022-06-01,601963.XSHG,6.28,6.27,6.31,6.25,4465801.0,28014688.0
2022-06-02,601963.XSHG,6.27,6.29,6.29,6.23,4785317.0,29988509.0
2022-06-06,601963.XSHG,6.29,6.32,6.32,6.22,6153405.0,38691373.0
2022-06-07,601963.XSHG,6.34,6.36,6.36,6.3,7037955.0,44589726.0
2022-06-08,601963.XSHG,6.36,6.36,6.38,6.3,7909923.0,50188250.0
2022-06-09,601963.XSHG,6.36,6.46,6.51,6.33,12905327.0,83099554.0
2022-06-10,601963.XSHG,6.41,6.5,6.52,6.41,11967878.0,77342285.0
2022-06-13,601963.XSHG,6.45,6.39,6.48,6.37,6830154.0,43842549.0
2022-06-14,601963.XSHG,6.35,6.51,6.53,6.29,9901834.0,63425450.0
2022-06-15,601963.XSHG,6.5,6.66,6.79,6.49,25240192.0,168415473.0
2022-06-16,601963.XSHG,6.62,6.51,6.64,6.49,14119730.0,92436346.0
2022-06-17,601963.XSHG,6.52,6.47,6.53,6.4,7629529.0,49285316.0
2022-06-20,601963.XSHG,6.46,6.46,6.49,6.44,4295223.0,27772915.0
2022-06-21,601963.XSHG,6.47,6.49,6.52,6.45,5014362.0,32527802.0
2022-06-22,601963.XSHG,6.49,6.42,6.49,6.41,4433942.0,28576635.0
2022-06-23,601963.XSHG,6.41,6.48,6.48,6.39,4862982.0,31318429.0
2022-06-24,601963.XSHG,6.49,6.45,6.49,6.44,4002918.0,25826777.0
2022-06-27,601963.XSHG,6.45,6.45,6.48,6.43,4937834.0,31837408.0
2022-06-28,601963.XSHG,6.45,6.48,6.49,6.42,4717632.0,30456200.0
2022-06-29,601963.XSHG,6.48,6.43,6.52,6.42,5850989.0,37911313.0
2022-06-30,601963.XSHG,6.43,6.45,6.49,6.42,4830889.0,31201654.0
2022-07-01,601963.XSHG,6.45,6.43,6.47,6.42,3746119.0,24114067.0
2022-07-04,601963.XSHG,6.42,6.4,6.44,6.39,4484322.0,28709376.0
2022-07-05,601963.XSHG,6.4,6.36,6.43,6.33,5113758.0,32617216.0
2022-07-06,601963.XSHG,6.36,6.26,6.37,6.25,6151397.0,38719616.0
2022-07-07,601963.XSHG,6.27,6.26,6.3,6.24,3442001.0,21576553.0
2022-07-08,601963.XSHG,6.27,6.27,6.29,6.26,2575588.0,16156312.0
2022-07-11,601963.XSHG,6.26,6.28,6.31,6.23,3657331.0,22978274.0
2022-07-12,601963.XSHG,6.29,6.32,6.36,6.27,4451945.0,28171077.0
2022-07-13,601963.XSHG,6.31,6.29,6.34,6.27,4189235.0,26368874.0
2022-07-14,601963.XSHG,6.29,6.19,6.29,6.17,6867304.0,42590489.0
2022-07-15,601963.XSHG,6.2,6.09,6.22,6.09,5589428.0,34366758.0
2022-07-18,601963.XSHG,6.1,6.16,6.19,6.09,3942114.0,24256129.0
2022-07-19,601963.XSHG,6.21,6.26,6.26,6.18,4854975.0,30243618.0
2022-07-20,601963.XSHG,6.28,6.33,6.34,6.27,4899705.0,30908945.0
2022-07-21,601963.XSHG,6.33,6.31,6.36,6.29,4916977.0,31099618.0
2022-07-22,601963.XSHG,6.3,6.29,6.35,6.27,3632778.0,22912424.0
2022-07-25,601963.XSHG,6.31,6.33,6.34,6.29,3282545.0,20744929.0
2022-07-26,601963.XSHG,6.33,6.35,6.36,6.31,4009568.0,25419031.0
2022-07-27,601963.XSHG,6.36,6.36,6.37,6.33,5720009.0,36302794.0
2022-07-28,601963.XSHG,6.36,6.34,6.36,6.31,5924710.0,37515943.0
2022-07-29,601963.XSHG,6.34,6.3,6.36,6.3,4526197.0,28610394.0
2022-08-01,601963.XSHG,6.28,6.26,6.32,6.25,4289773.0,26890129.0
2022-08-02,601963.XSHG,6.26,6.1,6.27,6.07,7262929.0,44583599.0
2022-08-03,601963.XSHG,6.06,6.04,6.15,6.02,4692052.0,28567672.0
2022-08-04,601963.XSHG,6.07,6.08,6.1,6.02,3241862.0,19624423.0
2022-08-05,601963.XSHG,6.08,6.14,6.15,6.07,4157460.0,25356618.0
2022-08-08,601963.XSHG,6.14,6.12,6.16,6.11,2690895.0,16487348.0
2022-08-09,601963.XSHG,6.15,6.1,6.15,6.08,1968477.0,12003830.0
2022-08-10,601963.XSHG,6.1,6.1,6.13,6.08,2027003.0,12371714.0
2022-08-11,601963.XSHG,6.13,6.24,6.24,6.11,5510316.0,34089676.0
2022-08-12,601963.XSHG,6.2,6.2,6.23,6.19,3492010.0,21664684.0
2022-08-15,601963.XSHG,6.2,6.14,6.2,6.13,3661088.0,22525367.0
2022-08-16,601963.XSHG,6.16,6.13,6.16,6.11,3906124.0,23926869.0
2022-08-17,601963.XSHG,6.17,6.16,6.17,6.12,2994499.0,18410427.0
2022-08-18,601963.XSHG,6.22,6.12,6.22,6.11,3424516.0,21010878.0
2022-08-19,601963.XSHG,6.13,6.11,6.14,6.11,3077274.0,18847199.0
2022-08-22,601963.XSHG,6.11,6.11,6.13,6.07,2614005.0,15963569.0
2022-08-23,601963.XSHG,6.13,6.08,6.13,6.07,3788602.0,23027656.0
2022-08-24,601963.XSHG,6.08,6.01,6.1,6.01,6063755.0,36659761.0
2022-08-25,601963.XSHG,6.01,6.05,6.05,5.99,4511882.0,27137336.0
2022-08-26,601963.XSHG,6.01,6.03,6.05,6.01,2847768.0,17170083.0
2022-08-29,601963.XSHG,5.99,6.05,6.06,5.98,3462055.0,20815695.0
2022-08-30,601963.XSHG,6.04,6.09,6.09,6.03,3755731.0,22793899.0
2022-08-31,601963.XSHG,6.07,6.1,6.12,6.06,4452788.0,27150626.0
2022-09-01,601963.XSHG,6.09,6.07,6.1,6.07,3334829.0,20287161.0
2022-09-02,601963.XSHG,6.08,6.12,6.18,6.07,4649214.0,28459166.0
2022-09-05,601963.XSHG,6.13,6.15,6.15,6.09,3809083.0,23334950.0
2022-09-06,601963.XSHG,6.16,6.17,6.22,6.15,4178595.0,25861862.0
2022-09-07,601963.XSHG,6.19,6.13,6.19,6.11,2734770.0,16774239.0
2022-09-08,601963.XSHG,6.13,6.13,6.16,6.11,2509426.0,15389245.0
2022-09-09,601963.XSHG,6.15,6.19,6.23,6.12,5838525.0,36133293.0
2022-09-13,601963.XSHG,6.22,6.19,6.24,6.18,3182882.0,19737824.0
2022-09-14,601963.XSHG,6.16,6.17,6.19,6.14,3108549.0,19162698.0
2022-09-15,601963.XSHG,6.22,6.16,6.23,6.09,6614359.0,40859816.0
2022-09-16,601963.XSHG,6.14,6.0,6.18,5.99,6183136.0,37455390.0
2022-09-19,601963.XSHG,6.01,5.97,6.03,5.96,3862490.0,23106288.0
2022-09-20,601963.XSHG,5.99,5.96,6.01,5.94,3341903.0,19900266.0
2022-09-21,601963.XSHG,5.95,5.99,5.99,5.83,4552330.0,26929958.0
2022-09-22,601963.XSHG,5.95,5.95,5.99,5.93,2561365.0,15258749.0
2022-09-23,601963.XSHG,5.95,5.97,6.0,5.9,3172959.0,18901639.0
2022-09-26,601963.XSHG,5.95,5.84,5.96,5.83,3724347.0,21912364.0
2022-09-27,601963.XSHG,5.84,5.87,5.89,5.78,3117262.0,18156564.0
2022-09-28,601963.XSHG,5.87,5.84,5.95,5.82,3955508.0,23228131.0
2022-09-29,601963.XSHG,5.86,5.77,5.9,5.75,3002193.0,17511003.0
2022-09-30,601963.XSHG,5.78,5.78,5.83,5.75,2797946.0,16166424.0
2022-10-10,601963.XSHG,5.78,5.76,5.82,5.72,2826881.0,16337411.0
2022-10-11,601963.XSHG,5.78,5.73,5.78,5.71,2074930.0,11910378.0
2022-10-12,601963.XSHG,5.76,5.79,5.8,5.72,2831267.0,16292676.0
2022-10-13,601963.XSHG,5.8,5.76,5.8,5.74,3333183.0,19224671.0
2022-10-14,601963.XSHG,5.78,5.83,5.85,5.77,4350661.0,25344171.0
2022-10-17,601963.XSHG,5.82,5.85,5.87,5.81,3311949.0,19349681.0
2022-10-18,601963.XSHG,5.86,5.85,5.89,5.83,2697481.0,15774270.0
2022-10-19,601963.XSHG,5.84,5.84,5.88,5.83,2839756.0,16601894.0
2022-10-20,601963.XSHG,5.84,5.81,5.86,5.78,5025823.0,29207949.0
2022-10-21,601963.XSHG,5.82,5.8,5.83,5.78,2865803.0,16644036.0
2022-10-24,601963.XSHG,5.8,5.72,5.83,5.69,5817377.0,33487984.0
2022-10-25,601963.XSHG,5.72,5.64,5.76,5.61,5635149.0,31837423.0
2022-10-26,601963.XSHG,5.65,5.67,5.71,5.62,3865524.0,21922938.0
2022-10-27,601963.XSHG,5.7,5.7,5.72,5.66,3504816.0,19972684.0
2022-10-28,601963.XSHG,5.72,5.61,5.72,5.6,4574904.0,25917455.0
2022-10-31,601963.XSHG,5.61,5.63,5.68,5.57,3417768.0,19235335.0
2022-11-01,601963.XSHG,5.64,5.71,5.71,5.63,5045455.0,28674003.0
2022-11-02,601963.XSHG,5.69,5.72,5.74,5.68,4786959.0,27346220.0
2022-11-03,601963.XSHG,5.69,5.69,5.72,5.66,2949234.0,16763961.0
2022-11-04,601963.XSHG,5.69,5.76,5.78,5.69,5869905.0,33683867.0
2022-11-07,601963.XSHG,5.74,5.81,5.82,5.73,5324303.0,30789921.0
2022-11-08,601963.XSHG,5.8,5.8,5.83,5.76,4012177.0,23240492.0
2022-11-09,601963.XSHG,5.8,5.84,5.85,5.79,4242549.0,24755989.0
2022-11-10,601963.XSHG,5.83,5.84,5.85,5.77,3706529.0,21559808.0
2022-11-11,601963.XSHG,5.88,5.91,5.95,5.84,8262389.0,48738558.0
2022-11-14,601963.XSHG,5.91,5.92,6.0,5.9,8117983.0,48311013.0
2022-11-15,601963.XSHG,5.9,6.01,6.02,5.9,7810020.0,46676580.0
2022-11-16,601963.XSHG,5.99,5.93,6.01,5.93,4552177.0,27103422.0
2022-11-17,601963.XSHG,5.93,5.92,5.94,5.86,4031509.0,23782901.0
2022-11-18,601963.XSHG,5.93,5.84,5.93,5.83,4145454.0,24338526.0
2022-11-21,601963.XSHG,5.84,5.83,5.84,5.78,3534334.0,20546692.0
2022-11-22,601963.XSHG,5.83,5.89,5.94,5.82,5650015.0,33238506.0
2022-11-23,601963.XSHG,5.86,5.93,5.95,5.86,6792735.0,40146742.0
2022-11-24,601963.XSHG,5.9,5.89,5.93,5.88,4260980.0,25138414.0
2022-11-25,601963.XSHG,5.87,6.02,6.04,5.86,12705891.0,76119817.0
2022-11-28,601963.XSHG,5.94,5.95,5.98,5.86,9013044.0,53337548.0
2022-11-29,601963.XSHG,5.96,6.12,6.19,5.96,16229398.0,98874799.0
2022-11-30,601963.XSHG,6.13,6.09,6.13,6.07,8462747.0,51559926.0
2022-12-01,601963.XSHG,6.12,6.02,6.14,6.01,6910084.0,41874122.0
2022-12-02,601963.XSHG,6.02,6.01,6.04,5.97,4958330.0,29700415.0
2022-12-05,601963.XSHG,6.04,6.11,6.12,6.0,8435456.0,51259590.0
2022-12-06,601963.XSHG,6.09,6.07,6.11,6.04,4358856.0,26467269.0
2022-12-07,601963.XSHG,6.06,6.02,6.09,6.01,5712881.0,34512839.0
2022-12-08,601963.XSHG,6.03,6.03,6.07,6.01,4978523.0,30071462.0
2022-12-09,601963.XSHG,6.02,6.07,6.07,6.02,5347934.0,32383389.0
2022-12-12,601963.XSHG,6.04,5.94,6.05,5.93,5803148.0,34740764.0
2022-12-13,601963.XSHG,5.96,5.95,6.01,5.94,4388757.0,26221196.0
2022-12-14,601963.XSHG,5.95,5.94,5.98,5.93,2752373.0,16379960.0
2022-12-15,601963.XSHG,5.93,5.89,5.96,5.89,3301522.0,19502115.0
2022-12-16,601963.XSHG,5.89,5.93,5.95,5.88,3487371.0,20635732.0
2022-12-19,601963.XSHG,5.93,5.81,5.94,5.78,4295343.0,25101439.0
2022-12-20,601963.XSHG,5.8,5.78,5.84,5.77,3078829.0,17881986.0
2022-12-21,601963.XSHG,5.79,5.78,5.83,5.77,2184429.0,12653621.0
2022-12-22,601963.XSHG,5.8,5.73,5.82,5.72,2819802.0,16247149.0
2022-12-23,601963.XSHG,5.74,5.72,5.78,5.7,2218726.0,12721598.0
2022-12-26,601963.XSHG,5.76,5.72,5.76,5.7,1914047.0,10962215.0
2022-12-27,601963.XSHG,5.76,5.78,5.78,5.73,2556941.0,14733959.0
2022-12-28,601963.XSHG,5.78,5.78,5.82,5.75,2298121.0,13301364.0
2022-12-29,601963.XSHG,5.77,5.74,5.78,5.72,2063606.0,11864369.0
2022-12-30,601963.XSHG,5.76,5.79,5.82,5.75,2388737.0,13825343.0
2023-01-03,601963.XSHG,5.79,5.83,5.83,5.77,3919312.0,22773296.0
2023-01-04,601963.XSHG,5.83,5.88,5.89,5.81,4212772.0,24741524.0
2023-01-05,601963.XSHG,5.89,5.89,5.9,5.86,3126218.0,18402337.0
2023-01-06,601963.XSHG,5.9,5.86,5.9,5.85,2660334.0,15601762.0
2023-01-09,601963.XSHG,5.85,5.85,5.88,5.84,2320689.0,13602237.0
2023-01-10,601963.XSHG,5.87,5.82,5.88,5.82,2423567.0,14130334.0
2023-01-11,601963.XSHG,5.83,5.82,5.85,5.82,2329233.0,13592058.0
2023-01-12,601963.XSHG,5.83,5.82,5.83,5.78,2536534.0,14732093.0
2023-01-13,601963.XSHG,5.83,5.86,5.86,5.8,2485231.0,14494342.0
2023-01-16,601963.XSHG,5.89,5.92,5.98,5.86,7228941.0,42841892.0
2023-01-17,601963.XSHG,5.93,5.94,5.95,5.88,3829733.0,22634855.0
2023-01-18,601963.XSHG,5.94,5.95,6.0,5.91,4234842.0,25215063.0
2023-01-19,601963.XSHG,5.95,6.03,6.06,5.93,8158349.0,49016690.0
2023-01-20,601963.XSHG,6.04,6.05,6.07,6.01,6268926.0,37849453.0
2023-01-30,601963.XSHG,6.08,6.02,6.1,6.01,6586152.0,39824080.0
2023-01-31,601963.XSHG,6.04,6.01,6.05,6.01,3708276.0,22336749.0
2023-02-01,601963.XSHG,6.01,6.04,6.04,5.99,4714408.0,28379852.0
2023-02-02,601963.XSHG,6.04,6.03,6.05,6.02,3724853.0,22474276.0
2023-02-03,601963.XSHG,6.03,5.99,6.03,5.96,4240940.0,25404422.0
2023-02-06,601963.XSHG,5.97,5.99,6.01,5.95,3525390.0,21108561.0
2023-02-07,601963.XSHG,6.02,6.07,6.07,6.01,6701757.0,40479983.0
2023-02-08,601963.XSHG,6.07,6.04,6.07,6.02,4946247.0,29863626.0
2023-02-09,601963.XSHG,6.01,6.06,6.07,6.0,4921016.0,29749899.0
2023-02-10,601963.XSHG,6.06,6.11,6.12,6.03,8060761.0,48947540.0
2023-02-13,601963.XSHG,6.15,6.12,6.18,6.11,9556144.0,58582541.0
2023-02-14,601963.XSHG,6.13,6.16,6.18,6.12,6543272.0,40192569.0
2023-02-15,601963.XSHG,6.16,6.11,6.16,6.1,5191935.0,31778249.0
2023-02-16,601963.XSHG,6.11,6.07,6.17,6.04,8379759.0,51279808.0
2023-02-17,601963.XSHG,6.05,6.06,6.11,6.04,4839196.0,29359377.0
2023-02-20,601963.XSHG,6.05,6.18,6.18,6.05,9932819.0,60933280.0
2023-02-21,601963.XSHG,6.15,6.17,6.17,6.13,7038978.0,43292565.0
2023-02-22,601963.XSHG,6.14,6.16,6.18,6.13,4753352.0,29235282.0
2023-02-23,601963.XSHG,6.18,6.18,6.19,6.15,5967427.0,36825550.0
2023-02-24,601963.XSHG,6.19,6.13,6.19,6.12,3659817.0,22479094.0
2023-02-27,601963.XSHG,6.13,6.12,6.15,6.11,3098446.0,18991954.0
2023-02-28,601963.XSHG,6.12,6.14,6.14,6.1,2819566.0,17275984.0
2023-03-01,601963.XSHG,6.14,6.18,6.18,6.13,4384001.0,27023180.0
2023-03-02,601963.XSHG,6.16,6.18,6.19,6.15,4046140.0,24973135.0
2023-03-03,601963.XSHG,6.18,6.22,6.22,6.16,8743935.0,54121910.0
2023-03-06,601963.XSHG,6.2,6.16,6.23,6.15,5662116.0,35005646.0
2023-03-07,601963.XSHG,6.16,6.18,6.29,6.15,13471017.0,83904987.0
2023-03-08,601963.XSHG,6.16,6.17,6.19,6.09,7335584.0,45040731.0
2023-03-09,601963.XSHG,6.19,6.16,6.23,6.14,5681136.0,35110392.0
2023-03-10,601963.XSHG,6.13,6.09,6.16,6.08,5616234.0,34334044.0
2023-03-13,601963.XSHG,6.06,6.07,6.09,6.03,4839732.0,29331383.0
2023-03-14,601963.XSHG,6.04,6.06,6.12,6.04,5192327.0,31504455.0
2023-03-15,601963.XSHG,6.09,6.14,6.15,6.08,5889467.0,36044117.0
2023-03-16,601963.XSHG,6.13,6.15,6.19,6.12,6072061.0,37436816.0
2023-03-17,601963.XSHG,6.19,6.2,6.22,6.17,6063632.0,37578089.0
2023-03-20,601963.XSHG,6.2,6.18,6.22,6.17,5132312.0,31810397.0
2023-03-21,601963.XSHG,6.22,6.19,6.24,6.19,4753988.0,29526074.0
2023-03-22,601963.XSHG,6.22,6.24,6.24,6.2,4452718.0,27723613.0
2023-03-23,601963.XSHG,6.24,6.25,6.25,6.22,3562468.0,22209045.0
2023-03-24,601963.XSHG,6.25,6.25,6.29,6.23,4644841.0,29101179.0
2023-03-27,601963.XSHG,6.25,6.19,6.27,6.13,5375014.0,33240894.0
2023-03-28,601963.XSHG,6.19,6.19,6.22,6.15,3714616.0,22992486.0
2023-03-29,601963.XSHG,6.2,6.18,6.22,6.16,2923008.0,18067216.0
2023-03-30,601963.XSHG,6.19,6.2,6.21,6.16,3898520.0,24135129.0
2023-03-31,601963.XSHG,6.2,6.16,6.22,6.15,4717814.0,29175533.0
2023-04-03,601963.XSHG,6.15,6.23,6.25,6.14,4815901.0,29865125.0
2023-04-04,601963.XSHG,6.24,6.23,6.25,6.2,4003002.0,24910636.0
2023-04-06,601963.XSHG,6.21,6.16,6.22,6.15,4029308.0,24893280.0
2023-04-07,601963.XSHG,6.19,6.16,6.2,6.15,3095927.0,19098733.0
2023-04-10,601963.XSHG,6.19,6.17,6.19,6.16,3509541.0,21675310.0
2023-04-11,601963.XSHG,6.18,6.19,6.19,6.16,2927256.0,18075655.0
2023-04-12,601963.XSHG,6.17,6.19,6.21,6.17,3198899.0,19803332.0
2023-04-13,601963.XSHG,6.19,6.26,6.26,6.18,6137971.0,38223663.0
2023-04-14,601963.XSHG,6.26,6.25,6.27,6.24,5710178.0,35700530.0
2023-04-17,601963.XSHG,6.25,6.36,6.36,6.22,7933575.0,50058421.0
2023-04-18,601963.XSHG,6.36,6.51,6.62,6.36,17340304.0,113233997.0
2023-04-19,601963.XSHG,6.55,6.63,6.71,6.51,15379249.0,101817389.0
2023-04-20,601963.XSHG,6.62,6.66,6.67,6.56,11611022.0,76934265.0
2023-04-21,601963.XSHG,6.63,6.57,6.67,6.57,8083547.0,53448978.0
2023-04-24,601963.XSHG,6.56,6.59,6.65,6.54,6897386.0,45452383.0
2023-04-25,601963.XSHG,6.58,6.77,6.83,6.55,19111749.0,128398896.0
2023-04-26,601963.XSHG,6.66,6.71,6.71,6.52,12075736.0,79973747.0
2023-04-27,601963.XSHG,6.68,6.76,6.77,6.64,7453900.0,50131447.0
2023-04-28,601963.XSHG,6.75,6.77,6.82,6.73,7065374.0,47838248.0
2023-05-04,601963.XSHG,6.73,6.91,6.95,6.68,13270000.0,91398225.0
2023-05-05,601963.XSHG,6.94,6.91,7.01,6.8,12334165.0,85137455.0
2023-05-08,601963.XSHG,6.9,7.12,7.24,6.84,24552326.0,173801798.0
2023-05-09,601963.XSHG,7.13,7.35,7.43,7.13,30988813.0,226081224.0
2023-05-10,601963.XSHG,7.2,6.97,7.22,6.93,16284886.0,114566767.0
2023-05-11,601963.XSHG,6.96,7.02,7.11,6.91,11519782.0,80855584.0
2023-05-12,601963.XSHG,6.99,7.1,7.17,6.95,8768934.0,62177435.0
2023-05-15,601963.XSHG,7.08,7.33,7.35,7.01,14830945.0,106798269.0
2023-05-16,601963.XSHG,7.28,7.24,7.47,7.19,14912757.0,108940449.0
2023-05-17,601963.XSHG,7.24,7.22,7.26,7.15,8305924.0,59937423.0
2023-05-18,601963.XSHG,7.22,7.26,7.31,7.2,7692098.0,55890755.0
2023-05-19,601963.XSHG,7.27,7.14,7.28,7.07,8372215.0,59787997.0
2023-05-22,601963.XSHG,7.08,7.13,7.18,7.05,8285960.0,59023663.0
2023-05-23,601963.XSHG,7.2,7.08,7.31,7.08,8135176.0,58566103.0
2023-05-24,601963.XSHG,7.14,7.01,7.14,7.01,6122142.0,43228736.0
2023-05-25,601963.XSHG,7.02,7.04,7.09,6.99,5880814.0,41390942.0
2023-05-26,601963.XSHG,7.04,7.09,7.16,6.99,6508981.0,46037110.0
2023-05-29,601963.XSHG,7.08,7.09,7.22,6.92,11121482.0,78405542.0
2023-05-30,601963.XSHG,7.07,7.09,7.09,6.97,5875359.0,41312598.0
2023-05-31,601963.XSHG,7.08,7.1,7.12,7.04,3567623.0,25239587.0
2023-06-01,601963.XSHG,7.1,7.11,7.15,7.03,4292610.0,30512588.0
2023-06-02,601963.XSHG,7.09,7.05,7.15,7.05,3895373.0,27663889.0
2023-06-05,601963.XSHG,7.05,7.06,7.09,6.98,4713012.0,33139596.0
2023-06-06,601963.XSHG,7.02,7.03,7.17,7.01,6389865.0,45269216.0
2023-06-07,601963.XSHG,7.09,7.21,7.27,7.06,10043451.0,72367083.0
2023-06-08,601963.XSHG,7.2,7.38,7.39,7.18,11049879.0,80985791.0
2023-06-09,601963.XSHG,7.35,7.39,7.42,7.26,7716606.0,56850063.0
2023-06-12,601963.XSHG,7.38,7.26,7.39,7.24,5957176.0,43500151.0
2023-06-13,601963.XSHG,7.23,7.21,7.29,7.17,6071073.0,43805739.0
2023-06-14,601963.XSHG,7.18,7.18,7.25,7.15,5220650.0,37547837.0
2023-06-15,601963.XSHG,7.16,7.09,7.21,7.07,5118290.0,36415507.0
2023-06-16,601963.XSHG,7.12,6.99,7.12,6.98,4586863.0,32253093.0
2023-06-19,601963.XSHG,7.0,6.85,7.01,6.84,5191759.0,35819831.0
2023-06-20,601963.XSHG,6.83,6.84,6.9,6.8,5700941.0,39012045.0
2023-06-21,601963.XSHG,6.84,6.78,6.85,6.77,3361221.0,22872561.0
2023-06-26,601963.XSHG,6.8,6.69,6.84,6.69,3550679.0,23938676.0
2023-06-27,601963.XSHG,6.67,6.7,6.74,6.63,2736218.0,18306585.0
2023-06-28,601963.XSHG,6.71,6.69,6.73,6.65,2247371.0,15038977.0
2023-06-29,601963.XSHG,6.71,6.7,6.75,6.68,2391529.0,16045057.0
2023-06-30,601963.XSHG,6.67,6.76,6.77,6.66,2196168.0,14807090.0
2023-07-03,601963.XSHG,6.77,6.79,6.82,6.73,3630194.0,24614103.0
2023-07-04,601963.XSHG,6.82,6.73,6.82,6.72,2326170.0,15722712.0
2023-07-05,601963.XSHG,6.74,6.69,6.75,6.67,2103229.0,14080181.0
2023-07-06,601963.XSHG,6.69,6.66,6.72,6.66,1729455.0,11550578.0
2023-07-07,601963.XSHG,6.67,6.76,6.77,6.66,2468176.0,16613695.0
2023-07-10,601963.XSHG,6.76,6.75,6.77,6.71,2013910.0,13586682.0
2023-07-11,601963.XSHG,6.75,6.79,6.81,6.73,2048265.0,13867064.0
2023-07-12,601963.XSHG,6.78,6.88,6.9,6.77,4099729.0,28146532.0
2023-07-13,601963.XSHG,6.87,6.91,6.93,6.87,2302102.0,15898786.0
2023-07-14,601963.XSHG,6.92,7.01,7.01,6.9,2816349.0,19607242.0
2023-07-17,601963.XSHG,7.02,7.04,7.07,6.97,2658008.0,18653516.0
2023-07-18,601963.XSHG,7.05,7.03,7.07,6.99,3142874.0,22052455.0
2023-07-19,601963.XSHG,7.04,7.12,7.13,7.04,6154777.0,43608894.0
2023-07-20,601963.XSHG,7.13,7.05,7.13,6.92,6219795.0,43716384.0
2023-07-21,601963.XSHG,7.05,7.06,7.09,7.01,2899843.0,20442704.0
2023-07-24,601963.XSHG,7.06,7.28,7.36,6.92,10484095.0,75960872.0
2023-07-25,601963.XSHG,7.35,7.29,7.37,7.28,4238596.0,30972831.0
2023-07-26,601963.XSHG,7.26,7.3,7.33,7.23,3340890.0,24361543.0
2023-07-27,601963.XSHG,7.3,7.3,7.35,7.28,3033406.0,22182085.0
2023-07-28,601963.XSHG,7.29,7.44,7.46,7.23,10548931.0,77954473.0
2023-07-31,601963.XSHG,7.46,7.42,7.47,7.36,6381267.0,47350311.0
2023-08-01,601963.XSHG,7.4,7.41,7.44,7.35,4840133.0,35845751.0
2023-08-02,601963.XSHG,7.39,7.35,7.4,7.31,3719259.0,27330659.0
2023-08-03,601963.XSHG,7.37,7.42,7.45,7.34,4645317.0,34371079.0
2023-08-04,601963.XSHG,7.46,7.47,7.55,7.39,8823666.0,65968713.0
2023-08-07,601963.XSHG,7.46,7.33,7.46,7.31,3759424.0,27604389.0
2023-08-08,601963.XSHG,7.35,7.32,7.41,7.29,3396169.0,24884080.0
2023-08-09,601963.XSHG,7.35,7.33,7.39,7.29,2657778.0,19476639.0
2023-08-10,601963.XSHG,7.34,7.32,7.37,7.29,2020219.0,14792013.0
2023-08-11,601963.XSHG,7.32,7.26,7.38,7.26,3257679.0,23798524.0
2023-08-14,601963.XSHG,7.2,7.09,7.22,7.04,8081277.0,57514712.0
2023-08-15,601963.XSHG,7.12,7.23,7.24,7.1,5845861.0,42005425.0
2023-08-16,601963.XSHG,7.19,7.24,7.26,7.15,2171801.0,15671278.0
2023-08-17,601963.XSHG,7.24,7.13,7.28,7.08,3575452.0,25519221.0
2023-08-18,601963.XSHG,7.13,7.15,7.26,7.13,3110717.0,22418517.0
2023-08-21,601963.XSHG,7.16,7.1,7.22,7.1,3216412.0,23000408.0
2023-08-22,601963.XSHG,7.2,7.21,7.35,7.15,5576159.0,40335200.0
2023-08-23,601963.XSHG,7.23,7.21,7.28,7.17,3712029.0,26813232.0
2023-08-24,601963.XSHG,7.17,7.12,7.22,7.1,3238158.0,23115323.0
2023-08-25,601963.XSHG,7.12,7.23,7.27,7.08,5222907.0,37700946.0
2023-08-28,601963.XSHG,7.62,7.3,7.62,7.28,7877884.0,58407628.0
2023-08-29,601963.XSHG,7.26,7.12,7.31,7.04,9959094.0,70995566.0
2023-08-30,601963.XSHG,7.09,7.0,7.11,7.0,5317099.0,37340896.0
2023-08-31,601963.XSHG,7.06,7.03,7.13,7.03,4926411.0,34799203.0
2023-09-01,601963.XSHG,7.03,7.16,7.27,7.03,7026607.0,50500700.0
2023-09-04,601963.XSHG,7.18,7.17,7.24,7.13,5156992.0,37017368.0
2023-09-05,601963.XSHG,7.14,7.06,7.15,7.03,4486433.0,31703753.0
2023-09-06,601963.XSHG,7.08,7.06,7.12,7.04,2761298.0,19529994.0
2023-09-07,601963.XSHG,7.08,7.13,7.19,7.06,5212892.0,37246313.0
2023-09-08,601963.XSHG,7.09,7.17,7.22,7.09,3626319.0,26060600.0
2023-09-11,601963.XSHG,7.16,7.18,7.25,7.15,2905887.0,20932595.0
2023-09-12,601963.XSHG,7.18,7.16,7.2,7.13,1396194.0,9988209.0
2023-09-13,601963.XSHG,7.16,7.25,7.26,7.16,4500252.0,32502370.0
2023-09-14,601963.XSHG,7.22,7.3,7.32,7.2,3704233.0,26985936.0
2023-09-15,601963.XSHG,7.34,7.3,7.38,7.28,4477771.0,32817890.0
2023-09-18,601963.XSHG,7.27,7.45,7.5,7.22,12400039.0,91752739.0
2023-09-19,601963.XSHG,7.47,7.48,7.49,7.4,6939700.0,51853826.0
2023-09-20,601963.XSHG,7.48,7.51,7.53,7.45,7257898.0,54532600.0
2023-09-21,601963.XSHG,7.53,7.45,7.55,7.37,5619644.0,41836599.0
2023-09-22,601963.XSHG,7.42,7.49,7.52,7.36,6345745.0,47291759.0
2023-09-25,601963.XSHG,7.47,7.53,7.54,7.4,5694126.0,42742367.0
2023-09-26,601963.XSHG,7.5,7.43,7.5,7.41,2803067.0,20889665.0
2023-09-27,601963.XSHG,7.47,7.34,7.51,7.31,4099173.0,30138435.0
2023-09-28,601963.XSHG,7.36,7.36,7.42,7.33,2718166.0,20009334.0
2023-10-09,601963.XSHG,7.3,7.38,7.39,7.2,4962207.0,36230887.0
2023-10-10,601963.XSHG,7.37,7.27,7.42,7.25,3965844.0,29002133.0
2023-10-11,601963.XSHG,7.27,7.27,7.32,7.23,3633125.0,26434243.0
2023-10-12,601963.XSHG,7.44,7.24,7.49,7.19,10512350.0,77118335.0
2023-10-13,601963.XSHG,7.16,7.3,7.32,7.15,4961907.0,36079852.0
2023-10-16,601963.XSHG,7.27,7.32,7.35,7.22,3739148.0,27247901.0
2023-10-17,601963.XSHG,7.33,7.4,7.43,7.32,5976498.0,44205553.0
2023-10-18,601963.XSHG,7.43,7.22,7.43,7.22,4000931.0,29218860.0
2023-10-19,601963.XSHG,7.22,7.18,7.24,7.08,5817353.0,41644093.0
2023-10-20,601963.XSHG,7.16,7.2,7.26,7.11,3363008.0,24221346.0
2023-10-23,601963.XSHG,7.19,7.07,7.2,7.06,3172800.0,22634267.0
2023-10-24,601963.XSHG,7.1,7.01,7.13,6.98,3481871.0,24475242.0
2023-10-25,601963.XSHG,7.03,7.01,7.08,6.98,3997643.0,28066617.0
2023-10-26,601963.XSHG,6.99,7.1,7.13,6.96,3939794.0,27794709.0
2023-10-27,601963.XSHG,7.03,7.12,7.2,7.03,3399168.0,24255993.0
2023-10-30,601963.XSHG,7.1,6.85,7.12,6.83,8731751.0,60317272.0
2023-10-31,601963.XSHG,6.84,6.83,6.89,6.78,5555519.0,37886777.0
2023-11-01,601963.XSHG,6.86,6.82,6.89,6.79,4175585.0,28477063.0
2023-11-02,601963.XSHG,6.83,6.83,6.86,6.78,4655139.0,31695137.0
2023-11-03,601963.XSHG,6.82,6.81,6.87,6.8,3390211.0,23155476.0
2023-11-06,601963.XSHG,6.83,6.82,6.85,6.79,5380113.0,36708756.0
2023-11-07,601963.XSHG,6.83,6.79,6.85,6.78,4941370.0,33610210.0
2023-11-08,601963.XSHG,6.78,6.67,6.78,6.64,6705484.0,44778971.0
2023-11-09,601963.XSHG,6.64,6.66,6.7,6.63,5482428.0,36543477.0
2023-11-10,601963.XSHG,6.66,6.58,6.67,6.55,4863169.0,32030147.0
2023-11-13,601963.XSHG,6.59,6.56,6.6,6.5,4205167.0,27477589.0
2023-11-14,601963.XSHG,6.57,6.6,6.61,6.55,3717279.0,24502043.0
2023-11-15,601963.XSHG,6.63,6.61,6.65,6.59,3671287.0,24266970.0
2023-11-16,601963.XSHG,6.61,6.61,6.64,6.59,3842915.0,25405649.0
2023-11-17,601963.XSHG,6.6,6.57,6.6,6.55,3905250.0,25676075.0
2023-11-20,601963.XSHG,6.56,6.56,6.58,6.51,3582593.0,23460959.0
2023-11-21,601963.XSHG,6.57,6.61,6.63,6.57,3923961.0,25923461.0
2023-11-22,601963.XSHG,6.59,6.6,6.62,6.59,3353818.0,22169702.0
2023-11-23,601963.XSHG,6.58,6.65,6.65,6.52,3147607.0,20811375.0
2023-11-24,601963.XSHG,6.65,6.64,6.67,6.61,4397630.0,29230468.0
2023-11-27,601963.XSHG,6.61,6.61,6.62,6.55,3848075.0,25328509.0
2023-11-28,601963.XSHG,6.62,6.58,6.62,6.52,4120484.0,27027614.0
2023-11-29,601963.XSHG,6.57,6.52,6.59,6.5,2860333.0,18672984.0
2023-11-30,601963.XSHG,6.52,6.52,6.55,6.49,2148775.0,14005582.0
2023-12-01,601963.XSHG,6.52,6.45,6.54,6.44,6254171.0,40583647.0
2023-12-04,601963.XSHG,6.45,6.45,6.49,6.44,4623322.0,29863659.0
2023-12-05,601963.XSHG,6.46,6.36,6.46,6.36,4679752.0,30014053.0
2023-12-06,601963.XSHG,6.37,6.36,6.42,6.32,4179496.0,26630330.0
2023-12-07,601963.XSHG,6.35,6.34,6.39,6.29,4374007.0,27688808.0
2023-12-08,601963.XSHG,6.37,6.38,6.46,6.33,7742396.0,49600981.0
2023-12-11,601963.XSHG,6.36,6.37,6.39,6.21,8356557.0,52584758.0
2023-12-12,601963.XSHG,6.4,6.38,6.4,6.31,5570145.0,35421541.0
2023-12-13,601963.XSHG,6.38,6.31,6.39,6.3,4111223.0,26118099.0
2023-12-14,601963.XSHG,6.35,6.29,6.36,6.28,3439099.0,21722679.0
2023-12-15,601963.XSHG,6.27,6.26,6.32,6.24,4128517.0,25913089.0
2023-12-18,601963.XSHG,6.25,6.22,6.27,6.19,3396333.0,21184274.0
2023-12-19,601963.XSHG,6.2,6.2,6.25,6.17,3362004.0,20851031.0
2023-12-20,601963.XSHG,6.19,6.18,6.24,6.18,2970283.0,18420789.0
2023-12-21,601963.XSHG,6.13,6.18,6.18,6.08,4139518.0,25449145.8
2023-12-22,601963.XSHG,6.18,6.2,6.23,6.16,4865701.0,30147398.6
2023-12-25,601963.XSHG,6.22,6.13,6.22,6.11,4231409.0,26000301.0
2023-12-26,601963.XSHG,6.12,6.09,6.16,6.07,3452696.0,21083810.28
2023-12-27,601963.XSHG,6.09,6.16,6.18,6.04,3815389.0,23292281.28
2023-12-28,601963.XSHG,6.15,6.24,6.26,6.14,4277801.0,26606373.0
2023-12-29,601963.XSHG,6.22,6.24,6.26,6.22,3468343.0,21650459.0
2024-01-02,601963.XSHG,6.27,6.22,6.29,6.22,4100166.0,25644269.2
2024-01-03,601963.XSHG,6.21,6.26,6.29,6.21,3971981.0,24875706.0
2024-01-04,601963.XSHG,6.24,6.27,6.28,6.2,2889664.0,18036448.27
2024-01-05,601963.XSHG,6.26,6.35,6.46,6.22,11087395.0,70675341.2
2024-01-08,601963.XSHG,6.29,6.15,6.29,6.12,12948712.0,80187413.16
2024-01-09,601963.XSHG,6.17,6.21,6.22,6.08,7868510.0,48381686.85
2024-01-10,601963.XSHG,6.18,6.18,6.23,6.16,4315132.0,26695296.87
2024-01-11,601963.XSHG,6.14,6.16,6.2,6.09,4107270.0,25293107.5
2024-01-12,601963.XSHG,6.14,6.25,6.34,6.14,5870025.0,36716085.0
2024-01-15,601963.XSHG,6.25,6.27,6.32,6.22,4758219.0,29844360.0
2024-01-16,601963.XSHG,6.26,6.4,6.4,6.25,9115231.0,57888879.72
2024-01-17,601963.XSHG,6.36,6.33,6.44,6.33,8917167.0,57056211.53
2024-01-18,601963.XSHG,6.32,6.28,6.35,6.12,9019690.0,56229944.0
2024-01-19,601963.XSHG,6.26,6.21,6.28,6.18,5618843.0,35007765.98
2024-01-22,601963.XSHG,6.21,5.98,6.26,5.93,8751442.0,53478145.84
2024-01-23,601963.XSHG,5.98,6.03,6.09,5.88,7509610.0,44967925.0
2024-01-24,601963.XSHG,6.07,6.19,6.19,5.98,7516974.0,45819120.0
2024-01-25,601963.XSHG,6.19,6.36,6.39,6.18,8523843.0,53894166.48
2024-01-26,601963.XSHG,6.42,6.61,7.0,6.41,33485009.0,225319636.19
2024-01-29,601963.XSHG,6.56,6.42,6.64,6.35,29435048.0,190949357.65
2024-01-30,601963.XSHG,6.33,6.27,6.42,6.27,16111849.0,102142737.0
2024-01-31,601963.XSHG,6.25,6.18,6.31,6.13,14709731.0,91576480.5
2024-02-01,601963.XSHG,6.18,6.23,6.31,6.13,12048045.0,75016492.23
2024-02-02,601963.XSHG,6.24,6.08,6.28,5.96,13117479.0,80823985.76
2024-02-05,601963.XSHG,6.03,6.03,6.13,5.9,16447504.0,98656106.23
2024-02-06,601963.XSHG,5.95,6.2,6.24,5.94,16052042.0,97845371.1
2024-02-07,601963.XSHG,6.2,6.34,6.34,6.14,17017301.0,106698185.15
2024-02-08,601963.XSHG,6.35,6.4,6.44,6.3,16244776.0,103705846.9
2024-02-19,601963.XSHG,6.4,6.42,6.45,6.32,12636931.0,80740779.73
2024-02-20,601963.XSHG,6.41,6.45,6.47,6.36,9595749.0,61728091.01
2024-02-21,601963.XSHG,6.44,6.57,6.7,6.4,14048401.0,92380830.54
2024-02-22,601963.XSHG,6.54,6.55,6.59,6.49,9375911.0,61276438.21
2024-02-23,601963.XSHG,6.57,6.6,6.66,6.52,8381873.0,55142733.94
2024-02-26,601963.XSHG,6.55,6.44,6.58,6.44,8806966.0,57213340.94
2024-02-27,601963.XSHG,6.41,6.47,6.47,6.39,5832770.0,37566107.11
2024-02-28,601963.XSHG,6.46,6.44,6.52,6.44,9653433.0,62659145.52
2024-02-29,601963.XSHG,6.4,6.5,6.5,6.4,7786861.0,50237787.79
2024-03-01,601963.XSHG,6.48,6.47,6.52,6.42,8267289.0,53308548.11
2024-03-04,601963.XSHG,6.45,6.39,6.45,6.37,5751891.0,36768717.45
2024-03-05,601963.XSHG,6.36,6.44,6.45,6.36,6260376.0,40159937.7
2024-03-06,601963.XSHG,6.42,6.39,6.44,6.39,5051217.0,32405870.44
2024-03-07,601963.XSHG,6.39,6.44,6.49,6.39,6641582.0,42780897.27
2024-03-08,601963.XSHG,6.43,6.5,6.51,6.42,4689809.0,30334759.14
2024-03-11,601963.XSHG,6.5,6.59,6.6,6.45,9546407.0,62347650.03
2024-03-12,601963.XSHG,6.57,6.51,6.57,6.48,5632647.0,36645781.55
2024-03-13,601963.XSHG,6.48,6.44,6.49,6.41,5203136.0,33486458.42
2024-03-14,601963.XSHG,6.42,6.42,6.46,6.39,4150774.0,26669434.57
2024-03-15,601963.XSHG,6.42,6.45,6.47,6.41,4866796.0,31384375.4
2024-03-18,601963.XSHG,6.45,6.49,6.5,6.43,4715010.0,30471983.98
2024-03-19,601963.XSHG,6.49,6.44,6.5,6.44,3090541.0,19985750.0
2024-03-20,601963.XSHG,6.46,6.52,6.52,6.43,4684531.0,30404736.81
2024-03-21,601963.XSHG,6.51,6.52,6.54,6.48,4023430.0,26219420.71
2024-03-22,601963.XSHG,6.53,6.45,6.54,6.43,4658072.0,30150257.75
2024-03-25,601963.XSHG,6.44,6.48,6.54,6.44,4663061.0,30285173.64
2024-03-26,601963.XSHG,6.49,6.57,6.58,6.48,8189533.0,53567208.87
2024-03-27,601963.XSHG,6.57,6.56,6.62,6.56,7760496.0,51178541.06
2024-03-28,601963.XSHG,6.54,6.6,6.61,6.45,10307851.0,67585482.79
2024-03-29,601963.XSHG,6.56,6.6,6.63,6.55,6272038.0,41329295.62
2024-04-01,601963.XSHG,6.58,6.64,6.64,6.57,7130222.0,47143864.11
2024-04-02,601963.XSHG,6.63,6.64,6.7,6.61,7963538.0,52932981.68
2024-04-03,601963.XSHG,6.65,6.75,6.76,6.62,11041582.0,74043125.16
2024-04-08,601963.XSHG,6.75,6.74,6.78,6.69,8928274.0,60256938.74
2024-04-09,601963.XSHG,6.74,6.8,6.83,6.72,8979175.0,60975649.53
2024-04-10,601963.XSHG,6.77,6.64,6.86,6.62,13375240.0,89787185.33
2024-04-11,601963.XSHG,6.61,6.66,6.7,6.59,7944668.0,52880585.06
2024-04-12,601963.XSHG,6.63,6.56,6.68,6.53,8292302.0,54720911.65
2024-04-15,601963.XSHG,6.55,6.61,6.67,6.51,10137959.0,67015859.55
2024-04-16,601963.XSHG,6.62,6.55,6.67,6.52,11761456.0,77719701.47
2024-04-17,601963.XSHG,6.54,6.67,6.69,6.51,13349389.0,88225525.13
2024-04-18,601963.XSHG,6.66,6.71,6.81,6.65,12510267.0,84127188.92
2024-04-19,601963.XSHG,6.72,6.7,6.78,6.66,8298867.0,55732854.24
2024-04-22,601963.XSHG,6.71,6.61,6.77,6.59,10080113.0,67073653.93
2024-04-23,601963.XSHG,6.62,6.53,6.63,6.52,8623706.0,56600712.92
2024-04-24,601963.XSHG,6.52,6.56,6.58,6.5,8226462.0,53756815.92
2024-04-25,601963.XSHG,6.54,6.63,6.64,6.52,7846447.0,51622292.0
2024-04-26,601963.XSHG,6.63,6.55,6.63,6.47,12441978.0,81199441.63
2024-04-29,601963.XSHG,6.55,6.71,6.72,6.52,16318922.0,108651925.41
2024-04-30,601963.XSHG,6.7,6.71,6.78,6.68,11537456.0,77565670.08
2024-05-06,601963.XSHG,6.74,6.74,6.79,6.7,10444760.0,70413250.6
2024-05-07,601963.XSHG,6.74,6.69,6.75,6.66,7890148.0,52761138.53
2024-05-08,601963.XSHG,6.66,6.62,6.7,6.61,8613165.0,57352117.4
2024-05-09,601963.XSHG,6.64,6.69,6.71,6.63,8629434.0,57668097.82
2024-05-10,601963.XSHG,6.7,6.75,6.78,6.68,11306052.0,76067933.47
2024-05-13,601963.XSHG,6.76,6.81,6.83,6.71,11362184.0,77107915.02
2024-05-14,601963.XSHG,6.85,6.81,6.88,6.8,9346015.0,63918909.06
2024-05-15,601963.XSHG,6.82,6.9,6.92,6.79,11414329.0,78512101.02
2024-05-16,601963.XSHG,6.91,6.97,7.03,6.88,14335195.0,99976535.1
2024-05-17,601963.XSHG,6.98,7.04,7.06,6.91,11191053.0,78191197.56
2024-05-20,601963.XSHG,7.04,7.01,7.08,6.96,11454532.0,80283385.68
2024-05-21,601963.XSHG,6.98,7.1,7.13,6.97,12136804.0,85685946.7
2024-05-22,601963.XSHG,7.1,7.22,7.3,7.09,14803766.0,106891603.26
2024-05-23,601963.XSHG,7.21,7.27,7.32,7.2,16621843.0,120675027.45
2024-05-24,601963.XSHG,7.24,7.21,7.36,7.17,11757770.0,85545041.69
2024-05-27,601963.XSHG,7.21,7.28,7.28,7.18,9848876.0,71264285.55
2024-05-28,601963.XSHG,7.26,7.15,7.3,7.13,9873292.0,70940900.02
2024-05-29,601963.XSHG,7.13,7.1,7.22,7.07,8875891.0,63325167.88
2024-05-30,601963.XSHG,7.08,6.99,7.13,6.96,10859993.0,76457600.36
2024-05-31,601963.XSHG,6.99,7.04,7.05,6.97,6976937.0,48914640.57
2024-06-03,601963.XSHG,7.04,6.94,7.09,6.9,14308712.0,99557181.06
2024-06-04,601963.XSHG,6.95,7.11,7.13,6.94,13146512.0,92714867.14
2024-06-05,601963.XSHG,7.07,6.97,7.11,6.96,10434144.0,73152180.2
2024-06-06,601963.XSHG,6.96,6.89,7.01,6.86,8722291.0,60309329.0
2024-06-07,601963.XSHG,6.88,6.95,6.96,6.85,7154831.0,49355001.83
2024-06-11,601963.XSHG,6.94,6.89,7.0,6.81,9100160.0,62496314.74
2024-06-12,601963.XSHG,6.86,6.91,6.95,6.81,9921449.0,68258465.51
2024-06-13,601963.XSHG,6.94,6.89,6.96,6.85,9144259.0,62958023.65
2024-06-14,601963.XSHG,6.86,6.8,6.9,6.75,14097058.0,96146251.08
2024-06-17,601963.XSHG,6.8,6.8,6.91,6.73,13114076.0,89578378.94
2024-06-18,601963.XSHG,6.8,6.83,6.89,6.77,5907805.0,40370822.5
2024-06-19,601963.XSHG,6.83,6.87,6.94,6.81,6468013.0,44481413.86
2024-06-20,601963.XSHG,6.86,6.79,6.89,6.77,7065023.0,48066864.63
2024-06-21,601963.XSHG,6.81,6.83,6.88,6.77,6084888.0,41599103.86
2024-06-24,601963.XSHG,6.83,6.7,6.85,6.7,7176901.0,48424147.0
2024-06-25,601963.XSHG,6.68,6.77,6.78,6.68,6704058.0,45253012.53
2024-06-26,601963.XSHG,6.74,6.75,6.79,6.7,7543674.0,50831788.2
2024-06-27,601963.XSHG,6.75,6.82,6.87,6.74,7568303.0,51504062.09
2024-06-28,601963.XSHG,6.84,6.95,7.0,6.77,9809212.0,67839704.55
2024-07-01,601963.XSHG,6.92,7.08,7.09,6.9,10645557.0,74793730.47
2024-07-02,601963.XSHG,7.07,7.2,7.21,7.05,10585182.0,75725112.33
2024-07-03,601963.XSHG,7.16,7.13,7.24,7.1,8776292.0,62826818.0
2024-07-04,601963.XSHG,7.13,7.03,7.16,6.99,6692793.0,47299468.1
2024-07-05,601963.XSHG,7.04,6.9,7.04,6.84,7210892.0,49919371.37
2024-07-08,601963.XSHG,6.9,6.84,6.96,6.79,6759173.0,46340752.0
2024-07-09,601963.XSHG,6.78,6.93,6.95,6.78,9973305.0,68431442.57
2024-07-10,601963.XSHG,6.91,6.87,6.97,6.84,8224009.0,56596994.0
2024-07-11,601963.XSHG,6.89,6.81,6.94,6.78,9533151.0,65120479.8
2024-07-12,601963.XSHG,6.81,6.98,7.0,6.79,12298615.0,85329818.65
2024-07-15,601963.XSHG,6.99,7.01,7.03,6.93,10019758.0,69966730.68
2024-07-16,601963.XSHG,7.04,7.02,7.13,6.96,14350395.0,100985044.35
2024-07-17,601963.XSHG,7.02,7.11,7.11,7.0,14115444.0,99779214.41
2024-07-18,601963.XSHG,7.09,7.22,7.22,7.06,25131940.0,179513985.47
2024-07-19,601963.XSHG,7.16,6.98,7.16,6.91,24498248.0,170658540.77
2024-07-22,601963.XSHG,6.94,6.81,6.94,6.78,13567869.0,92613973.38
2024-07-23,601963.XSHG,6.8,6.89,6.99,6.78,16927915.0,117389012.15
2024-07-24,601963.XSHG,6.88,7.03,7.05,6.88,14233035.0,99365031.15
2024-07-25,601963.XSHG,7.04,6.94,7.05,6.86,8371660.0,58106241.0
2024-07-26,601963.XSHG,6.91,6.88,6.96,6.81,8618483.0,59072670.56
2024-07-29,601963.XSHG,6.88,6.9,6.93,6.78,7670869.0,52617668.59
2024-07-30,601963.XSHG,6.89,6.84,6.92,6.8,7313635.0,50006154.74
2024-07-31,601963.XSHG,6.82,6.88,6.88,6.81,10745757.0,73547223.18
2024-08-01,601963.XSHG,6.85,6.84,6.92,6.83,8372624.0,57462789.4
2024-08-02,601963.XSHG,6.84,6.78,6.85,6.76,8776064.0,59658289.9
2024-08-05,601963.XSHG,6.78,6.64,6.8,6.63,10894416.0,73101288.7
2024-08-06,601963.XSHG,6.68,6.59,6.71,6.54,7512186.0,49611291.02
2024-08-07,601963.XSHG,6.58,6.55,6.62,6.54,5380895.0,35330805.0
2024-08-08,601963.XSHG,6.54,6.54,6.57,6.49,5288862.0,34505837.98
2024-08-09,601963.XSHG,6.54,6.54,6.61,6.54,5434590.0,35717088.0
2024-08-12,601963.XSHG,6.56,6.47,6.56,6.46,4565657.0,29652879.0
2024-08-13,601963.XSHG,6.48,6.51,6.54,6.46,5070263.0,32928014.13
2024-08-14,601963.XSHG,6.49,6.51,6.56,6.49,4553692.0,29664098.0
2024-08-15,601963.XSHG,6.49,6.55,6.57,6.48,5646086.0,36936794.92
2024-08-16,601963.XSHG,6.55,6.59,6.61,6.54,5896721.0,38829274.92
2024-08-19,601963.XSHG,6.6,6.74,6.74,6.59,10100233.0,67541048.68
2024-08-20,601963.XSHG,6.75,6.7,6.79,6.67,8476279.0,56923305.0
2024-08-21,601963.XSHG,6.69,6.6,6.7,6.6,5401553.0,35831441.0
2024-08-22,601963.XSHG,6.62,6.67,6.69,6.6,5990446.0,39946180.22
2024-08-23,601963.XSHG,6.67,6.67,6.71,6.61,5281014.0,35104218.64
2024-08-26,601963.XSHG,6.68,6.7,6.7,6.61,5792498.0,38598013.0
2024-08-27,601963.XSHG,6.68,6.74,6.75,6.67,6392153.0,42989239.0
2024-08-28,601963.XSHG,6.73,6.69,6.74,6.62,6443857.0,43048485.25
2024-08-29,601963.XSHG,6.65,6.48,6.69,6.47,10156426.0,66382617.08
2024-08-30,601963.XSHG,6.45,6.43,6.53,6.4,8592259.0,55526793.68
2024-09-02,601963.XSHG,6.42,6.38,6.51,6.38,10278950.0,66185680.0
2024-09-03,601963.XSHG,6.4,6.38,6.42,6.3,7984526.0,50771176.0
2024-09-04,601963.XSHG,6.35,6.37,6.4,6.34,4933259.0,31433263.88
2024-09-05,601963.XSHG,6.36,6.44,6.46,6.35,5716690.0,36629324.0
2024-09-06,601963.XSHG,6.44,6.4,6.49,6.4,4732328.0,30514670.0
2024-09-09,601963.XSHG,6.38,6.31,6.41,6.31,4976329.0,31520648.3
2024-09-10,601963.XSHG,6.31,6.33,6.35,6.26,4923460.0,31014607.67
2024-09-11,601963.XSHG,6.32,6.25,6.34,6.21,4791305.0,29956883.68
2024-09-12,601963.XSHG,6.23,6.25,6.3,6.21,3571154.0,22346253.38
2024-09-13,601963.XSHG,6.25,6.26,6.33,6.25,4261475.0,26770745.98
2024-09-18,601963.XSHG,6.25,6.26,6.29,6.17,4336829.0,26989452.0
2024-09-19,601963.XSHG,6.25,6.36,6.37,6.23,5716893.0,36132060.0
2024-09-20,601963.XSHG,6.37,6.36,6.39,6.33,5689256.0,36200552.0
2024-09-23,601963.XSHG,6.37,6.54,6.56,6.36,8007776.0,51997209.1
2024-09-24,601963.XSHG,6.54,6.79,6.79,6.54,12210958.0,81793217.2
2024-09-25,601963.XSHG,6.85,6.94,6.99,6.83,14831469.0,102711942.64
2024-09-26,601963.XSHG,6.92,7.22,7.23,6.88,15828251.0,111745165.13
2024-09-27,601963.XSHG,7.28,7.23,7.42,7.17,9389203.0,68215756.24
2024-09-30,601963.XSHG,7.39,7.65,7.74,7.24,32119330.0,241297523.02
2024-10-08,601963.XSHG,8.4,7.86,8.4,7.56,37170871.0,292676892.4
2024-10-09,601963.XSHG,7.68,7.22,7.73,7.2,20723623.0,154279305.49
2024-10-10,601963.XSHG,7.37,7.39,7.56,7.22,18741555.0,139022961.82
2024-10-11,601963.XSHG,7.39,7.34,7.51,7.3,16690446.0,123101042.82
2024-10-14,601963.XSHG,7.45,7.86,7.95,7.44,34872022.0,270713133.61
2024-10-15,601963.XSHG,7.75,7.95,8.33,7.72,44439296.0,359623073.44
2024-10-16,601963.XSHG,7.84,8.61,8.68,7.83,63209442.0,535979691.59
2024-10-17,601963.XSHG,8.5,8.27,8.55,8.19,41466733.0,345834000.22
2024-10-18,601963.XSHG,8.21,8.29,8.4,8.16,36292048.0,299939011.7
2024-10-21,601963.XSHG,8.19,8.16,8.19,7.94,26934216.0,216943414.47
2024-10-22,601963.XSHG,8.09,8.23,8.25,8.06,16616583.0,135567139.78
2024-10-23,601963.XSHG,8.17,8.23,8.43,8.15,18614544.0,153792115.74
2024-10-24,601963.XSHG,8.15,8.16,8.27,8.09,11388677.0,92982237.38
2024-10-25,601963.XSHG,8.13,7.98,8.17,7.93,16696221.0,133678409.74
2024-10-28,601963.XSHG,7.98,8.05,8.1,7.87,15964856.0,127931352.68
2024-10-29,601963.XSHG,8.04,8.08,8.25,8.01,16982476.0,138005821.34
2024-10-30,601963.XSHG,8.1,8.03,8.27,7.97,12778564.0,103295918.64
2024-10-31,601963.XSHG,8.06,8.0,8.11,7.8,20406765.0,162409635.8
2024-11-01,601963.XSHG,8.01,8.28,8.54,7.98,30660461.0,253802418.01
2024-11-04,601963.XSHG,8.28,8.44,8.46,8.09,19514429.0,162373537.85
2024-11-05,601963.XSHG,8.4,8.69,8.81,8.37,28529962.0,245836698.12
2024-11-06,601963.XSHG,8.78,8.62,8.8,8.48,21753536.0,187044758.55
2024-11-07,601963.XSHG,8.52,9.08,9.14,8.52,29678852.0,262885994.44
2024-11-08,601963.XSHG,9.14,8.92,9.21,8.84,18377614.0,164541618.63
2024-11-11,601963.XSHG,8.88,8.58,9.15,8.5,26164824.0,226537129.25
2024-11-12,601963.XSHG,8.6,8.47,8.6,8.4,18891644.0,160474647.9
2024-11-13,601963.XSHG,8.43,8.6,8.75,8.41,19530115.0,168028995.24
2024-11-14,601963.XSHG,8.57,8.88,9.02,8.51,26888516.0,237647574.84
2024-11-15,601963.XSHG,8.78,8.8,8.94,8.65,19071628.0,168296471.0
2024-11-18,601963.XSHG,8.92,8.92,9.44,8.8,46292808.0,421368654.39
2024-11-19,601963.XSHG,8.84,8.81,8.96,8.62,23064254.0,203092818.43
2024-11-20,601963.XSHG,8.75,8.75,8.84,8.68,11886501.0,103860497.29
2024-11-21,601963.XSHG,8.72,8.83,8.83,8.63,11478841.0,100412489.62
2024-11-22,601963.XSHG,8.8,8.51,8.86,8.48,12016816.0,103867728.0
2024-11-25,601963.XSHG,8.51,8.6,8.69,8.46,9511330.0,81666287.78
2024-11-26,601963.XSHG,8.6,8.54,8.61,8.46,9010064.0,76866773.43
2024-11-27,601963.XSHG,8.51,8.56,8.57,8.32,9888596.0,83733354.64
2024-11-28,601963.XSHG,8.56,8.39,8.56,8.22,20090598.0,167811411.07
2024-11-29,601963.XSHG,8.35,8.37,8.52,8.32,17246177.0,145050948.84
2024-12-02,601963.XSHG,8.36,8.35,8.42,8.27,19812651.0,164941096.47
2024-12-03,601963.XSHG,8.35,8.66,8.67,8.33,22853807.0,194984024.48
2024-12-04,601963.XSHG,8.56,8.89,8.99,8.5,26862108.0,237495629.62
2024-12-05,601963.XSHG,8.89,8.86,9.05,8.78,18410011.0,164203543.38
2024-12-06,601963.XSHG,8.79,8.84,8.95,8.75,14765415.0,130433298.2
2024-12-09,601963.XSHG,8.83,8.88,8.95,8.69,12602867.0,111714267.42
2024-12-10,601963.XSHG,9.02,8.8,9.03,8.72,20705078.0,182799565.65
2024-12-11,601963.XSHG,8.8,8.87,8.91,8.74,18666451.0,165090526.06
2024-12-12,601963.XSHG,8.88,9.03,9.11,8.84,28250451.0,254578115.38
2024-12-13,601963.XSHG,9.02,8.76,9.08,8.74,37875200.0,336520893.15
2024-12-16,601963.XSHG,8.78,9.01,9.11,8.74,24098155.0,217311005.51
2024-12-17,601963.XSHG,9.01,9.07,9.15,8.97,18920137.0,171866573.78
2024-12-18,601963.XSHG,9.08,9.04,9.24,9.02,14813645.0,134998953.53
2024-12-19,601963.XSHG,8.98,8.9,9.05,8.86,10065482.0,89895450.1
2024-12-20,601963.XSHG,8.91,8.84,8.95,8.82,8326233.0,73940645.0
2024-12-23,601963.XSHG,8.82,8.85,9.0,8.82,10825115.0,96328293.3
2024-12-24,601963.XSHG,8.83,8.91,8.92,8.8,9221896.0,81801513.91
2024-12-25,601963.XSHG,8.91,9.02,9.04,8.89,11715529.0,105364476.58
2024-12-26,601963.XSHG,9.02,8.87,9.05,8.86,12705817.0,113235593.96
2024-12-27,601963.XSHG,8.88,8.84,8.9,8.72,13370258.0,117799659.07
2024-12-30,601963.XSHG,8.84,8.89,8.91,8.8,12543607.0,111239439.04
2024-12-31,601963.XSHG,8.89,8.76,8.97,8.76,12378204.0,109661029.05
2025-01-02,601963.XSHG,8.75,8.61,8.86,8.57,12887964.0,112553148.08
2025-01-03,601963.XSHG,8.66,8.57,8.75,8.54,12494336.0,107504957.22
2025-01-06,601963.XSHG,8.55,8.67,8.7,8.48,12413873.0,106728693.72
2025-01-07,601963.XSHG,8.64,8.8,8.83,8.59,7595367.0,66350200.58
2025-01-08,601963.XSHG,8.77,8.77,8.87,8.66,8493891.0,74359181.6
2025-01-09,601963.XSHG,8.74,8.57,8.74,8.57,7802157.0,67356776.16
2025-01-10,601963.XSHG,8.57,8.43,8.61,8.41,8651383.0,73356171.2
2025-01-13,601963.XSHG,8.4,8.24,8.4,8.16,9850858.0,81277089.4
2025-01-14,601963.XSHG,8.27,8.43,8.46,8.25,7363717.0,61791340.58
2025-01-15,601963.XSHG,8.41,8.41,8.61,8.37,9089615.0,77043325.66
2025-01-16,601963.XSHG,8.47,8.48,8.53,8.41,9402056.0,79650446.59
2025-01-17,601963.XSHG,8.48,8.44,8.5,8.39,6768588.0,57055633.8
2025-01-20,601963.XSHG,8.47,8.38,8.56,8.37,9698288.0,82011741.52
2025-01-21,601963.XSHG,8.48,8.48,8.5,8.34,6796250.0,57462913.4
2025-01-22,601963.XSHG,8.46,8.23,8.5,8.2,11584750.0,95934467.33
2025-01-23,601963.XSHG,8.27,8.43,8.49,8.27,11061869.0,93062611.47
2025-01-24,601963.XSHG,8.42,8.48,8.52,8.36,9379649.0,79213570.98
2025-01-27,601963.XSHG,8.5,8.69,8.74,8.49,9690908.0,84080565.15
2025-02-05,601963.XSHG,8.72,8.62,8.76,8.59,9864101.0,85632713.68
2025-02-06,601963.XSHG,8.62,8.7,8.79,8.55,8808682.0,76171853.73
2025-02-07,601963.XSHG,8.68,8.66,8.71,8.6,8445175.0,73267361.7
2025-02-10,601963.XSHG,8.66,8.46,8.71,8.45,14449012.0,123452202.87
2025-02-11,601963.XSHG,8.49,8.62,8.64,8.45,12191605.0,104594631.76
2025-02-12,601963.XSHG,8.63,8.64,8.68,8.59,7107321.0,61378320.58
2025-02-13,601963.XSHG,8.65,8.66,8.73,8.63,7618730.0,66134572.36
2025-02-14,601963.XSHG,8.73,8.64,8.73,8.57,6538760.0,56464930.1
2025-02-17,601963.XSHG,8.64,8.53,8.66,8.5,9185549.0,78459212.68
2025-02-18,601963.XSHG,8.53,8.7,8.74,8.52,12744796.0,110539695.7
2025-02-19,601963.XSHG,8.69,8.59,8.7,8.55,10076348.0,86670064.37
2025-02-20,601963.XSHG,8.59,8.55,8.63,8.53,6699346.0,57307139.42
2025-02-21,601963.XSHG,8.56,8.41,8.58,8.34,14789921.0,124342651.19
2025-02-24,601963.XSHG,8.38,8.32,8.41,8.28,8320603.0,69348208.37
2025-02-25,601963.XSHG,8.31,8.25,8.34,8.24,6450859.0,53399733.57
2025-02-26,601963.XSHG,8.25,8.28,8.36,8.25,6272225.0,52012517.82
2025-02-27,601963.XSHG,8.29,8.33,8.34,8.25,8143017.0,67660588.92
2025-02-28,601963.XSHG,8.31,8.36,8.39,8.3,9220328.0,76975600.88
2025-03-03,601963.XSHG,8.33,8.29,8.41,8.26,9391347.0,78009471.88
2025-03-04,601963.XSHG,8.25,8.33,8.38,8.25,6032783.0,50270585.8
2025-03-05,601963.XSHG,8.35,8.46,8.49,8.29,9877570.0,83246911.06
2025-03-06,601963.XSHG,8.45,8.38,8.49,8.33,7920316.0,66387547.26
2025-03-07,601963.XSHG,8.36,8.29,8.39,8.27,11056738.0,91783975.81
2025-03-10,601963.XSHG,8.29,8.26,8.3,8.22,6996869.0,57674910.22
2025-03-11,601963.XSHG,8.22,8.29,8.31,8.21,5228638.0,43192438.49
2025-03-12,601963.XSHG,8.28,8.27,8.32,8.24,5603411.0,46449168.87
2025-03-13,601963.XSHG,8.27,8.3,8.32,8.25,5696431.0,47193557.07
2025-03-14,601963.XSHG,8.28,8.38,8.39,8.28,8891261.0,74377078.23
2025-03-17,601963.XSHG,8.39,8.42,8.45,8.35,7632573.0,64240462.31
2025-03-18,601963.XSHG,8.4,8.5,8.52,8.38,9228203.0,78108360.39
2025-03-19,601963.XSHG,8.5,8.78,8.8,8.47,18159334.0,157217085.18
2025-03-20,601963.XSHG,8.79,8.95,9.24,8.79,23248390.0,209456069.39
2025-03-21,601963.XSHG,9.0,9.1,9.15,8.94,16427033.0,149115013.87
2025-03-24,601963.XSHG,9.1,9.31,9.38,9.04,21892084.0,202826056.95
2025-03-25,601963.XSHG,9.31,9.29,9.4,9.16,14660530.0,135772171.22
2025-03-26,601963.XSHG,9.24,9.26,9.3,9.16,9790220.0,90438624.63
2025-03-27,601963.XSHG,9.26,9.4,9.45,9.23,12574127.0,117955896.02
2025-03-28,601963.XSHG,9.38,9.24,9.42,9.16,12117166.0,112060927.15
2025-03-31,601963.XSHG,9.33,9.35,9.44,9.25,11148757.0,104428085.43
2025-04-01,601963.XSHG,9.35,9.16,9.39,9.09,13625206.0,124986118.03
2025-04-02,601963.XSHG,9.16,9.18,9.25,9.14,6397814.0,58774364.75
2025-04-03,601963.XSHG,9.16,9.36,9.39,9.1,10765691.0,99721783.37
2025-04-07,601963.XSHG,9.11,8.82,9.48,8.57,18847117.0,170466903.02
2025-04-08,601963.XSHG,8.82,9.12,9.24,8.81,17279842.0,157017244.42
2025-04-09,601963.XSHG,9.14,9.05,9.14,8.89,13866710.0,124907445.95
2025-04-10,601963.XSHG,9.06,9.1,9.17,9.03,8670007.0,78893060.21
2025-04-11,601963.XSHG,9.07,8.98,9.09,8.93,6765268.0,60857196.72
2025-04-14,601963.XSHG,9.03,9.25,9.3,8.95,10959647.0,100518025.22
2025-04-15,601963.XSHG,9.26,9.51,9.51,9.23,11913073.0,111974969.43
2025-04-16,601963.XSHG,9.48,9.64,9.68,9.29,13266509.0,126998069.42
2025-04-17,601963.XSHG,9.58,9.66,9.71,9.5,9956149.0,95808983.11
2025-04-18,601963.XSHG,9.68,9.77,9.96,9.62,16217213.0,158486698.97
2025-04-21,601963.XSHG,9.65,9.66,9.91,9.63,10995866.0,107036516.05
2025-04-22,601963.XSHG,9.63,9.94,10.01,9.63,13841695.0,136946786.88
2025-04-23,601963.XSHG,9.94,9.85,10.06,9.82,9437842.0,93516283.07
2025-04-24,601963.XSHG,9.87,9.95,10.05,9.85,8089867.0,80420113.04
2025-04-25,601963.XSHG,10.0,9.88,10.02,9.84,6782341.0,67082525.93
2025-04-28,601963.XSHG,9.96,10.34,10.63,9.88,22871533.0,236492843.98
2025-04-29,601963.XSHG,10.24,10.33,10.57,10.24,12768491.0,132365001.87
2025-04-30,601963.XSHG,10.33,10.3,10.44,10.2,15265468.0,157333230.6
2025-05-06,601963.XSHG,10.27,10.07,10.3,9.92,14698062.0,147859128.51
2025-05-07,601963.XSHG,10.11,10.13,10.18,10.03,11556298.0,116799219.62
2025-05-08,601963.XSHG,10.06,10.36,10.45,9.97,16485707.0,168019774.94
2025-05-09,601963.XSHG,10.35,10.59,10.84,10.35,16797161.0,178150724.07
2025-05-12,601963.XSHG,10.56,10.7,10.71,10.29,15590141.0,164426769.09
2025-05-13,601963.XSHG,10.6,11.17,11.17,10.47,24157004.0,263864051.36
2025-05-14,601963.XSHG,11.05,10.97,11.19,10.95,20468381.0,225911193.68
2025-05-15,601963.XSHG,10.93,10.97,11.19,10.93,16567133.0,183207788.58
2025-05-16,601963.XSHG,10.96,10.84,11.07,10.7,20627731.0,223155423.46
2025-05-19,601963.XSHG,10.83,11.01,11.11,10.79,15388116.0,169165489.51
2025-05-20,601963.XSHG,11.02,10.93,11.17,10.88,11837870.0,130056714.72
2025-05-21,601963.XSHG,10.93,11.1,11.13,10.88,14414885.0,158956435.07
2025-05-22,601963.XSHG,11.1,11.25,11.27,11.05,13779985.0,154135189.24
2025-05-23,601963.XSHG,11.26,11.11,11.31,11.03,15792034.0,176061046.92
2025-05-26,601963.XSHG,11.03,10.8,11.16,10.71,24443963.0,265127142.45
2025-05-27,601963.XSHG,10.78,10.79,10.95,10.74,15274827.0,165264750.09
2025-05-28,601963.XSHG,10.76,10.88,10.91,10.53,20655564.0,220985688.23
2025-05-29,601963.XSHG,10.81,10.71,10.91,10.66,15342128.0,165423768.45
2025-05-30,601963.XSHG,10.72,10.77,10.85,10.7,14072101.0,151620701.97
2025-06-03,601963.XSHG,10.71,10.94,10.99,10.7,15410880.0,167869827.57
2025-06-04,601963.XSHG,10.97,11.0,11.06,10.86,13568179.0,148530027.72
2025-06-05,601963.XSHG,10.97,11.01,11.17,10.94,15007712.0,165352382.89
2025-06-06,601963.XSHG,11.02,10.92,11.2,10.9,11469825.0,126086349.86
2025-06-09,601963.XSHG,10.95,10.95,10.99,10.72,12266797.0,132921815.73
2025-06-10,601963.XSHG,10.95,11.01,11.11,10.91,14607528.0,160817590.14
2025-06-11,601963.XSHG,11.0,11.02,11.06,10.88,10406295.0,114259290.76
2025-06-12,601963.XSHG,11.03,11.14,11.18,11.03,9053433.0,100776157.18
2025-06-13,601963.XSHG,11.13,10.94,11.2,10.91,11876462.0,130672656.59
2025-06-16,601963.XSHG,10.94,11.02,11.02,10.85,8052193.0,88145731.78
2025-06-17,601963.XSHG,11.01,10.87,11.08,10.78,10858083.0,118174044.94
2025-06-18,601963.XSHG,10.78,10.89,10.92,10.78,9926078.0,107789414.22
2025-06-19,601963.XSHG,10.89,10.9,10.98,10.78,9250275.0,100339347.04
2025-06-20,601963.XSHG,10.9,11.0,11.05,10.82,10151654.0,111327679.3
2025-06-23,601963.XSHG,10.98,11.01,11.06,10.81,9131741.0,100132985.1
2025-06-24,601963.XSHG,11.0,10.91,11.0,10.81,12957994.0,141133409.56
2025-06-25,601963.XSHG,10.86,10.98,11.0,10.83,12062334.0,131856138.33
2025-06-26,601963.XSHG,10.97,11.33,11.41,10.88,17731319.0,198090157.35
2025-06-27,601963.XSHG,11.26,10.84,11.35,10.81,26423994.0,290931070.48
2025-06-30,601963.XSHG,10.75,10.69,10.81,10.45,15463153.0,165268133.15
2025-07-01,601963.XSHG,10.73,10.94,10.95,10.68,17109454.0,185604458.75
2025-07-02,601963.XSHG,10.9,10.97,11.17,10.9,16070531.0,177042851.62
2025-07-03,601963.XSHG,10.98,11.05,11.06,10.89,11416580.0,125514091.74
2025-07-04,601963.XSHG,11.03,11.23,11.29,11.0,15124340.0,169270202.88
2025-07-07,601963.XSHG,11.23,11.24,11.32,11.08,11774017.0,131764041.7
2025-07-08,601963.XSHG,11.22,11.12,11.29,11.08,11457569.0,127693158.04
2025-07-09,601963.XSHG,11.12,11.1,11.21,11.03,14828691.0,164545718.34
2025-07-10,601963.XSHG,11.1,11.09,11.15,11.03,12090864.0,134235108.0
2025-07-11,601963.XSHG,11.13,10.89,11.17,10.88,19565663.0,215398448.18
2025-07-14,601963.XSHG,10.85,10.91,11.04,10.83,12037506.0,131635124.55
2025-07-15,601963.XSHG,10.93,10.83,11.01,10.8,9054287.0,98460200.77
2025-07-16,601963.XSHG,10.83,10.7,10.85,10.54,14035292.0,149505456.01
2025-07-17,601963.XSHG,10.76,10.59,10.77,10.53,10873937.0,115424466.62
2025-07-18,601963.XSHG,10.59,10.61,10.63,10.49,10257436.0,108464178.64
2025-07-21,601963.XSHG,10.58,10.5,10.6,10.46,12257529.0,128748845.41
2025-07-22,601963.XSHG,10.49,10.33,10.51,10.2,16618603.0,171707993.75
2025-07-23,601963.XSHG,10.33,10.33,10.46,10.3,13868998.0,143874673.0
2025-07-24,601963.XSHG,10.31,10.13,10.31,10.07,16005233.0,162799321.61
2025-07-25,601963.XSHG,10.13,10.13,10.25,10.09,13608622.0,138006844.03
2025-07-28,601963.XSHG,10.13,10.15,10.23,10.12,12042185.0,122560800.16
2025-07-29,601963.XSHG,10.15,9.98,10.21,9.95,13071437.0,131339600.64
2025-07-30,601963.XSHG,9.98,10.01,10.08,9.94,12582572.0,126061111.3
2025-07-31,601963.XSHG,10.0,9.95,10.01,9.83,13403371.0,132626065.78
2025-08-01,601963.XSHG,9.96,9.85,9.99,9.79,11703942.0,115459123.06
2025-08-04,601963.XSHG,9.81,10.04,10.07,9.81,15645031.0,156526163.83
2025-08-05,601963.XSHG,10.04,10.22,10.23,10.0,13824281.0,140166715.26
2025-08-06,601963.XSHG,10.23,10.17,10.28,10.1,9570005.0,97311495.22
2025-08-07,601963.XSHG,10.19,10.32,10.34,10.11,14425453.0,147816002.74
2025-08-08,601963.XSHG,10.32,10.2,10.38,10.19,10950879.0,112478142.8
2025-08-11,601963.XSHG,10.2,10.05,10.21,10.02,11972625.0,120584454.2
2025-08-12,601963.XSHG,9.97,10.11,10.18,9.97,9200117.0,93066365.47
2025-08-13,601963.XSHG,10.1,9.98,10.15,9.96,9861937.0,98977234.97
2025-08-14,601963.XSHG,9.95,9.93,10.05,9.92,10529245.0,104908112.29
2025-08-15,601963.XSHG,9.93,9.83,9.97,9.69,13946420.0,136313715.33
2025-08-18,601963.XSHG,9.83,9.76,9.88,9.75,14334121.0,140518361.25
2025-08-19,601963.XSHG,9.77,9.72,9.81,9.69,12319039.0,119644704.52
2025-08-20,601963.XSHG,9.72,9.79,9.85,9.65,14077428.0,137801491.33
2025-08-21,601963.XSHG,9.79,9.91,9.91,9.75,13376093.0,131911747.75
2025-08-22,601963.XSHG,9.91,9.79,9.93,9.73,14280694.0,139508861.12
2025-08-25,601963.XSHG,9.79,9.76,9.81,9.67,18104570.0,176389285.48
2025-08-26,601963.XSHG,9.75,9.72,9.78,9.7,11875483.0,115462274.49
2025-08-27,601963.XSHG,9.71,9.7,9.79,9.67,16783035.0,163386438.75
2025-08-28,601963.XSHG,9.67,9.68,9.7,9.56,14191746.0,136651661.11
2025-08-29,601963.XSHG,9.65,9.69,9.82,9.63,15447001.0,150317210.77
2025-09-01,601963.XSHG,9.65,9.55,9.68,9.53,13917318.0,133410834.48
2025-09-02,601963.XSHG,9.55,9.7,9.7,9.53,14071210.0,135526671.62
2025-09-03,601963.XSHG,9.7,9.53,9.71,9.51,11600584.0,110978556.24
2025-09-04,601963.XSHG,9.49,9.58,9.59,9.36,12158725.0,115467237.2
2025-09-05,601963.XSHG,9.56,9.45,9.57,9.41,10907331.0,103110817.36
2025-09-08,601963.XSHG,9.37,9.44,9.49,9.37,8635678.0,81481966.0
2025-09-09,601963.XSHG,9.44,9.51,9.52,9.41,8747272.0,82744541.5
2025-09-10,601963.XSHG,9.51,9.55,9.59,9.45,9305724.0,88630980.15
2025-09-11,601963.XSHG,9.54,9.5,9.59,9.4,12669885.0,119857836.85
2025-09-12,601963.XSHG,9.49,9.43,9.55,9.42,12061911.0,114260578.1
2025-09-15,601963.XSHG,9.41,9.27,9.44,9.25,12492669.0,116580731.35
2025-09-16,601963.XSHG,9.26,9.23,9.32,9.2,9315457.0,86197157.71
2025-09-17,601963.XSHG,9.23,9.12,9.28,9.11,14325507.0,131245722.39
2025-09-18,601963.XSHG,9.13,8.92,9.16,8.91,15503818.0,139801356.74
2025-09-19,601963.XSHG,8.92,8.94,8.98,8.85,11707553.0,104426909.79
2025-09-22,601963.XSHG,8.94,8.93,9.0,8.87,10337518.0,92348079.53
2025-09-23,601963.XSHG,8.89,9.02,9.06,8.84,18686840.0,167827201.08
2025-09-24,601963.XSHG,9.03,8.95,9.07,8.94,11555638.0,103827095.75
2025-09-25,601963.XSHG,8.94,8.8,8.94,8.74,17339933.0,152601923.74
2025-09-26,601963.XSHG,8.8,8.86,8.87,8.69,10812999.0,95134261.42
2025-09-29,601963.XSHG,8.89,8.87,8.91,8.74,14898246.0,131411958.88
2025-09-30,601963.XSHG,8.83,8.79,8.86,8.76,10131595.0,89151577.97
2025-10-09,601963.XSHG,8.74,8.77,8.8,8.7,10838001.0,94802319.33
2025-10-10,601963.XSHG,8.77,8.88,8.93,8.76,11848213.0,105157781.95
2025-10-13,601963.XSHG,8.84,9.13,9.18,8.78,24232176.0,218646711.14
2025-10-14,601963.XSHG,9.07,9.75,9.77,9.06,49402681.0,470642971.99
2025-10-15,601963.XSHG,9.75,9.91,10.17,9.56,46314198.0,460905061.7
2025-10-16,601963.XSHG,9.81,10.19,10.27,9.75,35227629.0,355668604.71
2025-10-17,601963.XSHG,10.16,10.14,10.27,10.08,27546096.0,279626703.43
2025-10-20,601963.XSHG,10.04,10.13,10.21,9.91,24006912.0,241427582.45
2025-10-21,601963.XSHG,10.13,10.14,10.15,9.95,16004684.0,160809190.13
2025-10-22,601963.XSHG,10.08,10.21,10.32,10.05,14230646.0,145101200.06
2025-10-23,601963.XSHG,10.12,10.15,10.32,10.1,15053290.0,153614190.53
2025-10-24,601963.XSHG,10.13,10.01,10.17,9.94,16234006.0,162725455.27
2025-10-27,601963.XSHG,10.31,10.29,10.53,10.2,35469438.0,367962090.18
2025-10-28,601963.XSHG,10.34,10.5,10.55,10.3,22856672.0,239362077.04
2025-10-29,601963.XSHG,10.46,10.59,10.61,10.2,26408226.0,276219689.23
2025-10-30,601963.XSHG,10.53,10.55,10.65,10.45,13037680.0,137719914.25
2025-10-31,601963.XSHG,10.57,10.5,10.6,10.24,16798758.0,175321354.25
2025-11-03,601963.XSHG,10.55,10.69,10.72,10.47,17695588.0,187724131.52
2025-11-04,601963.XSHG,10.73,11.02,11.06,10.63,20409178.0,223287177.56
2025-11-05,601963.XSHG,11.07,10.92,11.2,10.92,15865905.0,174582181.06
2025-11-06,601963.XSHG,10.91,11.0,11.06,10.76,14303108.0,156742317.87
2025-11-07,601963.XSHG,11.03,11.0,11.25,10.99,9784766.0,108345835.71
2025-11-10,601963.XSHG,10.92,11.14,11.15,10.83,9091394.0,100496226.45
2025-11-11,601963.XSHG,11.14,11.18,11.34,11.08,10958116.0,123060861.97
2025-11-12,601963.XSHG,11.21,11.17,11.37,11.15,9510270.0,106978672.52
2025-11-13,601963.XSHG,11.19,11.25,11.28,11.1,9905931.0,110967290.2
2025-11-14,601963.XSHG,11.2,11.11,11.35,11.11,7697164.0,86435073.11
2025-11-17,601963.XSHG,11.11,11.09,11.26,10.98,9974733.0,111005765.0
2025-11-18,601963.XSHG,11.09,11.02,11.2,10.96,8742065.0,96706688.58
2025-11-19,601963.XSHG,11.02,11.11,11.2,10.97,8214790.0,91353913.0
2025-11-20,601963.XSHG,11.16,11.12,11.25,11.04,8056767.0,89936345.46
2025-11-21,601963.XSHG,11.22,10.95,11.26,10.93,11975812.0,132582166.25
2025-11-24,601963.XSHG,10.96,10.99,11.06,10.88,9839052.0,108022113.0
2025-11-25,601963.XSHG,10.99,10.98,11.19,10.84,12479224.0,137866905.53
2025-11-26,601963.XSHG,10.93,10.95,11.03,10.88,7504014.0,82231752.74
2025-11-27,601963.XSHG,11.0,10.95,11.0,10.86,8177526.0,89397033.1
2025-11-28,601963.XSHG,10.95,11.02,11.07,10.91,8545704.0,94080502.94
2025-12-01,601963.XSHG,11.12,11.1,11.22,11.0,12217242.0,135994292.01
2025-12-02,601963.XSHG,11.1,11.27,11.37,11.1,9624900.0,108109049.58
2025-12-03,601963.XSHG,11.22,11.41,11.55,11.22,11929388.0,135971662.4
2025-12-04,601963.XSHG,11.39,11.23,11.41,11.14,8220174.0,92524801.15
2025-12-05,601963.XSHG,11.22,10.82,11.29,10.67,17795682.0,193433347.9
2025-12-08,601963.XSHG,10.73,10.69,10.78,10.63,13507130.0,144515958.98
2025-12-09,601963.XSHG,10.72,10.81,10.94,10.64,10045659.0,108866266.82
2025-12-10,601963.XSHG,10.83,10.59,10.92,10.58,7205288.0,76991795.0
2025-12-11,601963.XSHG,10.6,10.74,10.83,10.52,12597296.0,134691737.92
2025-12-12,601963.XSHG,10.73,10.67,10.86,10.65,12010007.0,128898951.73
2025-12-15,601963.XSHG,10.7,10.92,10.98,10.67,9019469.0,97979497.21
2025-12-16,601963.XSHG,10.96,10.85,11.0,10.8,6343539.0,69129458.6
2025-12-17,601963.XSHG,10.83,10.79,10.91,10.72,7478385.0,80818571.7
2025-12-18,601963.XSHG,10.81,11.06,11.07,10.78,6700588.0,73205068.0
2025-12-19,601963.XSHG,11.05,10.95,11.07,10.91,8331686.0,91462265.17
2025-12-22,601963.XSHG,10.95,10.74,10.96,10.69,9387897.0,101067241.04
2025-12-23,601963.XSHG,10.73,10.74,10.94,10.69,9128282.0,98381766.9
2025-12-24,601963.XSHG,10.74,10.79,10.83,10.69,5738836.0,61732223.47
2025-12-25,601963.XSHG,10.79,10.78,10.93,10.65,8336221.0,89999351.4
2025-12-26,601963.XSHG,10.77,10.68,10.89,10.63,9804393.0,105528662.15
2025-12-29,601963.XSHG,10.71,10.82,10.9,10.71,11235727.0,121611756.0
2025-12-30,601963.XSHG,10.85,10.73,10.91,10.59,12356006.0,132310456.99
2025-12-31,601963.XSHG,10.72,10.66,10.75,10.64,6839461.0,73102896.0
2026-01-05,601963.XSHG,10.65,10.68,10.76,10.63,14079886.0,150562363.88
2026-01-06,601963.XSHG,10.68,10.69,10.75,10.55,12695414.0,135218445.69
2026-01-07,601963.XSHG,10.69,10.74,10.8,10.53,13582507.0,145090985.16
2026-01-08,601963.XSHG,10.66,10.45,10.7,10.43,9902400.0,104295734.0
2026-01-09,601963.XSHG,10.42,10.45,10.53,10.32,9889626.0,103020329.14
2026-01-12,601963.XSHG,10.31,10.45,10.56,10.2,12611033.0,131352509.12
2026-01-13,601963.XSHG,10.44,10.55,10.64,10.41,9933460.0,104926398.6
2026-01-14,601963.XSHG,10.53,10.3,10.53,10.3,11560178.0,120192458.94
2026-01-15,601963.XSHG,10.31,10.36,10.43,10.27,8581144.0,88936363.42
2026-01-16,601963.XSHG,10.37,10.19,10.37,10.1,12799077.0,130809376.83
2026-01-19,601963.XSHG,10.26,10.14,10.26,10.12,9049099.0,92152430.86
2026-01-20,601963.XSHG,10.14,10.44,10.45,10.07,13381782.0,137506975.67
2026-01-21,601963.XSHG,10.4,10.25,10.44,10.18,10678022.0,109760504.3
2026-01-22,601963.XSHG,10.25,10.26,10.34,10.18,8942669.0,91851773.11
2026-01-23,601963.XSHG,10.28,10.44,10.52,10.28,13525615.0,140533829.53
2026-01-26,601963.XSHG,10.42,10.32,10.42,10.2,11088568.0,114435972.14
2026-01-27,601963.XSHG,10.29,10.36,10.45,10.29,9116146.0,94519439.74
2026-01-28,601963.XSHG,10.28,10.28,10.4,10.21,10375291.0,106973568.03
2026-01-29,601963.XSHG,10.29,10.54,10.56,10.28,14509891.0,151538093.76
2026-01-30,601963.XSHG,10.56,10.49,10.64,10.44,12922439.0,136039345.55
2026-02-02,601963.XSHG,10.54,10.37,10.69,10.34,13780218.0,144383319.69
2026-02-03,601963.XSHG,10.4,10.18,10.41,10.12,12287266.0,125424888.63
2026-02-04,601963.XSHG,10.13,10.3,10.35,10.13,9805515.0,100604820.43
2026-02-05,601963.XSHG,10.4,10.89,11.07,10.31,23356167.0,251130167.1
2026-02-06,601963.XSHG,10.88,10.68,10.99,10.62,16602931.0,178510933.66
2026-02-09,601963.XSHG,10.53,10.72,10.75,10.42,20152435.0,214122178.03
2026-02-10,601963.XSHG,10.62,10.61,10.74,10.53,10679931.0,113234936.83
2026-02-11,601963.XSHG,10.61,10.59,10.64,10.51,8359722.0,88261288.66
2026-02-12,601963.XSHG,10.59,10.23,10.59,10.18,14526487.0,149623323.04
2026-02-13,601963.XSHG,10.26,10.21,10.33,10.2,9129691.0,93699758.02
2026-02-24,601963.XSHG,10.24,10.05,10.28,10.05,11838600.0,119716511.67
2026-02-25,601963.XSHG,10.07,9.96,10.11,9.94,13009212.0,130514066.2
2026-02-26,601963.XSHG,9.96,9.83,9.97,9.81,10037898.0,98950500.16
2026-02-27,601963.XSHG,9.86,9.79,9.88,9.76,9117540.0,89412174.0
2026-03-02,601963.XSHG,9.7,9.84,9.85,9.65,15808060.0,154424829.01
2026-03-03,601963.XSHG,9.8,10.35,10.63,9.76,40043839.0,411667263.46
2026-03-04,601963.XSHG,10.34,10.47,10.61,10.26,28867466.0,301192746.32
2026-03-05,601963.XSHG,10.4,10.75,10.8,10.33,22269778.0,235898582.72
2026-03-06,601963.XSHG,10.68,11.01,11.07,10.57,19003146.0,205981382.55
2026-03-09,601963.XSHG,10.95,11.21,11.27,10.91,21631183.0,240727233.78
2026-03-10,601963.XSHG,11.13,10.93,11.19,10.89,15535144.0,170947319.78
2026-03-11,601963.XSHG,10.98,11.07,11.08,10.88,10263317.0,112737923.83
2026-03-12,601963.XSHG,11.01,11.04,11.14,10.94,8163200.0,90161640.0
2026-03-13,601963.XSHG,11.05,11.28,11.35,11.04,12073800.0,135642424.59
2026-03-16,601963.XSHG,11.3,11.6,11.79,11.2,20753623.0,239831535.86
2026-03-17,601963.XSHG,11.51,11.43,11.79,11.32,21770239.0,249811745.57
2026-03-18,601963.XSHG,11.41,11.29,11.41,11.18,12267453.0,138237745.7
2026-03-19,601963.XSHG,11.15,11.1,11.37,11.07,9606947.0,107632983.43
2026-03-20,601963.XSHG,11.15,11.0,11.2,10.98,11610292.0,128682868.0
2026-03-23,601963.XSHG,10.96,10.72,11.06,10.66,16001400.0,173439813.62
2026-03-24,601963.XSHG,10.82,10.93,10.97,10.72,12386402.0,134463466.62
2026-03-25,601963.XSHG,10.96,10.79,11.0,10.34,18259704.0,194561174.32
2026-03-26,601963.XSHG,10.79,10.48,10.82,10.43,23624207.0,249980623.63
2026-03-27,601963.XSHG,10.43,10.28,10.62,10.2,20603882.0,213085373.79
2026-03-30,601963.XSHG,10.25,10.45,10.52,10.23,16784178.0,174962443.08
2026-03-31,601963.XSHG,10.48,10.47,10.58,10.41,11460490.0,120102000.5
2026-04-01,601963.XSHG,10.48,10.34,10.5,10.28,15723600.0,163075378.0
2026-04-02,601963.XSHG,10.3,10.41,10.45,10.28,12714846.0,131917248.48
2026-04-03,601963.XSHG,10.43,10.22,10.43,10.06,14080425.0,143609886.63
2026-04-07,601963.XSHG,10.18,9.9,10.19,9.76,22918879.0,227002742.3
2026-04-08,601963.XSHG,9.88,10.11,10.11,9.85,20468308.0,204923503.93
2026-04-09,601963.XSHG,10.08,10.04,10.17,10.03,10212387.0,103059621.61
2026-04-10,601963.XSHG,10.06,10.21,10.25,10.05,14839971.0,151119349.05
2026-04-13,601963.XSHG,10.22,10.23,10.27,10.14,12972616.0,132362784.36
2026-04-14,601963.XSHG,10.19,10.47,10.48,10.19,16643446.0,172876114.32
2026-04-15,601963.XSHG,10.47,10.59,10.82,10.46,22320062.0,236918846.82
2026-04-16,601963.XSHG,10.6,10.44,10.78,10.39,16675892.0,175540161.28
2026-04-17,601963.XSHG,10.41,10.65,10.86,10.4,18316744.0,195259532.71
2026-04-20,601963.XSHG,10.65,10.85,10.89,10.6,13038031.0,140627515.75
2026-04-21,601963.XSHG,10.89,10.9,11.1,10.84,14460730.0,158260688.0
2026-04-22,601963.XSHG,10.91,10.88,10.98,10.81,10632300.0,115735054.0
2026-04-23,601963.XSHG,10.8,11.04,11.18,10.78,15692767.0,173659719.48
2026-04-24,601963.XSHG,11.07,10.9,11.1,10.88,10613000.0,116656707.4
2026-04-27,601963.XSHG,10.99,10.85,11.06,10.81,11892283.0,129513797.37
2026-04-28,601963.XSHG,10.84,10.8,10.92,10.74,8228433.0,89072664.81
2026-04-29,601963.XSHG,10.97,10.61,11.08,10.51,21181702.0,225156917.91
2026-04-30,601963.XSHG,10.62,10.5,10.62,10.45,9831100.0,103298827.0
