date,seq
2014-01-02,1
2014-01-03,2
2014-01-06,3
2014-01-07,4
2014-01-08,5
2014-01-09,6
2014-01-10,7
2014-01-13,8
2014-01-14,9
2014-01-15,10
2014-01-16,11
2014-01-17,12
2014-01-20,13
2014-01-21,14
2014-01-22,15
2014-01-23,16
2014-01-24,17
2014-01-27,18
2014-01-28,19
2014-01-29,20
2014-01-30,21
2014-02-07,22
2014-02-10,23
2014-02-11,24
2014-02-12,25
2014-02-13,26
2014-02-14,27
2014-02-17,28
2014-02-18,29
2014-02-19,30
2014-02-20,31
2014-02-21,32
2014-02-24,33
2014-02-25,34
2014-02-26,35
2014-02-27,36
2014-02-28,37
2014-03-03,38
2014-03-04,39
2014-03-05,40
2014-03-06,41
2014-03-07,42
2014-03-10,43
2014-03-11,44
2014-03-12,45
2014-03-13,46
2014-03-14,47
2014-03-17,48
2014-03-18,49
2014-03-19,50
2014-03-20,51
2014-03-21,52
2014-03-24,53
2014-03-25,54
2014-03-26,55
2014-03-27,56
2014-03-28,57
2014-03-31,58
2014-04-01,59
2014-04-02,60
2014-04-03,61
2014-04-04,62
2014-04-08,63
2014-04-09,64
2014-04-10,65
2014-04-11,66
2014-04-14,67
2014-04-15,68
2014-04-16,69
2014-04-17,70
2014-04-18,71
2014-04-21,72
2014-04-22,73
2014-04-23,74
2014-04-24,75
2014-04-25,76
2014-04-28,77
2014-04-29,78
2014-04-30,79
2014-05-05,80
2014-05-06,81
2014-05-07,82
2014-05-08,83
2014-05-09,84
2014-05-12,85
2014-05-13,86
2014-05-14,87
2014-05-15,88
2014-05-16,89
2014-05-19,90
2014-05-20,91
2014-05-21,92
2014-05-22,93
2014-05-23,94
2014-05-26,95
2014-05-27,96
2014-05-28,97
2014-05-29,98
2014-05-30,99
2014-06-03,100
2014-06-04,101
2014-06-05,102
2014-06-06,103
2014-06-09,104
2014-06-10,105
2014-06-11,106
2014-06-12,107
2014-06-13,108
2014-06-16,109
2014-06-17,110
2014-06-18,111
2014-06-19,112
2014-06-20,113
2014-06-23,114
2014-06-24,115
2014-06-25,116
2014-06-26,117
2014-06-27,118
2014-06-30,119
2014-07-01,120
2014-07-02,121
2014-07-03,122
2014-07-04,123
2014-07-07,124
2014-07-08,125
2014-07-09,126
2014-07-10,127
2014-07-11,128
2014-07-14,129
2014-07-15,130
2014-07-16,131
2014-07-17,132
2014-07-18,133
2014-07-21,134
2014-07-22,135
2014-07-23,136
2014-07-24,137
2014-07-25,138
2014-07-28,139
2014-07-29,140
2014-07-30,141
2014-07-31,142
2014-08-01,143
2014-08-04,144
2014-08-05,145
2014-08-06,146
2014-08-07,147
2014-08-08,148
2014-08-11,149
2014-08-12,150
2014-08-13,151
2014-08-14,152
2014-08-15,153
2014-08-18,154
2014-08-19,155
2014-08-20,156
2014-08-21,157
2014-08-22,158
2014-08-25,159
2014-08-26,160
2014-08-27,161
2014-08-28,162
2014-08-29,163
2014-09-01,164
2014-09-02,165
2014-09-03,166
2014-09-04,167
2014-09-05,168
2014-09-09,169
2014-09-10,170
2014-09-11,171
2014-09-12,172
2014-09-15,173
2014-09-16,174
2014-09-17,175
2014-09-18,176
2014-09-19,177
2014-09-22,178
2014-09-23,179
2014-09-24,180
2014-09-25,181
2014-09-26,182
2014-09-29,183
2014-09-30,184
2014-10-08,185
2014-10-09,186
2014-10-10,187
2014-10-13,188
2014-10-14,189
2014-10-15,190
2014-10-16,191
2014-10-17,192
2014-10-20,193
2014-10-21,194
2014-10-22,195
2014-10-23,196
2014-10-24,197
2014-10-27,198
2014-10-28,199
2014-10-29,200
2014-10-30,201
2014-10-31,202
2014-11-03,203
2014-11-04,204
2014-11-05,205
2014-11-06,206
2014-11-07,207
2014-11-10,208
2014-11-11,209
2014-11-12,210
2014-11-13,211
2014-11-14,212
2014-11-17,213
2014-11-18,214
2014-11-19,215
2014-11-20,216
2014-11-21,217
2014-11-24,218
2014-11-25,219
2014-11-26,220
2014-11-27,221
2014-11-28,222
2014-12-01,223
2014-12-02,224
2014-12-03,225
2014-12-04,226
2014-12-05,227
2014-12-08,228
2014-12-09,229
2014-12-10,230
2014-12-11,231
2014-12-12,232
2014-12-15,233
2014-12-16,234
2014-12-17,235
2014-12-18,236
2014-12-19,237
2014-12-22,238
2014-12-23,239
2014-12-24,240
2014-12-25,241
2014-12-26,242
2014-12-29,243
2014-12-30,244
2014-12-31,245
2015-01-05,246
2015-01-06,247
2015-01-07,248
2015-01-08,249
2015-01-09,250
2015-01-12,251
2015-01-13,252
2015-01-14,253
2015-01-15,254
2015-01-16,255
2015-01-19,256
2015-01-20,257
2015-01-21,258
2015-01-22,259
2015-01-23,260
2015-01-26,261
2015-01-27,262
2015-01-28,263
2015-01-29,264
2015-01-30,265
2015-02-02,266
2015-02-03,267
2015-02-04,268
2015-02-05,269
2015-02-06,270
2015-02-09,271
2015-02-10,272
2015-02-11,273
2015-02-12,274
2015-02-13,275
2015-02-16,276
2015-02-17,277
2015-02-25,278
2015-02-26,279
2015-02-27,280
2015-03-02,281
2015-03-03,282
2015-03-04,283
2015-03-05,284
2015-03-06,285
2015-03-09,286
2015-03-10,287
2015-03-11,288
2015-03-12,289
2015-03-13,290
2015-03-16,291
2015-03-17,292
2015-03-18,293
2015-03-19,294
2015-03-20,295
2015-03-23,296
2015-03-24,297
2015-03-25,298
2015-03-26,299
2015-03-27,300
2015-03-30,301
2015-03-31,302
2015-04-01,303
2015-04-02,304
2015-04-03,305
2015-04-07,306
2015-04-08,307
2015-04-09,308
2015-04-10,309
2015-04-13,310
2015-04-14,311
2015-04-15,312
2015-04-16,313
2015-04-17,314
2015-04-20,315
2015-04-21,316
2015-04-22,317
2015-04-23,318
2015-04-24,319
2015-04-27,320
2015-04-28,321
2015-04-29,322
2015-04-30,323
2015-05-04,324
2015-05-05,325
2015-05-06,326
2015-05-07,327
2015-05-08,328
2015-05-11,329
2015-05-12,330
2015-05-13,331
2015-05-14,332
2015-05-15,333
2015-05-18,334
2015-05-19,335
2015-05-20,336
2015-05-21,337
2015-05-22,338
2015-05-25,339
2015-05-26,340
2015-05-27,341
2015-05-28,342
2015-05-29,343
2015-06-01,344
2015-06-02,345
2015-06-03,346
2015-06-04,347
2015-06-05,348
2015-06-08,349
2015-06-09,350
2015-06-10,351
2015-06-11,352
2015-06-12,353
2015-06-15,354
2015-06-16,355
2015-06-17,356
2015-06-18,357
2015-06-19,358
2015-06-23,359
2015-06-24,360
2015-06-25,361
2015-06-26,362
2015-06-29,363
2015-06-30,364
2015-07-01,365
2015-07-02,366
2015-07-03,367
2015-07-06,368
2015-07-07,369
2015-07-08,370
2015-07-09,371
2015-07-10,372
2015-07-13,373
2015-07-14,374
2015-07-15,375
2015-07-16,376
2015-07-17,377
2015-07-20,378
2015-07-21,379
2015-07-22,380
2015-07-23,381
2015-07-24,382
2015-07-27,383
2015-07-28,384
2015-07-29,385
2015-07-30,386
2015-07-31,387
2015-08-03,388
2015-08-04,389
2015-08-05,390
2015-08-06,391
2015-08-07,392
2015-08-10,393
2015-08-11,394
2015-08-12,395
2015-08-13,396
2015-08-14,397
2015-08-17,398
2015-08-18,399
2015-08-19,400
2015-08-20,401
2015-08-21,402
2015-08-24,403
2015-08-25,404
2015-08-26,405
2015-08-27,406
2015-08-28,407
2015-08-31,408
2015-09-01,409
2015-09-02,410
2015-09-07,411
2015-09-08,412
2015-09-09,413
2015-09-10,414
2015-09-11,415
2015-09-14,416
2015-09-15,417
2015-09-16,418
2015-09-17,419
2015-09-18,420
2015-09-21,421
2015-09-22,422
2015-09-23,423
2015-09-24,424
2015-09-25,425
2015-09-28,426
2015-09-29,427
2015-09-30,428
2015-10-08,429
2015-10-09,430
2015-10-12,431
2015-10-13,432
2015-10-14,433
2015-10-15,434
2015-10-16,435
2015-10-19,436
2015-10-20,437
2015-10-21,438
2015-10-22,439
2015-10-23,440
2015-10-26,441
2015-10-27,442
2015-10-28,443
2015-10-29,444
2015-10-30,445
2015-11-02,446
2015-11-03,447
2015-11-04,448
2015-11-05,449
2015-11-06,450
2015-11-09,451
2015-11-10,452
2015-11-11,453
2015-11-12,454
2015-11-13,455
2015-11-16,456
2015-11-17,457
2015-11-18,458
2015-11-19,459
2015-11-20,460
2015-11-23,461
2015-11-24,462
2015-11-25,463
2015-11-26,464
2015-11-27,465
2015-11-30,466
2015-12-01,467
2015-12-02,468
2015-12-03,469
2015-12-04,470
2015-12-07,471
2015-12-08,472
2015-12-09,473
2015-12-10,474
2015-12-11,475
2015-12-14,476
2015-12-15,477
2015-12-16,478
2015-12-17,479
2015-12-18,480
2015-12-21,481
2015-12-22,482
2015-12-23,483
2015-12-24,484
2015-12-25,485
2015-12-28,486
2015-12-29,487
2015-12-30,488
2015-12-31,489
2016-01-04,490
2016-01-05,491
2016-01-06,492
2016-01-07,493
2016-01-08,494
2016-01-11,495
2016-01-12,496
2016-01-13,497
2016-01-14,498
2016-01-15,499
2016-01-18,500
2016-01-19,501
2016-01-20,502
2016-01-21,503
2016-01-22,504
2016-01-25,505
2016-01-26,506
2016-01-27,507
2016-01-28,508
2016-01-29,509
2016-02-01,510
2016-02-02,511
2016-02-03,512
2016-02-04,513
2016-02-05,514
2016-02-15,515
2016-02-16,516
2016-02-17,517
2016-02-18,518
2016-02-19,519
2016-02-22,520
2016-02-23,521
2016-02-24,522
2016-02-25,523
2016-02-26,524
2016-02-29,525
2016-03-01,526
2016-03-02,527
2016-03-03,528
2016-03-04,529
2016-03-07,530
2016-03-08,531
2016-03-09,532
2016-03-10,533
2016-03-11,534
2016-03-14,535
2016-03-15,536
2016-03-16,537
2016-03-17,538
2016-03-18,539
2016-03-21,540
2016-03-22,541
2016-03-23,542
2016-03-24,543
2016-03-25,544
2016-03-28,545
2016-03-29,546
2016-03-30,547
2016-03-31,548
2016-04-01,549
2016-04-05,550
2016-04-06,551
2016-04-07,552
2016-04-08,553
2016-04-11,554
2016-04-12,555
2016-04-13,556
2016-04-14,557
2016-04-15,558
2016-04-18,559
2016-04-19,560
2016-04-20,561
2016-04-21,562
2016-04-22,563
2016-04-25,564
2016-04-26,565
2016-04-27,566
2016-04-28,567
2016-04-29,568
2016-05-03,569
2016-05-04,570
2016-05-05,571
2016-05-06,572
2016-05-09,573
2016-05-10,574
2016-05-11,575
2016-05-12,576
2016-05-13,577
2016-05-16,578
2016-05-17,579
2016-05-18,580
2016-05-19,581
2016-05-20,582
2016-05-23,583
2016-05-24,584
2016-05-25,585
2016-05-26,586
2016-05-27,587
2016-05-30,588
2016-05-31,589
2016-06-01,590
2016-06-02,591
2016-06-03,592
2016-06-06,593
2016-06-07,594
2016-06-08,595
2016-06-13,596
2016-06-14,597
2016-06-15,598
2016-06-16,599
2016-06-17,600
2016-06-20,601
2016-06-21,602
2016-06-22,603
2016-06-23,604
2016-06-24,605
2016-06-27,606
2016-06-28,607
2016-06-29,608
2016-06-30,609
2016-07-01,610
2016-07-04,611
2016-07-05,612
2016-07-06,613
2016-07-07,614
2016-07-08,615
2016-07-11,616
2016-07-12,617
2016-07-13,618
2016-07-14,619
2016-07-15,620
2016-07-18,621
2016-07-19,622
2016-07-20,623
2016-07-21,624
2016-07-22,625
2016-07-25,626
2016-07-26,627
2016-07-27,628
2016-07-28,629
2016-07-29,630
2016-08-01,631
2016-08-02,632
2016-08-03,633
2016-08-04,634
2016-08-05,635
2016-08-08,636
2016-08-09,637
2016-08-10,638
2016-08-11,639
2016-08-12,640
2016-08-15,641
2016-08-16,642
2016-08-17,643
2016-08-18,644
2016-08-19,645
2016-08-22,646
2016-08-23,647
2016-08-24,648
2016-08-25,649
2016-08-26,650
2016-08-29,651
2016-08-30,652
2016-08-31,653
2016-09-01,654
2016-09-02,655
2016-09-05,656
2016-09-06,657
2016-09-07,658
2016-09-08,659
2016-09-09,660
2016-09-12,661
2016-09-13,662
2016-09-14,663
2016-09-19,664
2016-09-20,665
2016-09-21,666
2016-09-22,667
2016-09-23,668
2016-09-26,669
2016-09-27,670
2016-09-28,671
2016-09-29,672
2016-09-30,673
2016-10-10,674
2016-10-11,675
2016-10-12,676
2016-10-13,677
2016-10-14,678
2016-10-17,679
2016-10-18,680
2016-10-19,681
2016-10-20,682
2016-10-21,683
2016-10-24,684
2016-10-25,685
2016-10-26,686
2016-10-27,687
2016-10-28,688
2016-10-31,689
2016-11-01,690
2016-11-02,691
2016-11-03,692
2016-11-04,693
2016-11-07,694
2016-11-08,695
2016-11-09,696
2016-11-10,697
2016-11-11,698
2016-11-14,699
2016-11-15,700
2016-11-16,701
2016-11-17,702
2016-11-18,703
2016-11-21,704
2016-11-22,705
2016-11-23,706
2016-11-24,707
2016-11-25,708
2016-11-28,709
2016-11-29,710
2016-11-30,711
2016-12-01,712
2016-12-02,713
2016-12-05,714
2016-12-06,715
2016-12-07,716
2016-12-08,717
2016-12-09,718
2016-12-12,719
2016-12-13,720
2016-12-14,721
2016-12-15,722
2016-12-16,723
2016-12-19,724
2016-12-20,725
2016-12-21,726
2016-12-22,727
2016-12-23,728
2016-12-26,729
2016-12-27,730
2016-12-28,731
2016-12-29,732
2016-12-30,733
2017-01-03,734
2017-01-04,735
2017-01-05,736
2017-01-06,737
2017-01-09,738
2017-01-10,739
2017-01-11,740
2017-01-12,741
2017-01-13,742
2017-01-16,743
2017-01-17,744
2017-01-18,745
2017-01-19,746
2017-01-20,747
2017-01-23,748
2017-01-24,749
2017-01-25,750
2017-01-26,751
2017-02-03,752
2017-02-06,753
2017-02-07,754
2017-02-08,755
2017-02-09,756
2017-02-10,757
2017-02-13,758
2017-02-14,759
2017-02-15,760
2017-02-16,761
2017-02-17,762
2017-02-20,763
2017-02-21,764
2017-02-22,765
2017-02-23,766
2017-02-24,767
2017-02-27,768
2017-02-28,769
2017-03-01,770
2017-03-02,771
2017-03-03,772
2017-03-06,773
2017-03-07,774
2017-03-08,775
2017-03-09,776
2017-03-10,777
2017-03-13,778
2017-03-14,779
2017-03-15,780
2017-03-16,781
2017-03-17,782
2017-03-20,783
2017-03-21,784
2017-03-22,785
2017-03-23,786
2017-03-24,787
2017-03-27,788
2017-03-28,789
2017-03-29,790
2017-03-30,791
2017-03-31,792
2017-04-05,793
2017-04-06,794
2017-04-07,795
2017-04-10,796
2017-04-11,797
2017-04-12,798
2017-04-13,799
2017-04-14,800
2017-04-17,801
2017-04-18,802
2017-04-19,803
2017-04-20,804
2017-04-21,805
2017-04-24,806
2017-04-25,807
2017-04-26,808
2017-04-27,809
2017-04-28,810
2017-05-02,811
2017-05-03,812
2017-05-04,813
2017-05-05,814
2017-05-08,815
2017-05-09,816
2017-05-10,817
2017-05-11,818
2017-05-12,819
2017-05-15,820
2017-05-16,821
2017-05-17,822
2017-05-18,823
2017-05-19,824
2017-05-22,825
2017-05-23,826
2017-05-24,827
2017-05-25,828
2017-05-26,829
2017-05-31,830
2017-06-01,831
2017-06-02,832
2017-06-05,833
2017-06-06,834
2017-06-07,835
2017-06-08,836
2017-06-09,837
2017-06-12,838
2017-06-13,839
2017-06-14,840
2017-06-15,841
2017-06-16,842
2017-06-19,843
2017-06-20,844
2017-06-21,845
2017-06-22,846
2017-06-23,847
2017-06-26,848
2017-06-27,849
2017-06-28,850
2017-06-29,851
2017-06-30,852
2017-07-03,853
2017-07-04,854
2017-07-05,855
2017-07-06,856
2017-07-07,857
2017-07-10,858
2017-07-11,859
2017-07-12,860
2017-07-13,861
2017-07-14,862
2017-07-17,863
2017-07-18,864
2017-07-19,865
2017-07-20,866
2017-07-21,867
2017-07-24,868
2017-07-25,869
2017-07-26,870
2017-07-27,871
2017-07-28,872
2017-07-31,873
2017-08-01,874
2017-08-02,875
2017-08-03,876
2017-08-04,877
2017-08-07,878
2017-08-08,879
2017-08-09,880
2017-08-10,881
2017-08-11,882
2017-08-14,883
2017-08-15,884
2017-08-16,885
2017-08-17,886
2017-08-18,887
2017-08-21,888
2017-08-22,889
2017-08-23,890
2017-08-24,891
2017-08-25,892
2017-08-28,893
2017-08-29,894
2017-08-30,895
2017-08-31,896
2017-09-01,897
2017-09-04,898
2017-09-05,899
2017-09-06,900
2017-09-07,901
2017-09-08,902
2017-09-11,903
2017-09-12,904
2017-09-13,905
2017-09-14,906
2017-09-15,907
2017-09-18,908
2017-09-19,909
2017-09-20,910
2017-09-21,911
2017-09-22,912
2017-09-25,913
2017-09-26,914
2017-09-27,915
2017-09-28,916
2017-09-29,917
2017-10-09,918
2017-10-10,919
2017-10-11,920
2017-10-12,921
2017-10-13,922
2017-10-16,923
2017-10-17,924
2017-10-18,925
2017-10-19,926
2017-10-20,927
2017-10-23,928
2017-10-24,929
2017-10-25,930
2017-10-26,931
2017-10-27,932
2017-10-30,933
2017-10-31,934
2017-11-01,935
2017-11-02,936
2017-11-03,937
2017-11-06,938
2017-11-07,939
2017-11-08,940
2017-11-09,941
2017-11-10,942
2017-11-13,943
2017-11-14,944
2017-11-15,945
2017-11-16,946
2017-11-17,947
2017-11-20,948
2017-11-21,949
2017-11-22,950
2017-11-23,951
2017-11-24,952
2017-11-27,953
2017-11-28,954
2017-11-29,955
2017-11-30,956
2017-12-01,957
2017-12-04,958
2017-12-05,959
2017-12-06,960
2017-12-07,961
2017-12-08,962
2017-12-11,963
2017-12-12,964
2017-12-13,965
2017-12-14,966
2017-12-15,967
2017-12-18,968
2017-12-19,969
2017-12-20,970
2017-12-21,971
2017-12-22,972
2017-12-25,973
2017-12-26,974
2017-12-27,975
2017-12-28,976
2017-12-29,977
2018-01-02,978
2018-01-03,979
2018-01-04,980
2018-01-05,981
2018-01-08,982
2018-01-09,983
2018-01-10,984
2018-01-11,985
2018-01-12,986
2018-01-15,987
2018-01-16,988
2018-01-17,989
2018-01-18,990
2018-01-19,991
2018-01-22,992
2018-01-23,993
2018-01-24,994
2018-01-25,995
2018-01-26,996
2018-01-29,997
2018-01-30,998
2018-01-31,999
2018-02-01,1000
2018-02-02,1001
2018-02-05,1002
2018-02-06,1003
2018-02-07,1004
2018-02-08,1005
2018-02-09,1006
2018-02-12,1007
2018-02-13,1008
2018-02-14,1009
2018-02-22,1010
2018-02-23,1011
2018-02-26,1012
2018-02-27,1013
2018-02-28,1014
2018-03-01,1015
2018-03-02,1016
2018-03-05,1017
2018-03-06,1018
2018-03-07,1019
2018-03-08,1020
2018-03-09,1021
2018-03-12,1022
2018-03-13,1023
2018-03-14,1024
2018-03-15,1025
2018-03-16,1026
2018-03-19,1027
2018-03-20,1028
2018-03-21,1029
2018-03-22,1030
2018-03-23,1031
2018-03-26,1032
2018-03-27,1033
2018-03-28,1034
2018-03-29,1035
2018-03-30,1036
2018-04-02,1037
2018-04-03,1038
2018-04-04,1039
2018-04-09,1040
2018-04-10,1041
2018-04-11,1042
2018-04-12,1043
2018-04-13,1044
2018-04-16,1045
2018-04-17,1046
2018-04-18,1047
2018-04-19,1048
2018-04-20,1049
2018-04-23,1050
2018-04-24,1051
2018-04-25,1052
2018-04-26,1053
2018-04-27,1054
2018-05-02,1055
2018-05-03,1056
2018-05-04,1057
2018-05-07,1058
2018-05-08,1059
2018-05-09,1060
2018-05-10,1061
2018-05-11,1062
2018-05-14,1063
2018-05-15,1064
2018-05-16,1065
2018-05-17,1066
2018-05-18,1067
2018-05-21,1068
2018-05-22,1069
2018-05-23,1070
2018-05-24,1071
2018-05-25,1072
2018-05-28,1073
2018-05-29,1074
2018-05-30,1075
2018-05-31,1076
2018-06-01,1077
2018-06-04,1078
2018-06-05,1079
2018-06-06,1080
2018-06-07,1081
2018-06-08,1082
2018-06-11,1083
2018-06-12,1084
2018-06-13,1085
2018-06-14,1086
2018-06-15,1087
2018-06-19,1088
2018-06-20,1089
2018-06-21,1090
2018-06-22,1091
2018-06-25,1092
2018-06-26,1093
2018-06-27,1094
2018-06-28,1095
2018-06-29,1096
2018-07-02,1097
2018-07-03,1098
2018-07-04,1099
2018-07-05,1100
2018-07-06,1101
2018-07-09,1102
2018-07-10,1103
2018-07-11,1104
2018-07-12,1105
2018-07-13,1106
2018-07-16,1107
2018-07-17,1108
2018-07-18,1109
2018-07-19,1110
2018-07-20,1111
2018-07-23,1112
2018-07-24,1113
2018-07-25,1114
2018-07-26,1115
2018-07-27,1116
2018-07-30,1117
2018-07-31,1118
2018-08-01,1119
2018-08-02,1120
2018-08-03,1121
2018-08-06,1122
2018-08-07,1123
2018-08-08,1124
2018-08-09,1125
2018-08-10,1126
2018-08-13,1127
2018-08-14,1128
2018-08-15,1129
2018-08-16,1130
2018-08-17,1131
2018-08-20,1132
2018-08-21,1133
2018-08-22,1134
2018-08-23,1135
2018-08-24,1136
2018-08-27,1137
2018-08-28,1138
2018-08-29,1139
2018-08-30,1140
2018-08-31,1141
2018-09-03,1142
2018-09-04,1143
2018-09-05,1144
2018-09-06,1145
2018-09-07,1146
2018-09-10,1147
2018-09-11,1148
2018-09-12,1149
2018-09-13,1150
2018-09-14,1151
2018-09-17,1152
2018-09-18,1153
2018-09-19,1154
2018-09-20,1155
2018-09-21,1156
2018-09-25,1157
2018-09-26,1158
2018-09-27,1159
2018-09-28,1160
2018-10-08,1161
2018-10-09,1162
2018-10-10,1163
2018-10-11,1164
2018-10-12,1165
2018-10-15,1166
2018-10-16,1167
2018-10-17,1168
2018-10-18,1169
2018-10-19,1170
2018-10-22,1171
2018-10-23,1172
2018-10-24,1173
2018-10-25,1174
2018-10-26,1175
2018-10-29,1176
2018-10-30,1177
2018-10-31,1178
2018-11-01,1179
2018-11-02,1180
2018-11-05,1181
2018-11-06,1182
2018-11-07,1183
2018-11-08,1184
2018-11-09,1185
2018-11-12,1186
2018-11-13,1187
2018-11-14,1188
2018-11-15,1189
2018-11-16,1190
2018-11-19,1191
2018-11-20,1192
2018-11-21,1193
2018-11-22,1194
2018-11-23,1195
2018-11-26,1196
2018-11-27,1197
2018-11-28,1198
2018-11-29,1199
2018-11-30,1200
2018-12-03,1201
2018-12-04,1202
2018-12-05,1203
2018-12-06,1204
2018-12-07,1205
2018-12-10,1206
2018-12-11,1207
2018-12-12,1208
2018-12-13,1209
2018-12-14,1210
2018-12-17,1211
2018-12-18,1212
2018-12-19,1213
2018-12-20,1214
2018-12-21,1215
2018-12-24,1216
2018-12-25,1217
2018-12-26,1218
2018-12-27,1219
2018-12-28,1220
2019-01-02,1221
2019-01-03,1222
2019-01-04,1223
2019-01-07,1224
2019-01-08,1225
2019-01-09,1226
2019-01-10,1227
2019-01-11,1228
2019-01-14,1229
2019-01-15,1230
2019-01-16,1231
2019-01-17,1232
2019-01-18,1233
2019-01-21,1234
2019-01-22,1235
2019-01-23,1236
2019-01-24,1237
2019-01-25,1238
2019-01-28,1239
2019-01-29,1240
2019-01-30,1241
2019-01-31,1242
2019-02-01,1243
2019-02-11,1244
2019-02-12,1245
2019-02-13,1246
2019-02-14,1247
2019-02-15,1248
2019-02-18,1249
2019-02-19,1250
2019-02-20,1251
2019-02-21,1252
2019-02-22,1253
2019-02-25,1254
2019-02-26,1255
2019-02-27,1256
2019-02-28,1257
2019-03-01,1258
2019-03-04,1259
2019-03-05,1260
2019-03-06,1261
2019-03-07,1262
2019-03-08,1263
2019-03-11,1264
2019-03-12,1265
2019-03-13,1266
2019-03-14,1267
2019-03-15,1268
2019-03-18,1269
2019-03-19,1270
2019-03-20,1271
2019-03-21,1272
2019-03-22,1273
2019-03-25,1274
2019-03-26,1275
2019-03-27,1276
2019-03-28,1277
2019-03-29,1278
2019-04-01,1279
2019-04-02,1280
2019-04-03,1281
2019-04-04,1282
2019-04-08,1283
2019-04-09,1284
2019-04-10,1285
2019-04-11,1286
2019-04-12,1287
2019-04-15,1288
2019-04-16,1289
2019-04-17,1290
2019-04-18,1291
2019-04-19,1292
2019-04-22,1293
2019-04-23,1294
2019-04-24,1295
2019-04-25,1296
2019-04-26,1297
2019-04-29,1298
2019-04-30,1299
2019-05-06,1300
2019-05-07,1301
2019-05-08,1302
2019-05-09,1303
2019-05-10,1304
2019-05-13,1305
2019-05-14,1306
2019-05-15,1307
2019-05-16,1308
2019-05-17,1309
2019-05-20,1310
2019-05-21,1311
2019-05-22,1312
2019-05-23,1313
2019-05-24,1314
2019-05-27,1315
2019-05-28,1316
2019-05-29,1317
2019-05-30,1318
2019-05-31,1319
2019-06-03,1320
2019-06-04,1321
2019-06-05,1322
2019-06-06,1323
2019-06-10,1324
2019-06-11,1325
2019-06-12,1326
2019-06-13,1327
2019-06-14,1328
2019-06-17,1329
2019-06-18,1330
2019-06-19,1331
2019-06-20,1332
2019-06-21,1333
2019-06-24,1334
2019-06-25,1335
2019-06-26,1336
2019-06-27,1337
2019-06-28,1338
2019-07-01,1339
2019-07-02,1340
2019-07-03,1341
2019-07-04,1342
2019-07-05,1343
2019-07-08,1344
2019-07-09,1345
2019-07-10,1346
2019-07-11,1347
2019-07-12,1348
2019-07-15,1349
2019-07-16,1350
2019-07-17,1351
2019-07-18,1352
2019-07-19,1353
2019-07-22,1354
2019-07-23,1355
2019-07-24,1356
2019-07-25,1357
2019-07-26,1358
2019-07-29,1359
2019-07-30,1360
2019-07-31,1361
2019-08-01,1362
2019-08-02,1363
2019-08-05,1364
2019-08-06,1365
2019-08-07,1366
2019-08-08,1367
2019-08-09,1368
2019-08-12,1369
2019-08-13,1370
2019-08-14,1371
2019-08-15,1372
2019-08-16,1373
2019-08-19,1374
2019-08-20,1375
2019-08-21,1376
2019-08-22,1377
2019-08-23,1378
2019-08-26,1379
2019-08-27,1380
2019-08-28,1381
2019-08-29,1382
2019-08-30,1383
2019-09-02,1384
2019-09-03,1385
2019-09-04,1386
2019-09-05,1387
2019-09-06,1388
2019-09-09,1389
2019-09-10,1390
2019-09-11,1391
2019-09-12,1392
2019-09-16,1393
2019-09-17,1394
2019-09-18,1395
2019-09-19,1396
2019-09-20,1397
2019-09-23,1398
2019-09-24,1399
2019-09-25,1400
2019-09-26,1401
2019-09-27,1402
2019-09-30,1403
2019-10-08,1404
2019-10-09,1405
2019-10-10,1406
2019-10-11,1407
2019-10-14,1408
2019-10-15,1409
2019-10-16,1410
2019-10-17,1411
2019-10-18,1412
2019-10-21,1413
2019-10-22,1414
2019-10-23,1415
2019-10-24,1416
2019-10-25,1417
2019-10-28,1418
2019-10-29,1419
2019-10-30,1420
2019-10-31,1421
2019-11-01,1422
2019-11-04,1423
2019-11-05,1424
2019-11-06,1425
2019-11-07,1426
2019-11-08,1427
2019-11-11,1428
2019-11-12,1429
2019-11-13,1430
2019-11-14,1431
2019-11-15,1432
2019-11-18,1433
2019-11-19,1434
2019-11-20,1435
2019-11-21,1436
2019-11-22,1437
2019-11-25,1438
2019-11-26,1439
2019-11-27,1440
2019-11-28,1441
2019-11-29,1442
2019-12-02,1443
2019-12-03,1444
2019-12-04,1445
2019-12-05,1446
2019-12-06,1447
2019-12-09,1448
2019-12-10,1449
2019-12-11,1450
2019-12-12,1451
2019-12-13,1452
2019-12-16,1453
2019-12-17,1454
2019-12-18,1455
2019-12-19,1456
2019-12-20,1457
2019-12-23,1458
2019-12-24,1459
2019-12-25,1460
2019-12-26,1461
2019-12-27,1462
2019-12-30,1463
2019-12-31,1464
2020-01-02,1465
2020-01-03,1466
2020-01-06,1467
2020-01-07,1468
2020-01-08,1469
2020-01-09,1470
2020-01-10,1471
2020-01-13,1472
2020-01-14,1473
2020-01-15,1474
2020-01-16,1475
2020-01-17,1476
2020-01-20,1477
2020-01-21,1478
2020-01-22,1479
2020-01-23,1480
2020-02-03,1481
2020-02-04,1482
2020-02-05,1483
2020-02-06,1484
2020-02-07,1485
2020-02-10,1486
2020-02-11,1487
2020-02-12,1488
2020-02-13,1489
2020-02-14,1490
2020-02-17,1491
2020-02-18,1492
2020-02-19,1493
2020-02-20,1494
2020-02-21,1495
2020-02-24,1496
2020-02-25,1497
2020-02-26,1498
2020-02-27,1499
2020-02-28,1500
2020-03-02,1501
2020-03-03,1502
2020-03-04,1503
2020-03-05,1504
2020-03-06,1505
2020-03-09,1506
2020-03-10,1507
2020-03-11,1508
2020-03-12,1509
2020-03-13,1510
2020-03-16,1511
2020-03-17,1512
2020-03-18,1513
2020-03-19,1514
2020-03-20,1515
2020-03-23,1516
2020-03-24,1517
2020-03-25,1518
2020-03-26,1519
2020-03-27,1520
2020-03-30,1521
2020-03-31,1522
2020-04-01,1523
2020-04-02,1524
2020-04-03,1525
2020-04-07,1526
2020-04-08,1527
2020-04-09,1528
2020-04-10,1529
2020-04-13,1530
2020-04-14,1531
2020-04-15,1532
2020-04-16,1533
2020-04-17,1534
2020-04-20,1535
2020-04-21,1536
2020-04-22,1537
2020-04-23,1538
2020-04-24,1539
2020-04-27,1540
2020-04-28,1541
2020-04-29,1542
2020-04-30,1543
2020-05-06,1544
2020-05-07,1545
2020-05-08,1546
2020-05-11,1547
2020-05-12,1548
2020-05-13,1549
2020-05-14,1550
2020-05-15,1551
2020-05-18,1552
2020-05-19,1553
2020-05-20,1554
2020-05-21,1555
2020-05-22,1556
2020-05-25,1557
2020-05-26,1558
2020-05-27,1559
2020-05-28,1560
2020-05-29,1561
2020-06-01,1562
2020-06-02,1563
2020-06-03,1564
2020-06-04,1565
2020-06-05,1566
2020-06-08,1567
2020-06-09,1568
2020-06-10,1569
2020-06-11,1570
2020-06-12,1571
2020-06-15,1572
2020-06-16,1573
2020-06-17,1574
2020-06-18,1575
2020-06-19,1576
2020-06-22,1577
2020-06-23,1578
2020-06-24,1579
2020-06-29,1580
2020-06-30,1581
2020-07-01,1582
2020-07-02,1583
2020-07-03,1584
2020-07-06,1585
2020-07-07,1586
2020-07-08,1587
2020-07-09,1588
2020-07-10,1589
2020-07-13,1590
2020-07-14,1591
2020-07-15,1592
2020-07-16,1593
2020-07-17,1594
2020-07-20,1595
2020-07-21,1596
2020-07-22,1597
2020-07-23,1598
2020-07-24,1599
2020-07-27,1600
2020-07-28,1601
2020-07-29,1602
2020-07-30,1603
2020-07-31,1604
2020-08-03,1605
2020-08-04,1606
2020-08-05,1607
2020-08-06,1608
2020-08-07,1609
2020-08-10,1610
2020-08-11,1611
2020-08-12,1612
2020-08-13,1613
2020-08-14,1614
2020-08-17,1615
2020-08-18,1616
2020-08-19,1617
2020-08-20,1618
2020-08-21,1619
2020-08-24,1620
2020-08-25,1621
2020-08-26,1622
2020-08-27,1623
2020-08-28,1624
2020-08-31,1625
2020-09-01,1626
2020-09-02,1627
2020-09-03,1628
2020-09-04,1629
2020-09-07,1630
2020-09-08,1631
2020-09-09,1632
2020-09-10,1633
2020-09-11,1634
2020-09-14,1635
2020-09-15,1636
2020-09-16,1637
2020-09-17,1638
2020-09-18,1639
2020-09-21,1640
2020-09-22,1641
2020-09-23,1642
2020-09-24,1643
2020-09-25,1644
2020-09-28,1645
2020-09-29,1646
2020-09-30,1647
2020-10-09,1648
2020-10-12,1649
2020-10-13,1650
2020-10-14,1651
2020-10-15,1652
2020-10-16,1653
2020-10-19,1654
2020-10-20,1655
2020-10-21,1656
2020-10-22,1657
2020-10-23,1658
2020-10-26,1659
2020-10-27,1660
2020-10-28,1661
2020-10-29,1662
2020-10-30,1663
2020-11-02,1664
2020-11-03,1665
2020-11-04,1666
2020-11-05,1667
2020-11-06,1668
2020-11-09,1669
2020-11-10,1670
2020-11-11,1671
2020-11-12,1672
2020-11-13,1673
2020-11-16,1674
2020-11-17,1675
2020-11-18,1676
2020-11-19,1677
2020-11-20,1678
2020-11-23,1679
2020-11-24,1680
2020-11-25,1681
2020-11-26,1682
2020-11-27,1683
2020-11-30,1684
2020-12-01,1685
2020-12-02,1686
2020-12-03,1687
2020-12-04,1688
2020-12-07,1689
2020-12-08,1690
2020-12-09,1691
2020-12-10,1692
2020-12-11,1693
2020-12-14,1694
2020-12-15,1695
2020-12-16,1696
2020-12-17,1697
2020-12-18,1698
2020-12-21,1699
2020-12-22,1700
2020-12-23,1701
2020-12-24,1702
2020-12-25,1703
2020-12-28,1704
2020-12-29,1705
2020-12-30,1706
2020-12-31,1707
2021-01-04,1708
2021-01-05,1709
2021-01-06,1710
2021-01-07,1711
2021-01-08,1712
2021-01-11,1713
2021-01-12,1714
2021-01-13,1715
2021-01-14,1716
2021-01-15,1717
2021-01-18,1718
2021-01-19,1719
2021-01-20,1720
2021-01-21,1721
2021-01-22,1722
2021-01-25,1723
2021-01-26,1724
2021-01-27,1725
2021-01-28,1726
2021-01-29,1727
2021-02-01,1728
2021-02-02,1729
2021-02-03,1730
2021-02-04,1731
2021-02-05,1732
2021-02-08,1733
2021-02-09,1734
2021-02-10,1735
2021-02-18,1736
2021-02-19,1737
2021-02-22,1738
2021-02-23,1739
2021-02-24,1740
2021-02-25,1741
2021-02-26,1742
2021-03-01,1743
2021-03-02,1744
2021-03-03,1745
2021-03-04,1746
2021-03-05,1747
2021-03-08,1748
2021-03-09,1749
2021-03-10,1750
2021-03-11,1751
2021-03-12,1752
2021-03-15,1753
2021-03-16,1754
2021-03-17,1755
2021-03-18,1756
2021-03-19,1757
2021-03-22,1758
2021-03-23,1759
2021-03-24,1760
2021-03-25,1761
2021-03-26,1762
2021-03-29,1763
2021-03-30,1764
2021-03-31,1765
2021-04-01,1766
2021-04-02,1767
2021-04-06,1768
2021-04-07,1769
2021-04-08,1770
2021-04-09,1771
2021-04-12,1772
2021-04-13,1773
2021-04-14,1774
2021-04-15,1775
2021-04-16,1776
2021-04-19,1777
2021-04-20,1778
2021-04-21,1779
2021-04-22,1780
2021-04-23,1781
2021-04-26,1782
2021-04-27,1783
2021-04-28,1784
2021-04-29,1785
2021-04-30,1786
2021-05-06,1787
2021-05-07,1788
2021-05-10,1789
2021-05-11,1790
2021-05-12,1791
2021-05-13,1792
2021-05-14,1793
2021-05-17,1794
2021-05-18,1795
2021-05-19,1796
2021-05-20,1797
2021-05-21,1798
2021-05-24,1799
2021-05-25,1800
2021-05-26,1801
2021-05-27,1802
2021-05-28,1803
2021-05-31,1804
2021-06-01,1805
2021-06-02,1806
2021-06-03,1807
2021-06-04,1808
2021-06-07,1809
2021-06-08,1810
2021-06-09,1811
2021-06-10,1812
2021-06-11,1813
2021-06-15,1814
2021-06-16,1815
2021-06-17,1816
2021-06-18,1817
2021-06-21,1818
2021-06-22,1819
2021-06-23,1820
2021-06-24,1821
2021-06-25,1822
2021-06-28,1823
2021-06-29,1824
2021-06-30,1825
2021-07-01,1826
2021-07-02,1827
2021-07-05,1828
2021-07-06,1829
2021-07-07,1830
2021-07-08,1831
2021-07-09,1832
2021-07-12,1833
2021-07-13,1834
2021-07-14,1835
2021-07-15,1836
2021-07-16,1837
2021-07-19,1838
2021-07-20,1839
2021-07-21,1840
2021-07-22,1841
2021-07-23,1842
2021-07-26,1843
2021-07-27,1844
2021-07-28,1845
2021-07-29,1846
2021-07-30,1847
2021-08-02,1848
2021-08-03,1849
2021-08-04,1850
2021-08-05,1851
2021-08-06,1852
2021-08-09,1853
2021-08-10,1854
2021-08-11,1855
2021-08-12,1856
2021-08-13,1857
2021-08-16,1858
2021-08-17,1859
2021-08-18,1860
2021-08-19,1861
2021-08-20,1862
2021-08-23,1863
2021-08-24,1864
2021-08-25,1865
2021-08-26,1866
2021-08-27,1867
2021-08-30,1868
2021-08-31,1869
2021-09-01,1870
2021-09-02,1871
2021-09-03,1872
2021-09-06,1873
2021-09-07,1874
2021-09-08,1875
2021-09-09,1876
2021-09-10,1877
2021-09-13,1878
2021-09-14,1879
2021-09-15,1880
2021-09-16,1881
2021-09-17,1882
2021-09-22,1883
2021-09-23,1884
2021-09-24,1885
2021-09-27,1886
2021-09-28,1887
2021-09-29,1888
2021-09-30,1889
2021-10-08,1890
2021-10-11,1891
2021-10-12,1892
2021-10-13,1893
2021-10-14,1894
2021-10-15,1895
2021-10-18,1896
2021-10-19,1897
2021-10-20,1898
2021-10-21,1899
2021-10-22,1900
2021-10-25,1901
2021-10-26,1902
2021-10-27,1903
2021-10-28,1904
2021-10-29,1905
2021-11-01,1906
2021-11-02,1907
2021-11-03,1908
2021-11-04,1909
2021-11-05,1910
2021-11-08,1911
2021-11-09,1912
2021-11-10,1913
2021-11-11,1914
2021-11-12,1915
2021-11-15,1916
2021-11-16,1917
2021-11-17,1918
2021-11-18,1919
2021-11-19,1920
2021-11-22,1921
2021-11-23,1922
2021-11-24,1923
2021-11-25,1924
2021-11-26,1925
2021-11-29,1926
2021-11-30,1927
2021-12-01,1928
2021-12-02,1929
2021-12-03,1930
2021-12-06,1931
2021-12-07,1932
2021-12-08,1933
2021-12-09,1934
2021-12-10,1935
2021-12-13,1936
2021-12-14,1937
2021-12-15,1938
2021-12-16,1939
2021-12-17,1940
2021-12-20,1941
2021-12-21,1942
2021-12-22,1943
2021-12-23,1944
2021-12-24,1945
2021-12-27,1946
2021-12-28,1947
2021-12-29,1948
2021-12-30,1949
2021-12-31,1950
2022-01-04,1951
2022-01-05,1952
2022-01-06,1953
2022-01-07,1954
2022-01-10,1955
2022-01-11,1956
2022-01-12,1957
2022-01-13,1958
2022-01-14,1959
2022-01-17,1960
2022-01-18,1961
2022-01-19,1962
2022-01-20,1963
2022-01-21,1964
2022-01-24,1965
2022-01-25,1966
2022-01-26,1967
2022-01-27,1968
2022-01-28,1969
2022-02-07,1970
2022-02-08,1971
2022-02-09,1972
2022-02-10,1973
2022-02-11,1974
2022-02-14,1975
2022-02-15,1976
2022-02-16,1977
2022-02-17,1978
2022-02-18,1979
2022-02-21,1980
2022-02-22,1981
2022-02-23,1982
2022-02-24,1983
2022-02-25,1984
2022-02-28,1985
2022-03-01,1986
2022-03-02,1987
2022-03-03,1988
2022-03-04,1989
2022-03-07,1990
2022-03-08,1991
2022-03-09,1992
2022-03-10,1993
2022-03-11,1994
2022-03-14,1995
2022-03-15,1996
2022-03-16,1997
2022-03-17,1998
2022-03-18,1999
2022-03-21,2000
2022-03-22,2001
2022-03-23,2002
2022-03-24,2003
2022-03-25,2004
2022-03-28,2005
2022-03-29,2006
2022-03-30,2007
2022-03-31,2008
2022-04-01,2009
2022-04-06,2010
2022-04-07,2011
2022-04-08,2012
2022-04-11,2013
2022-04-12,2014
2022-04-13,2015
2022-04-14,2016
2022-04-15,2017
2022-04-18,2018
2022-04-19,2019
2022-04-20,2020
2022-04-21,2021
2022-04-22,2022
2022-04-25,2023
2022-04-26,2024
2022-04-27,2025
2022-04-28,2026
2022-04-29,2027
2022-05-05,2028
2022-05-06,2029
2022-05-09,2030
2022-05-10,2031
2022-05-11,2032
2022-05-12,2033
2022-05-13,2034
2022-05-16,2035
2022-05-17,2036
2022-05-18,2037
2022-05-19,2038
2022-05-20,2039
2022-05-23,2040
2022-05-24,2041
2022-05-25,2042
2022-05-26,2043
2022-05-27,2044
2022-05-30,2045
2022-05-31,2046
2022-06-01,2047
2022-06-02,2048
2022-06-06,2049
2022-06-07,2050
2022-06-08,2051
2022-06-09,2052
2022-06-10,2053
2022-06-13,2054
2022-06-14,2055
2022-06-15,2056
2022-06-16,2057
2022-06-17,2058
2022-06-20,2059
2022-06-21,2060
2022-06-22,2061
2022-06-23,2062
2022-06-24,2063
2022-06-27,2064
2022-06-28,2065
2022-06-29,2066
2022-06-30,2067
2022-07-01,2068
2022-07-04,2069
2022-07-05,2070
2022-07-06,2071
2022-07-07,2072
2022-07-08,2073
2022-07-11,2074
2022-07-12,2075
2022-07-13,2076
2022-07-14,2077
2022-07-15,2078
2022-07-18,2079
2022-07-19,2080
2022-07-20,2081
2022-07-21,2082
2022-07-22,2083
2022-07-25,2084
2022-07-26,2085
2022-07-27,2086
2022-07-28,2087
2022-07-29,2088
2022-08-01,2089
2022-08-02,2090
2022-08-03,2091
2022-08-04,2092
2022-08-05,2093
2022-08-08,2094
2022-08-09,2095
2022-08-10,2096
2022-08-11,2097
2022-08-12,2098
2022-08-15,2099
2022-08-16,2100
2022-08-17,2101
2022-08-18,2102
2022-08-19,2103
2022-08-22,2104
2022-08-23,2105
2022-08-24,2106
2022-08-25,2107
2022-08-26,2108
2022-08-29,2109
2022-08-30,2110
2022-08-31,2111
2022-09-01,2112
2022-09-02,2113
2022-09-05,2114
2022-09-06,2115
2022-09-07,2116
2022-09-08,2117
2022-09-09,2118
2022-09-13,2119
2022-09-14,2120
2022-09-15,2121
2022-09-16,2122
2022-09-19,2123
2022-09-20,2124
2022-09-21,2125
2022-09-22,2126
2022-09-23,2127
2022-09-26,2128
2022-09-27,2129
2022-09-28,2130
2022-09-29,2131
2022-09-30,2132
2022-10-10,2133
2022-10-11,2134
2022-10-12,2135
2022-10-13,2136
2022-10-14,2137
2022-10-17,2138
2022-10-18,2139
2022-10-19,2140
2022-10-20,2141
2022-10-21,2142
2022-10-24,2143
2022-10-25,2144
2022-10-26,2145
2022-10-27,2146
2022-10-28,2147
2022-10-31,2148
2022-11-01,2149
2022-11-02,2150
2022-11-03,2151
2022-11-04,2152
2022-11-07,2153
2022-11-08,2154
2022-11-09,2155
2022-11-10,2156
2022-11-11,2157
2022-11-14,2158
2022-11-15,2159
2022-11-16,2160
2022-11-17,2161
2022-11-18,2162
2022-11-21,2163
2022-11-22,2164
2022-11-23,2165
2022-11-24,2166
2022-11-25,2167
2022-11-28,2168
2022-11-29,2169
2022-11-30,2170
2022-12-01,2171
2022-12-02,2172
2022-12-05,2173
2022-12-06,2174
2022-12-07,2175
2022-12-08,2176
2022-12-09,2177
2022-12-12,2178
2022-12-13,2179
2022-12-14,2180
2022-12-15,2181
2022-12-16,2182
2022-12-19,2183
2022-12-20,2184
2022-12-21,2185
2022-12-22,2186
2022-12-23,2187
2022-12-26,2188
2022-12-27,2189
2022-12-28,2190
2022-12-29,2191
2022-12-30,2192
2023-01-03,2193
2023-01-04,2194
2023-01-05,2195
2023-01-06,2196
2023-01-09,2197
2023-01-10,2198
2023-01-11,2199
2023-01-12,2200
2023-01-13,2201
2023-01-16,2202
2023-01-17,2203
2023-01-18,2204
2023-01-19,2205
2023-01-20,2206
2023-01-30,2207
2023-01-31,2208
2023-02-01,2209
2023-02-02,2210
2023-02-03,2211
2023-02-06,2212
2023-02-07,2213
2023-02-08,2214
2023-02-09,2215
2023-02-10,2216
2023-02-13,2217
2023-02-14,2218
2023-02-15,2219
2023-02-16,2220
2023-02-17,2221
2023-02-20,2222
2023-02-21,2223
2023-02-22,2224
2023-02-23,2225
2023-02-24,2226
2023-02-27,2227
2023-02-28,2228
2023-03-01,2229
2023-03-02,2230
2023-03-03,2231
2023-03-06,2232
2023-03-07,2233
2023-03-08,2234
2023-03-09,2235
2023-03-10,2236
2023-03-13,2237
2023-03-14,2238
2023-03-15,2239
2023-03-16,2240
2023-03-17,2241
2023-03-20,2242
2023-03-21,2243
2023-03-22,2244
2023-03-23,2245
2023-03-24,2246
2023-03-27,2247
2023-03-28,2248
2023-03-29,2249
2023-03-30,2250
2023-03-31,2251
2023-04-03,2252
2023-04-04,2253
2023-04-06,2254
2023-04-07,2255
2023-04-10,2256
2023-04-11,2257
2023-04-12,2258
2023-04-13,2259
2023-04-14,2260
2023-04-17,2261
2023-04-18,2262
2023-04-19,2263
2023-04-20,2264
2023-04-21,2265
2023-04-24,2266
2023-04-25,2267
2023-04-26,2268
2023-04-27,2269
2023-04-28,2270
2023-05-04,2271
2023-05-05,2272
2023-05-08,2273
2023-05-09,2274
2023-05-10,2275
2023-05-11,2276
2023-05-12,2277
2023-05-15,2278
2023-05-16,2279
2023-05-17,2280
2023-05-18,2281
2023-05-19,2282
2023-05-22,2283
2023-05-23,2284
2023-05-24,2285
2023-05-25,2286
2023-05-26,2287
2023-05-29,2288
2023-05-30,2289
2023-05-31,2290
2023-06-01,2291
2023-06-02,2292
2023-06-05,2293
2023-06-06,2294
2023-06-07,2295
2023-06-08,2296
2023-06-09,2297
2023-06-12,2298
2023-06-13,2299
2023-06-14,2300
2023-06-15,2301
2023-06-16,2302
2023-06-19,2303
2023-06-20,2304
2023-06-21,2305
2023-06-26,2306
2023-06-27,2307
2023-06-28,2308
2023-06-29,2309
2023-06-30,2310
2023-07-03,2311
2023-07-04,2312
2023-07-05,2313
2023-07-06,2314
2023-07-07,2315
2023-07-10,2316
2023-07-11,2317
2023-07-12,2318
2023-07-13,2319
2023-07-14,2320
2023-07-17,2321
2023-07-18,2322
2023-07-19,2323
2023-07-20,2324
2023-07-21,2325
2023-07-24,2326
2023-07-25,2327
2023-07-26,2328
2023-07-27,2329
2023-07-28,2330
2023-07-31,2331
2023-08-01,2332
2023-08-02,2333
2023-08-03,2334
2023-08-04,2335
2023-08-07,2336
2023-08-08,2337
2023-08-09,2338
2023-08-10,2339
2023-08-11,2340
2023-08-14,2341
2023-08-15,2342
2023-08-16,2343
2023-08-17,2344
2023-08-18,2345
2023-08-21,2346
2023-08-22,2347
2023-08-23,2348
2023-08-24,2349
2023-08-25,2350
2023-08-28,2351
2023-08-29,2352
2023-08-30,2353
2023-08-31,2354
2023-09-01,2355
2023-09-04,2356
2023-09-05,2357
2023-09-06,2358
2023-09-07,2359
2023-09-08,2360
2023-09-11,2361
2023-09-12,2362
2023-09-13,2363
2023-09-14,2364
2023-09-15,2365
2023-09-18,2366
2023-09-19,2367
2023-09-20,2368
2023-09-21,2369
2023-09-22,2370
2023-09-25,2371
2023-09-26,2372
2023-09-27,2373
2023-09-28,2374
2023-10-09,2375
2023-10-10,2376
2023-10-11,2377
2023-10-12,2378
2023-10-13,2379
2023-10-16,2380
2023-10-17,2381
2023-10-18,2382
2023-10-19,2383
2023-10-20,2384
2023-10-23,2385
2023-10-24,2386
2023-10-25,2387
2023-10-26,2388
2023-10-27,2389
2023-10-30,2390
2023-10-31,2391
2023-11-01,2392
2023-11-02,2393
2023-11-03,2394
2023-11-06,2395
2023-11-07,2396
2023-11-08,2397
2023-11-09,2398
2023-11-10,2399
2023-11-13,2400
2023-11-14,2401
2023-11-15,2402
2023-11-16,2403
2023-11-17,2404
2023-11-20,2405
2023-11-21,2406
2023-11-22,2407
2023-11-23,2408
2023-11-24,2409
2023-11-27,2410
2023-11-28,2411
2023-11-29,2412
2023-11-30,2413
2023-12-01,2414
2023-12-04,2415
2023-12-05,2416
2023-12-06,2417
2023-12-07,2418
2023-12-08,2419
2023-12-11,2420
2023-12-12,2421
2023-12-13,2422
2023-12-14,2423
2023-12-15,2424
2023-12-18,2425
2023-12-19,2426
2023-12-20,2427
2023-12-21,2428
2023-12-22,2429
2023-12-25,2430
2023-12-26,2431
2023-12-27,2432
2023-12-28,2433
2023-12-29,2434
2024-01-02,2435
2024-01-03,2436
2024-01-04,2437
2024-01-05,2438
2024-01-08,2439
2024-01-09,2440
2024-01-10,2441
2024-01-11,2442
2024-01-12,2443
2024-01-15,2444
2024-01-16,2445
2024-01-17,2446
2024-01-18,2447
2024-01-19,2448
2024-01-22,2449
2024-01-23,2450
2024-01-24,2451
2024-01-25,2452
2024-01-26,2453
2024-01-29,2454
2024-01-30,2455
2024-01-31,2456
2024-02-01,2457
2024-02-02,2458
2024-02-05,2459
2024-02-06,2460
2024-02-07,2461
2024-02-08,2462
2024-02-19,2463
2024-02-20,2464
2024-02-21,2465
2024-02-22,2466
2024-02-23,2467
2024-02-26,2468
2024-02-27,2469
2024-02-28,2470
2024-02-29,2471
2024-03-01,2472
2024-03-04,2473
2024-03-05,2474
2024-03-06,2475
2024-03-07,2476
2024-03-08,2477
2024-03-11,2478
2024-03-12,2479
2024-03-13,2480
2024-03-14,2481
2024-03-15,2482
2024-03-18,2483
2024-03-19,2484
2024-03-20,2485
2024-03-21,2486
2024-03-22,2487
2024-03-25,2488
2024-03-26,2489
2024-03-27,2490
2024-03-28,2491
2024-03-29,2492
2024-04-01,2493
2024-04-02,2494
2024-04-03,2495
2024-04-08,2496
2024-04-09,2497
2024-04-10,2498
2024-04-11,2499
2024-04-12,2500
2024-04-15,2501
2024-04-16,2502
2024-04-17,2503
2024-04-18,2504
2024-04-19,2505
2024-04-22,2506
2024-04-23,2507
2024-04-24,2508
2024-04-25,2509
2024-04-26,2510
2024-04-29,2511
2024-04-30,2512
2024-05-06,2513
2024-05-07,2514
2024-05-08,2515
2024-05-09,2516
2024-05-10,2517
2024-05-13,2518
2024-05-14,2519
2024-05-15,2520
2024-05-16,2521
2024-05-17,2522
2024-05-20,2523
2024-05-21,2524
2024-05-22,2525
2024-05-23,2526
2024-05-24,2527
2024-05-27,2528
2024-05-28,2529
2024-05-29,2530
2024-05-30,2531
2024-05-31,2532
2024-06-03,2533
2024-06-04,2534
2024-06-05,2535
2024-06-06,2536
2024-06-07,2537
2024-06-11,2538
2024-06-12,2539
2024-06-13,2540
2024-06-14,2541
2024-06-17,2542
2024-06-18,2543
2024-06-19,2544
2024-06-20,2545
2024-06-21,2546
2024-06-24,2547
2024-06-25,2548
2024-06-26,2549
2024-06-27,2550
2024-06-28,2551
2024-07-01,2552
2024-07-02,2553
2024-07-03,2554
2024-07-04,2555
2024-07-05,2556
2024-07-08,2557
2024-07-09,2558
2024-07-10,2559
2024-07-11,2560
2024-07-12,2561
2024-07-15,2562
2024-07-16,2563
2024-07-17,2564
2024-07-18,2565
2024-07-19,2566
2024-07-22,2567
2024-07-23,2568
2024-07-24,2569
2024-07-25,2570
2024-07-26,2571
2024-07-29,2572
2024-07-30,2573
2024-07-31,2574
2024-08-01,2575
2024-08-02,2576
2024-08-05,2577
2024-08-06,2578
2024-08-07,2579
2024-08-08,2580
2024-08-09,2581
2024-08-12,2582
2024-08-13,2583
2024-08-14,2584
2024-08-15,2585
2024-08-16,2586
2024-08-19,2587
2024-08-20,2588
2024-08-21,2589
2024-08-22,2590
2024-08-23,2591
2024-08-26,2592
2024-08-27,2593
2024-08-28,2594
2024-08-29,2595
2024-08-30,2596
2024-09-02,2597
2024-09-03,2598
2024-09-04,2599
2024-09-05,2600
2024-09-06,2601
2024-09-09,2602
2024-09-10,2603
2024-09-11,2604
2024-09-12,2605
2024-09-13,2606
2024-09-18,2607
2024-09-19,2608
2024-09-20,2609
2024-09-23,2610
2024-09-24,2611
2024-09-25,2612
2024-09-26,2613
2024-09-27,2614
2024-09-30,2615
2024-10-08,2616
2024-10-09,2617
2024-10-10,2618
2024-10-11,2619
2024-10-14,2620
2024-10-15,2621
2024-10-16,2622
2024-10-17,2623
2024-10-18,2624
2024-10-21,2625
2024-10-22,2626
2024-10-23,2627
2024-10-24,2628
2024-10-25,2629
2024-10-28,2630
2024-10-29,2631
2024-10-30,2632
2024-10-31,2633
2024-11-01,2634
2024-11-04,2635
2024-11-05,2636
2024-11-06,2637
2024-11-07,2638
2024-11-08,2639
2024-11-11,2640
2024-11-12,2641
2024-11-13,2642
2024-11-14,2643
2024-11-15,2644
2024-11-18,2645
2024-11-19,2646
2024-11-20,2647
2024-11-21,2648
2024-11-22,2649
2024-11-25,2650
2024-11-26,2651
2024-11-27,2652
2024-11-28,2653
2024-11-29,2654
2024-12-02,2655
2024-12-03,2656
2024-12-04,2657
2024-12-05,2658
2024-12-06,2659
2024-12-09,2660
2024-12-10,2661
2024-12-11,2662
2024-12-12,2663
2024-12-13,2664
2024-12-16,2665
2024-12-17,2666
2024-12-18,2667
2024-12-19,2668
2024-12-20,2669
2024-12-23,2670
2024-12-24,2671
2024-12-25,2672
2024-12-26,2673
2024-12-27,2674
2024-12-30,2675
2024-12-31,2676
2025-01-02,2677
2025-01-03,2678
2025-01-06,2679
2025-01-07,2680
2025-01-08,2681
2025-01-09,2682
2025-01-10,2683
2025-01-13,2684
2025-01-14,2685
2025-01-15,2686
2025-01-16,2687
2025-01-17,2688
2025-01-20,2689
2025-01-21,2690
2025-01-22,2691
2025-01-23,2692
2025-01-24,2693
2025-01-27,2694
2025-02-05,2695
2025-02-06,2696
2025-02-07,2697
2025-02-10,2698
2025-02-11,2699
2025-02-12,2700
2025-02-13,2701
2025-02-14,2702
2025-02-17,2703
2025-02-18,2704
2025-02-19,2705
2025-02-20,2706
2025-02-21,2707
2025-02-24,2708
2025-02-25,2709
2025-02-26,2710
2025-02-27,2711
2025-02-28,2712
2025-03-03,2713
2025-03-04,2714
2025-03-05,2715
2025-03-06,2716
2025-03-07,2717
2025-03-10,2718
2025-03-11,2719
2025-03-12,2720
2025-03-13,2721
2025-03-14,2722
2025-03-17,2723
2025-03-18,2724
2025-03-19,2725
2025-03-20,2726
2025-03-21,2727
2025-03-24,2728
2025-03-25,2729
2025-03-26,2730
2025-03-27,2731
2025-03-28,2732
2025-03-31,2733
2025-04-01,2734
2025-04-02,2735
2025-04-03,2736
2025-04-07,2737
2025-04-08,2738
2025-04-09,2739
2025-04-10,2740
2025-04-11,2741
2025-04-14,2742
2025-04-15,2743
2025-04-16,2744
2025-04-17,2745
2025-04-18,2746
2025-04-21,2747
2025-04-22,2748
2025-04-23,2749
2025-04-24,2750
2025-04-25,2751
2025-04-28,2752
2025-04-29,2753
2025-04-30,2754
2025-05-06,2755
2025-05-07,2756
2025-05-08,2757
2025-05-09,2758
2025-05-12,2759
2025-05-13,2760
2025-05-14,2761
2025-05-15,2762
2025-05-16,2763
2025-05-19,2764
2025-05-20,2765
2025-05-21,2766
2025-05-22,2767
2025-05-23,2768
2025-05-26,2769
2025-05-27,2770
2025-05-28,2771
2025-05-29,2772
2025-05-30,2773
2025-06-03,2774
2025-06-04,2775
2025-06-05,2776
2025-06-06,2777
2025-06-09,2778
2025-06-10,2779
2025-06-11,2780
2025-06-12,2781
2025-06-13,2782
2025-06-16,2783
2025-06-17,2784
2025-06-18,2785
2025-06-19,2786
2025-06-20,2787
2025-06-23,2788
2025-06-24,2789
2025-06-25,2790
2025-06-26,2791
2025-06-27,2792
2025-06-30,2793
2025-07-01,2794
2025-07-02,2795
2025-07-03,2796
2025-07-04,2797
2025-07-07,2798
2025-07-08,2799
2025-07-09,2800
2025-07-10,2801
2025-07-11,2802
2025-07-14,2803
2025-07-15,2804
2025-07-16,2805
2025-07-17,2806
2025-07-18,2807
2025-07-21,2808
2025-07-22,2809
2025-07-23,2810
2025-07-24,2811
2025-07-25,2812
2025-07-28,2813
2025-07-29,2814
2025-07-30,2815
2025-07-31,2816
2025-08-01,2817
2025-08-04,2818
2025-08-05,2819
2025-08-06,2820
2025-08-07,2821
2025-08-08,2822
2025-08-11,2823
2025-08-12,2824
2025-08-13,2825
2025-08-14,2826
2025-08-15,2827
2025-08-18,2828
2025-08-19,2829
2025-08-20,2830
2025-08-21,2831
2025-08-22,2832
2025-08-25,2833
2025-08-26,2834
2025-08-27,2835
2025-08-28,2836
2025-08-29,2837
2025-09-01,2838
2025-09-02,2839
2025-09-03,2840
2025-09-04,2841
2025-09-05,2842
2025-09-08,2843
2025-09-09,2844
2025-09-10,2845
2025-09-11,2846
2025-09-12,2847
2025-09-15,2848
2025-09-16,2849
2025-09-17,2850
2025-09-18,2851
2025-09-19,2852
2025-09-22,2853
2025-09-23,2854
2025-09-24,2855
2025-09-25,2856
2025-09-26,2857
2025-09-29,2858
2025-09-30,2859
2025-10-09,2860
2025-10-10,2861
2025-10-13,2862
2025-10-14,2863
2025-10-15,2864
2025-10-16,2865
2025-10-17,2866
2025-10-20,2867
2025-10-21,2868
2025-10-22,2869
2025-10-23,2870
2025-10-24,2871
2025-10-27,2872
2025-10-28,2873
2025-10-29,2874
2025-10-30,2875
2025-10-31,2876
2025-11-03,2877
2025-11-04,2878
2025-11-05,2879
2025-11-06,2880
2025-11-07,2881
2025-11-10,2882
2025-11-11,2883
2025-11-12,2884
2025-11-13,2885
2025-11-14,2886
2025-11-17,2887
2025-11-18,2888
2025-11-19,2889
2025-11-20,2890
2025-11-21,2891
2025-11-24,2892
2025-11-25,2893
2025-11-26,2894
2025-11-27,2895
2025-11-28,2896
2025-12-01,2897
2025-12-02,2898
2025-12-03,2899
2025-12-04,2900
2025-12-05,2901
2025-12-08,2902
2025-12-09,2903
2025-12-10,2904
2025-12-11,2905
2025-12-12,2906
2025-12-15,2907
2025-12-16,2908
2025-12-17,2909
2025-12-18,2910
2025-12-19,2911
2025-12-22,2912
2025-12-23,2913
2025-12-24,2914
2025-12-25,2915
2025-12-26,2916
2025-12-29,2917
2025-12-30,2918
2025-12-31,2919
2026-01-05,2920
2026-01-06,2921
2026-01-07,2922
2026-01-08,2923
2026-01-09,2924
2026-01-12,2925
2026-01-13,2926
2026-01-14,2927
2026-01-15,2928
2026-01-16,2929
2026-01-19,2930
2026-01-20,2931
2026-01-21,2932
2026-01-22,2933
2026-01-23,2934
2026-01-26,2935
2026-01-27,2936
2026-01-28,2937
2026-01-29,2938
2026-01-30,2939
2026-02-02,2940
2026-02-03,2941
2026-02-04,2942
2026-02-05,2943
2026-02-06,2944
2026-02-09,2945
2026-02-10,2946
2026-02-11,2947
2026-02-12,2948
2026-02-13,2949
2026-02-24,2950
2026-02-25,2951
2026-02-26,2952
2026-02-27,2953
2026-03-02,2954
2026-03-03,2955
2026-03-04,2956
2026-03-05,2957
2026-03-06,2958
2026-03-09,2959
2026-03-10,2960
2026-03-11,2961
2026-03-12,2962
2026-03-13,2963
2026-03-16,2964
2026-03-17,2965
2026-03-18,2966
2026-03-19,2967
2026-03-20,2968
2026-03-23,2969
2026-03-24,2970
2026-03-25,2971
2026-03-26,2972
2026-03-27,2973
2026-03-30,2974
2026-03-31,2975
2026-04-01,2976
2026-04-02,2977
2026-04-03,2978
2026-04-07,2979
2026-04-08,2980
2026-04-09,2981
2026-04-10,2982
2026-04-13,2983
2026-04-14,2984
2026-04-15,2985
2026-04-16,2986
2026-04-17,2987
2026-04-20,2988
2026-04-21,2989
2026-04-22,2990
2026-04-23,2991
2026-04-24,2992
2026-04-27,2993
2026-04-28,2994
2026-04-29,2995
2026-04-30,2996
