factor_name,factor_family,layer,direction,target_label,train_rank_ic_mean,test_rank_ic_mean,train_positive_ic_ratio,test_positive_ic_ratio,train_top_minus_bottom,test_top_minus_bottom,keep_flag,keep_reason,priority_score,fold_id,train_anchor_years
indicator__roe,indicator,base_core,larger_better,y_quarter_avg_daily_return_close,0.105681,0.186312,0.625,0.833333,-0.00065153,0.00043448,1,pass_train_ic_and_test_ic_positive_ratio_and_structure|selected_after_layer_caps,194.645764,expanding_01,5
indicator__eps,indicator,base_core,larger_better,y_quarter_avg_daily_return_close,0.073011,0.253266,0.5,1.0,0.00032139,0.00076843,1,pass_train_ic_and_test_ic_positive_ratio_and_structure|selected_after_layer_caps,263.266768,expanding_01,5
derived__log_total_assets,derived,base_core,larger_better,y_quarter_avg_daily_return_close,0.123968,0.016987,0.625,0.666667,0.0009746,-0.00034294,0,fail_threshold_rule,23.653327,expanding_01,5
bank_indicator__Nonperforming_loan_rate,bank_indicator,base_core,smaller_better,y_year_avg_daily_return_close,0.191488,0.440019,0.764706,1.0,0.00023243,0.00080554,1,pass_train_ic_and_test_ic_positive_ratio_and_structure|selected_after_layer_caps,450.019806,expanding_01,5
bank_indicator__non_performing_loan_provision_coverage,bank_indicator,base_core,larger_better,y_year_avg_daily_return_close,0.050207,0.492055,0.529412,1.0,-8.665e-05,0.00091862,1,pass_train_ic_and_test_ic_positive_ratio_and_structure|selected_after_layer_caps,502.055919,expanding_01,5
bank_indicator__deposit_loan_ratio,bank_indicator,base_core,smaller_better,y_year_avg_daily_return_close,0.137916,0.310985,0.764706,1.0,0.00021168,0.00050241,1,pass_train_ic_and_test_ic_positive_ratio_and_structure|selected_after_layer_caps,320.985502,expanding_01,5
bank_indicator__capital_adequacy_ratio,bank_indicator,base_core,larger_better,y_year_avg_daily_return_close,0.125512,0.193768,0.529412,0.833333,0.00026626,0.00025344,1,pass_train_ic_and_test_ic_positive_ratio_and_structure|selected_after_layer_caps,202.101583,expanding_01,5
improve__annual_delta__bank_indicator__Nonperforming_loan_rate,improvement_bank_indicator,improvement_layer,smaller_better,y_year_avg_daily_return_close,0.082644,0.315421,0.642857,1.0,6.364e-05,0.00054849,1,pass_train_ic_and_test_ic_positive_ratio_and_structure|selected_after_layer_caps,325.421548,expanding_01,5
improve__snapshot_delta__derived__investment_income_to_operating_revenue,improvement_derived,improvement_layer,smaller_better,y_quarter_avg_daily_return_close,0.027117,0.218749,0.533333,0.666667,0.00014633,0.00076544,1,pass_train_ic_and_test_ic_positive_ratio_and_structure|selected_after_layer_caps,225.416435,expanding_01,5
bank_indicator__non_interest_income_ratio,bank_indicator,watch_layer,larger_better,y_year_avg_daily_return_close,0.064595,0.051413,0.647059,0.666667,0.00015941,-0.0001249,1,pass_train_ic_and_test_ic_positive_ratio_and_structure|selected_after_layer_caps,58.079545,expanding_01,5
bank_indicator__net_interest_margin,bank_indicator,watch_layer,larger_better,y_year_avg_daily_return_close,0.178425,0.008822,0.764706,0.5,0.00019347,5.02e-06,1,pass_train_ic_and_test_ic_positive_ratio_and_structure|selected_after_layer_caps,13.822005,expanding_01,5
indicator__inc_net_profit_to_shareholders_annual,indicator,watch_layer,larger_better,y_quarter_avg_daily_return_close,0.060473,-0.071523,0.625,0.333333,-4.574e-05,-0.00032405,0,fail_threshold_rule,-68.189994,expanding_01,5
bank_indicator__cost_to_income_ratio,bank_indicator,watch_layer,smaller_better,y_year_avg_daily_return_close,0.040722,-0.107921,0.588235,0.0,0.00011905,-0.00039762,0,fail_threshold_rule,-107.921398,expanding_01,5
bank_indicator__core_level_capital_adequacy_ratio,bank_indicator,watch_layer,larger_better,y_year_avg_daily_return_close,0.062409,-0.026605,0.470588,0.333333,0.00010806,-3.758e-05,0,fail_threshold_rule,-23.271708,expanding_01,5
derived__investment_income_to_operating_revenue,derived,watch_layer,larger_better,y_quarter_avg_daily_return_close,0.032737,-0.011143,0.5625,0.333333,6.748e-05,-8.242e-05,0,fail_threshold_rule,-7.809752,expanding_01,5
improve__annual_delta__bank_indicator__capital_adequacy_ratio,improvement_bank_indicator,improvement_layer,smaller_better,y_year_avg_daily_return_close,0.223725,0.18855,0.642857,1.0,0.0002383,0.00024866,0,pass_train_ic_and_test_ic_positive_ratio_and_structure|dropped_by_layer_caps,198.550249,expanding_01,5
improve__season_yoy_delta__derived__staff_cash_to_operating_revenue,improvement_derived,improvement_layer,smaller_better,y_quarter_avg_daily_return_close,0.072977,0.101684,0.583333,0.666667,0.00047818,0.00012597,0,pass_train_ic_and_test_ic_positive_ratio_and_structure|dropped_by_layer_caps,108.350796,expanding_01,5
improve__snapshot_delta__indicator__inc_net_profit_to_shareholders_annual,improvement_indicator,improvement_layer,smaller_better,y_quarter_avg_daily_return_close,0.037665,0.121612,0.466667,0.833333,7.168e-05,0.00070606,0,pass_train_ic_and_test_ic_positive_ratio_and_structure|dropped_by_layer_caps,129.946036,expanding_01,5
improve__snapshot_delta__indicator__eps,improvement_indicator,improvement_layer,smaller_better,y_quarter_avg_daily_return_close,0.002178,0.112935,0.6,0.833333,0.00021072,0.00025419,0,pass_train_ic_and_test_ic_positive_ratio_and_structure|dropped_by_layer_caps,121.268584,expanding_01,5
indicator__roe,indicator,base_core,larger_better,y_quarter_avg_daily_return_close,0.120472,0.174252,0.684211,0.833333,-0.00049003,0.00038995,1,pass_train_ic_and_test_ic_positive_ratio_and_structure|selected_after_layer_caps,182.58572,expanding_02,6
indicator__eps,indicator,base_core,larger_better,y_quarter_avg_daily_return_close,0.082579,0.122645,0.578947,0.666667,0.00031283,0.00050732,1,pass_train_ic_and_test_ic_positive_ratio_and_structure|selected_after_layer_caps,129.312177,expanding_02,6
derived__log_total_assets,derived,base_core,larger_better,y_quarter_avg_daily_return_close,0.115672,0.090348,0.631579,0.833333,0.00077893,7.513e-05,1,pass_train_ic_and_test_ic_positive_ratio_and_structure|selected_after_layer_caps,98.681405,expanding_02,6
bank_indicator__Nonperforming_loan_rate,bank_indicator,base_core,smaller_better,y_year_avg_daily_return_close,0.232146,0.071982,0.8,0.5,0.00030649,0.00030618,1,pass_train_ic_and_test_ic_positive_ratio_and_structure|selected_after_layer_caps,76.982306,expanding_02,6
bank_indicator__non_performing_loan_provision_coverage,bank_indicator,base_core,larger_better,y_year_avg_daily_return_close,0.135596,0.09986,0.6,0.5,7.018e-05,0.00027588,1,pass_train_ic_and_test_ic_positive_ratio_and_structure|selected_after_layer_caps,104.860276,expanding_02,6
bank_indicator__deposit_loan_ratio,bank_indicator,base_core,smaller_better,y_year_avg_daily_return_close,0.17164,0.232858,0.8,1.0,0.00025092,0.00039556,1,pass_train_ic_and_test_ic_positive_ratio_and_structure|selected_after_layer_caps,242.858396,expanding_02,6
bank_indicator__capital_adequacy_ratio,bank_indicator,base_core,larger_better,y_year_avg_daily_return_close,0.143941,0.194969,0.6,0.833333,0.00025901,0.00029798,1,pass_train_ic_and_test_ic_positive_ratio_and_structure|selected_after_layer_caps,203.302628,expanding_02,6
improve__annual_delta__bank_indicator__Nonperforming_loan_rate,improvement_bank_indicator,improvement_layer,smaller_better,y_year_avg_daily_return_close,0.142511,-0.103876,0.705882,0.5,0.00019343,-0.00018266,0,fail_threshold_rule,-98.876183,expanding_02,6
improve__snapshot_delta__derived__investment_income_to_operating_revenue,improvement_derived,improvement_layer,smaller_better,y_quarter_avg_daily_return_close,0.062863,0.043069,0.555556,0.5,0.00026304,0.00013616,1,pass_train_ic_and_test_ic_positive_ratio_and_structure|selected_after_layer_caps,48.069136,expanding_02,6
bank_indicator__non_interest_income_ratio,bank_indicator,watch_layer,larger_better,y_year_avg_daily_return_close,0.045044,-0.096074,0.6,0.5,0.00010327,-0.00025389,0,fail_threshold_rule,-91.074254,expanding_02,6
bank_indicator__net_interest_margin,bank_indicator,watch_layer,larger_better,y_year_avg_daily_return_close,0.189919,-0.347375,0.8,0.0,0.00020772,-0.0005245,0,fail_threshold_rule,-347.375524,expanding_02,6
indicator__inc_net_profit_to_shareholders_annual,indicator,watch_layer,larger_better,y_quarter_avg_daily_return_close,0.054394,0.009777,0.578947,0.666667,-5.678e-05,-0.0001469,0,fail_threshold_rule,16.443523,expanding_02,6
bank_indicator__cost_to_income_ratio,bank_indicator,watch_layer,smaller_better,y_year_avg_daily_return_close,0.02499,0.013889,0.5,0.5,3.668e-05,-9.25e-06,0,fail_threshold_rule,18.888991,expanding_02,6
bank_indicator__core_level_capital_adequacy_ratio,bank_indicator,watch_layer,larger_better,y_year_avg_daily_return_close,0.0602,0.080215,0.5,0.666667,0.00011843,-1.715e-05,1,pass_train_ic_and_test_ic_positive_ratio_and_structure|selected_after_layer_caps,86.881653,expanding_02,6
derived__investment_income_to_operating_revenue,derived,watch_layer,larger_better,y_quarter_avg_daily_return_close,0.023399,0.001614,0.526316,0.333333,5.711e-05,0.00016088,0,fail_threshold_rule,4.947491,expanding_02,6
improve__annual_delta__bank_indicator__capital_adequacy_ratio,improvement_bank_indicator,improvement_layer,smaller_better,y_year_avg_daily_return_close,0.208539,0.098454,0.705882,0.666667,0.00020269,0.00027175,1,pass_train_ic_and_test_ic_positive_ratio_and_structure|selected_after_layer_caps,105.120942,expanding_02,6
improve__season_yoy_delta__derived__staff_cash_to_operating_revenue,improvement_derived,improvement_layer,smaller_better,y_quarter_avg_daily_return_close,0.085284,0.018059,0.6,0.5,0.00043054,6.53e-06,0,pass_train_ic_and_test_ic_positive_ratio_and_structure|dropped_by_layer_caps,23.059007,expanding_02,6
improve__snapshot_delta__indicator__inc_net_profit_to_shareholders_annual,improvement_indicator,improvement_layer,smaller_better,y_quarter_avg_daily_return_close,0.038924,0.000574,0.555556,0.333333,8.389e-05,0.0003532,0,fail_threshold_rule,3.907683,expanding_02,6
improve__snapshot_delta__indicator__eps,improvement_indicator,improvement_layer,smaller_better,y_quarter_avg_daily_return_close,0.031171,0.030063,0.722222,0.666667,0.00024199,0.00026304,0,pass_train_ic_and_test_ic_positive_ratio_and_structure|dropped_by_layer_caps,36.729933,expanding_02,6
indicator__roe,indicator,base_core,larger_better,y_quarter_avg_daily_return_close,0.128195,-0.011317,0.681818,0.666667,-0.00036175,1.755e-05,0,fail_threshold_rule,-4.650312,expanding_03,7
indicator__eps,indicator,base_core,larger_better,y_quarter_avg_daily_return_close,0.123297,-0.235476,0.636364,0.166667,0.00044331,-0.000679,0,fail_threshold_rule,-233.810009,expanding_03,7
derived__log_total_assets,derived,base_core,larger_better,y_quarter_avg_daily_return_close,0.094632,0.182425,0.636364,0.833333,0.00061527,0.00046761,1,pass_train_ic_and_test_ic_positive_ratio_and_structure|selected_after_layer_caps,190.758798,expanding_03,7
bank_indicator__Nonperforming_loan_rate,bank_indicator,base_core,smaller_better,y_year_avg_daily_return_close,0.256322,-0.411422,0.826087,0.0,0.00038194,-0.00043965,0,fail_threshold_rule,-411.42244,expanding_03,7
bank_indicator__non_performing_loan_provision_coverage,bank_indicator,base_core,larger_better,y_year_avg_daily_return_close,0.165472,-0.290812,0.652174,0.0,0.00017559,-0.00045738,0,fail_threshold_rule,-290.812457,expanding_03,7
bank_indicator__deposit_loan_ratio,bank_indicator,base_core,smaller_better,y_year_avg_daily_return_close,0.183065,0.057855,0.826087,0.666667,0.00028752,-2.055e-05,1,pass_train_ic_and_test_ic_positive_ratio_and_structure|selected_after_layer_caps,64.521649,expanding_03,7
bank_indicator__capital_adequacy_ratio,bank_indicator,base_core,larger_better,y_year_avg_daily_return_close,0.138938,0.26653,0.608696,1.0,0.00026292,0.00037497,1,pass_train_ic_and_test_ic_positive_ratio_and_structure|selected_after_layer_caps,276.530375,expanding_03,7
improve__annual_delta__bank_indicator__Nonperforming_loan_rate,improvement_bank_indicator,improvement_layer,smaller_better,y_year_avg_daily_return_close,0.152477,-0.151701,0.75,0.5,0.00020909,-0.0002348,0,fail_threshold_rule,-146.701235,expanding_03,7
improve__snapshot_delta__derived__investment_income_to_operating_revenue,improvement_derived,improvement_layer,smaller_better,y_quarter_avg_daily_return_close,0.081699,-0.059679,0.571429,0.333333,0.00032322,-0.00028478,0,fail_threshold_rule,-56.345955,expanding_03,7
bank_indicator__non_interest_income_ratio,bank_indicator,watch_layer,larger_better,y_year_avg_daily_return_close,0.05954,-0.301408,0.652174,0.0,8.524e-05,-0.00042368,0,fail_threshold_rule,-301.408424,expanding_03,7
bank_indicator__net_interest_margin,bank_indicator,watch_layer,larger_better,y_year_avg_daily_return_close,0.134624,-0.419069,0.695652,0.0,0.00014431,-0.00054413,0,fail_threshold_rule,-419.069544,expanding_03,7
indicator__inc_net_profit_to_shareholders_annual,indicator,watch_layer,larger_better,y_quarter_avg_daily_return_close,0.025023,0.068564,0.545455,0.833333,-0.00012165,0.00014601,1,pass_train_ic_and_test_ic_positive_ratio_and_structure|selected_after_layer_caps,76.897476,expanding_03,7
bank_indicator__cost_to_income_ratio,bank_indicator,watch_layer,smaller_better,y_year_avg_daily_return_close,0.000567,0.062634,0.434783,0.666667,-1.573e-05,0.00018524,0,pass_train_ic_and_test_ic_positive_ratio_and_structure|dropped_by_layer_caps,69.300855,expanding_03,7
bank_indicator__core_level_capital_adequacy_ratio,bank_indicator,watch_layer,larger_better,y_year_avg_daily_return_close,0.039272,0.301844,0.478261,1.0,7.006e-05,0.00033642,1,pass_train_ic_and_test_ic_positive_ratio_and_structure|selected_after_layer_caps,311.844336,expanding_03,7
derived__investment_income_to_operating_revenue,derived,watch_layer,larger_better,y_quarter_avg_daily_return_close,0.02111,-0.156085,0.5,0.166667,2.66e-05,-7.152e-05,0,fail_threshold_rule,-154.418402,expanding_03,7
improve__annual_delta__bank_indicator__capital_adequacy_ratio,improvement_bank_indicator,improvement_layer,smaller_better,y_year_avg_daily_return_close,0.213173,-0.14342,0.75,0.166667,0.00024141,-0.00014102,0,fail_threshold_rule,-141.753471,expanding_03,7
improve__season_yoy_delta__derived__staff_cash_to_operating_revenue,improvement_derived,improvement_layer,smaller_better,y_quarter_avg_daily_return_close,0.082399,-0.099831,0.611111,0.166667,0.00036078,-0.00014851,0,fail_threshold_rule,-98.164479,expanding_03,7
improve__snapshot_delta__indicator__inc_net_profit_to_shareholders_annual,improvement_indicator,improvement_layer,smaller_better,y_quarter_avg_daily_return_close,0.061948,-0.082594,0.571429,0.333333,0.00022685,-0.00029979,0,fail_threshold_rule,-79.26097,expanding_03,7
improve__snapshot_delta__indicator__eps,improvement_indicator,improvement_layer,smaller_better,y_quarter_avg_daily_return_close,0.034052,-0.007774,0.666667,0.5,0.00022314,1.08e-06,0,fail_threshold_rule,-2.773999,expanding_03,7
indicator__roe,indicator,base_core,larger_better,y_quarter_avg_daily_return_close,0.138619,-0.152205,0.72,0.333333,-0.00027451,-0.00025274,0,fail_threshold_rule,-148.871923,expanding_04,8
indicator__eps,indicator,base_core,larger_better,y_quarter_avg_daily_return_close,0.092394,-0.22818,0.6,0.166667,0.00035951,-0.00094168,0,fail_threshold_rule,-226.514272,expanding_04,8
derived__log_total_assets,derived,base_core,larger_better,y_quarter_avg_daily_return_close,0.108582,0.121977,0.68,0.666667,0.00061002,0.00051141,1,pass_train_ic_and_test_ic_positive_ratio_and_structure|selected_after_layer_caps,128.644181,expanding_04,8
bank_indicator__Nonperforming_loan_rate,bank_indicator,base_core,smaller_better,y_year_avg_daily_return_close,0.194624,-0.344512,0.730769,0.0,0.00030642,-0.0003242,0,fail_threshold_rule,-344.512324,expanding_04,8
bank_indicator__non_performing_loan_provision_coverage,bank_indicator,base_core,larger_better,y_year_avg_daily_return_close,0.127349,-0.242614,0.576923,0.166667,0.00011765,-0.00040934,0,fail_threshold_rule,-240.947739,expanding_04,8
bank_indicator__deposit_loan_ratio,bank_indicator,base_core,smaller_better,y_year_avg_daily_return_close,0.186285,-0.040119,0.846154,0.5,0.0002843,-0.00019347,0,fail_threshold_rule,-35.119193,expanding_04,8
bank_indicator__capital_adequacy_ratio,bank_indicator,base_core,larger_better,y_year_avg_daily_return_close,0.160937,0.361643,0.653846,1.0,0.00026602,0.00060155,1,pass_train_ic_and_test_ic_positive_ratio_and_structure|selected_after_layer_caps,371.643602,expanding_04,8
improve__annual_delta__bank_indicator__Nonperforming_loan_rate,improvement_bank_indicator,improvement_layer,smaller_better,y_year_avg_daily_return_close,0.078237,0.159925,0.652174,1.0,9.532e-05,0.00018708,1,pass_train_ic_and_test_ic_positive_ratio_and_structure|selected_after_layer_caps,169.925187,expanding_04,8
improve__snapshot_delta__derived__investment_income_to_operating_revenue,improvement_derived,improvement_layer,smaller_better,y_quarter_avg_daily_return_close,0.057766,-0.062468,0.541667,0.333333,0.00023132,-0.0003906,0,fail_threshold_rule,-59.135061,expanding_04,8
bank_indicator__non_interest_income_ratio,bank_indicator,watch_layer,larger_better,y_year_avg_daily_return_close,0.012478,-0.124595,0.576923,0.166667,2.085e-05,-0.00025204,0,fail_threshold_rule,-122.928582,expanding_04,8
bank_indicator__net_interest_margin,bank_indicator,watch_layer,larger_better,y_year_avg_daily_return_close,0.06632,-0.389857,0.615385,0.0,3.875e-05,-0.0003159,0,fail_threshold_rule,-389.857316,expanding_04,8
indicator__inc_net_profit_to_shareholders_annual,indicator,watch_layer,larger_better,y_quarter_avg_daily_return_close,0.044007,-0.054495,0.6,0.666667,-7.841e-05,3.607e-05,0,fail_threshold_rule,-47.828294,expanding_04,8
bank_indicator__cost_to_income_ratio,bank_indicator,watch_layer,smaller_better,y_year_avg_daily_return_close,0.020471,0.101223,0.5,0.666667,2.608e-05,0.00027977,1,pass_train_ic_and_test_ic_positive_ratio_and_structure|selected_after_layer_caps,107.88995,expanding_04,8
bank_indicator__core_level_capital_adequacy_ratio,bank_indicator,watch_layer,larger_better,y_year_avg_daily_return_close,0.064819,0.368446,0.538462,1.0,8.714e-05,0.00056268,1,pass_train_ic_and_test_ic_positive_ratio_and_structure|selected_after_layer_caps,378.446563,expanding_04,8
derived__investment_income_to_operating_revenue,derived,watch_layer,larger_better,y_quarter_avg_daily_return_close,0.017871,-0.216394,0.48,0.333333,8.201e-05,-0.00087751,0,fail_threshold_rule,-213.061548,expanding_04,8
improve__annual_delta__bank_indicator__capital_adequacy_ratio,improvement_bank_indicator,improvement_layer,smaller_better,y_year_avg_daily_return_close,0.179773,-0.345066,0.695652,0.0,0.0002207,-0.00046715,0,fail_threshold_rule,-345.066467,expanding_04,8
improve__season_yoy_delta__derived__staff_cash_to_operating_revenue,improvement_derived,improvement_layer,smaller_better,y_quarter_avg_daily_return_close,0.06641,-0.009941,0.571429,0.333333,0.00030939,-4.544e-05,0,fail_threshold_rule,-6.607715,expanding_04,8
improve__snapshot_delta__indicator__inc_net_profit_to_shareholders_annual,improvement_indicator,improvement_layer,smaller_better,y_quarter_avg_daily_return_close,0.03061,0.091134,0.5,0.666667,0.0001284,-2.445e-05,1,pass_train_ic_and_test_ic_positive_ratio_and_structure|selected_after_layer_caps,97.800646,expanding_04,8
improve__snapshot_delta__indicator__eps,improvement_indicator,improvement_layer,smaller_better,y_quarter_avg_daily_return_close,0.028694,0.002008,0.625,0.5,0.00024725,-0.00026547,0,fail_threshold_rule,7.007735,expanding_04,8
indicator__roe,indicator,base_core,larger_better,y_quarter_avg_daily_return_close,0.099679,-0.043285,0.678571,0.333333,-0.0002793,-7.33e-05,0,fail_threshold_rule,-39.951743,expanding_05,9
indicator__eps,indicator,base_core,larger_better,y_quarter_avg_daily_return_close,0.04542,-0.078633,0.535714,0.333333,0.00020282,-0.00030333,0,fail_threshold_rule,-75.299973,expanding_05,9
derived__log_total_assets,derived,base_core,larger_better,y_quarter_avg_daily_return_close,0.112759,0.127096,0.678571,0.666667,0.00058363,0.00039145,1,pass_train_ic_and_test_ic_positive_ratio_and_structure|selected_after_layer_caps,133.763061,expanding_05,9
bank_indicator__Nonperforming_loan_rate,bank_indicator,base_core,smaller_better,y_year_avg_daily_return_close,0.117665,-0.041602,0.655172,0.4,0.00021195,-2.407e-05,0,fail_threshold_rule,-37.602024,expanding_05,9
bank_indicator__non_performing_loan_provision_coverage,bank_indicator,base_core,larger_better,y_year_avg_daily_return_close,0.071226,0.052879,0.517241,0.6,4.463e-05,-9.666e-05,1,pass_train_ic_and_test_ic_positive_ratio_and_structure|selected_after_layer_caps,58.878903,expanding_05,9
bank_indicator__deposit_loan_ratio,bank_indicator,base_core,smaller_better,y_year_avg_daily_return_close,0.157623,0.155106,0.793103,0.8,0.00022378,3.292e-05,1,pass_train_ic_and_test_ic_positive_ratio_and_structure|selected_after_layer_caps,163.106033,expanding_05,9
bank_indicator__capital_adequacy_ratio,bank_indicator,base_core,larger_better,y_year_avg_daily_return_close,0.17026,0.372807,0.689655,1.0,0.0002861,0.00053588,1,pass_train_ic_and_test_ic_positive_ratio_and_structure|selected_after_layer_caps,382.807536,expanding_05,9
improve__annual_delta__bank_indicator__Nonperforming_loan_rate,improvement_bank_indicator,improvement_layer,smaller_better,y_year_avg_daily_return_close,0.082282,0.090274,0.692308,0.6,0.00010666,6.119e-05,0,pass_train_ic_and_test_ic_positive_ratio_and_structure|dropped_by_layer_caps,96.274061,expanding_05,9
improve__snapshot_delta__derived__investment_income_to_operating_revenue,improvement_derived,improvement_layer,smaller_better,y_quarter_avg_daily_return_close,0.050349,-0.039755,0.518519,0.5,0.00018811,-0.0001749,0,fail_threshold_rule,-34.755175,expanding_05,9
bank_indicator__non_interest_income_ratio,bank_indicator,watch_layer,larger_better,y_year_avg_daily_return_close,-0.015139,-0.017239,0.517241,0.2,-2.005e-05,-0.00014706,0,fail_threshold_rule,-15.239147,expanding_05,9
bank_indicator__net_interest_margin,bank_indicator,watch_layer,larger_better,y_year_avg_daily_return_close,0.020067,-0.289201,0.551724,0.0,1.87e-06,-0.00021719,0,fail_threshold_rule,-289.201217,expanding_05,9
indicator__inc_net_profit_to_shareholders_annual,indicator,watch_layer,larger_better,y_quarter_avg_daily_return_close,0.034178,-0.007345,0.607143,0.666667,-6.429e-05,-2.427e-05,0,fail_threshold_rule,-0.678354,expanding_05,9
bank_indicator__cost_to_income_ratio,bank_indicator,watch_layer,smaller_better,y_year_avg_daily_return_close,0.013324,0.158654,0.482759,0.8,2.585e-05,0.00034892,1,pass_train_ic_and_test_ic_positive_ratio_and_structure|selected_after_layer_caps,166.654349,expanding_05,9
bank_indicator__core_level_capital_adequacy_ratio,bank_indicator,watch_layer,larger_better,y_year_avg_daily_return_close,0.093597,0.350831,0.586207,1.0,0.00012517,0.0004436,1,pass_train_ic_and_test_ic_positive_ratio_and_structure|selected_after_layer_caps,360.831444,expanding_05,9
derived__investment_income_to_operating_revenue,derived,watch_layer,larger_better,y_quarter_avg_daily_return_close,-0.017128,-0.140878,0.428571,0.5,5.57e-06,-0.00075729,0,fail_threshold_rule,-135.878757,expanding_05,9
improve__annual_delta__bank_indicator__capital_adequacy_ratio,improvement_bank_indicator,improvement_layer,smaller_better,y_year_avg_daily_return_close,0.130882,-0.209582,0.615385,0.4,0.00015316,-0.00029799,0,fail_threshold_rule,-205.582298,expanding_05,9
improve__season_yoy_delta__derived__staff_cash_to_operating_revenue,improvement_derived,improvement_layer,smaller_better,y_quarter_avg_daily_return_close,0.037468,0.114095,0.5,0.666667,0.00023346,0.0002089,1,pass_train_ic_and_test_ic_positive_ratio_and_structure|selected_after_layer_caps,120.761879,expanding_05,9
improve__snapshot_delta__indicator__inc_net_profit_to_shareholders_annual,improvement_indicator,improvement_layer,smaller_better,y_quarter_avg_daily_return_close,0.030264,0.131657,0.518519,0.833333,0.00010982,0.00014405,1,pass_train_ic_and_test_ic_positive_ratio_and_structure|selected_after_layer_caps,139.990474,expanding_05,9
improve__snapshot_delta__indicator__eps,improvement_indicator,improvement_layer,smaller_better,y_quarter_avg_daily_return_close,0.025093,0.10019,0.62963,0.666667,0.00017379,0.00038742,0,pass_train_ic_and_test_ic_positive_ratio_and_structure|dropped_by_layer_caps,106.857057,expanding_05,9
