open,close,high,low,volume,money
2.91,3.49,3.49,2.91,195099.0,679877.0
3.84,3.84,3.84,3.84,98363.0,377612.0
4.22,4.22,4.22,4.22,107762.0,455187.0
4.65,4.65,4.65,4.65,295874.0,1375421.0
5.11,5.11,5.11,5.11,632275.0,3232803.0
5.62,5.62,5.62,5.62,1278588.0,7188943.0
6.18,6.18,6.18,6.18,2305961.0,14258037.0
6.4,6.27,6.47,6.02,251131100.0,1564340968.0
6.17,6.12,6.21,6.0,138903839.0,845909198.0
6.11,5.87,6.17,5.87,99886713.0,596591444.0
5.81,5.66,5.91,5.63,103190766.0,591285162.0
5.66,5.77,5.93,5.58,113369234.0,655706996.0
5.73,5.95,6.06,5.64,135613213.0,797775282.0
5.91,5.79,5.92,5.74,75305396.0,438642336.0
5.77,5.83,5.89,5.76,44417412.0,259033537.0
5.83,6.42,6.42,5.81,96652585.0,608524021.0
6.45,7.06,7.06,6.38,198566852.0,1349330311.0
7.27,7.15,7.35,6.83,203441583.0,1440839997.0
6.96,7.02,7.12,6.73,155280813.0,1073251372.0
6.9,6.8,7.04,6.74,127637722.0,878424397.0
6.74,6.68,6.87,6.62,74626146.0,502589284.0
6.67,6.75,6.86,6.64,58533461.0,394503734.0
6.76,6.8,6.99,6.69,97375768.0,666188978.0
6.68,6.53,6.7,6.48,86535994.0,570164173.0
6.62,7.19,7.19,6.56,73688848.0,514161362.0
7.5,7.31,7.68,7.24,176264982.0,1310087186.0
7.12,7.8,8.04,7.04,176744666.0,1353843378.0
7.59,7.56,7.68,7.46,97609314.0,736284300.0
7.58,7.42,7.65,7.38,69412531.0,521223412.0
7.37,7.45,7.47,7.22,42238572.0,309319753.0
7.4,7.19,7.45,6.7,45523776.0,331891231.0
7.15,7.33,7.5,7.09,52983768.0,390022351.0
7.25,7.38,7.45,7.21,53881154.0,394859062.0
7.36,7.4,7.69,7.33,84378686.0,635279737.0
7.26,7.31,7.39,7.2,42023989.0,305974050.0
7.24,7.31,7.39,7.11,33557210.0,243484096.0
7.3,7.24,7.45,7.2,44677163.0,327133444.0
7.15,6.9,7.19,6.9,53395995.0,374228478.0
6.85,6.73,6.86,6.68,26557174.0,179677167.0
6.78,6.85,6.87,6.71,23974803.0,163049535.0
6.82,6.76,6.96,6.7,31452794.0,214719777.0
6.64,6.72,6.85,6.61,18323348.0,123331234.0
6.74,6.79,6.88,6.74,18447349.0,125524569.0
6.75,6.82,6.83,6.72,20476193.0,138866785.0
6.8,6.9,7.02,6.77,39692975.0,273838257.0
6.84,6.81,6.96,6.72,37430646.0,256229189.0
6.74,6.35,6.87,6.29,39115194.0,256241375.0
6.35,6.32,6.36,6.22,20690746.0,130485245.0
6.29,6.26,6.38,6.24,16802328.0,105996448.0
6.21,6.26,6.34,6.18,16015819.0,100523659.0
6.23,6.22,6.27,6.19,17236733.0,107251034.0
6.22,6.04,6.23,6.02,20700654.0,126103153.0
6.02,5.93,6.05,5.89,19029471.0,113602888.0
5.97,6.03,6.06,5.97,17445786.0,105018560.0
6.02,5.94,6.02,5.9,12860549.0,76541458.0
5.92,5.79,5.95,5.78,15403303.0,90274097.0
5.77,5.89,5.93,5.63,20610503.0,119197606.0
5.84,5.84,5.92,5.83,11854375.0,69649895.0
5.83,5.84,5.87,5.8,6964781.0,40592683.0
5.83,5.88,5.96,5.82,15852187.0,93636899.0
5.84,5.87,5.92,5.84,9340419.0,54805168.0
5.89,5.94,6.0,5.87,12751040.0,75878537.0
5.96,5.95,5.99,5.87,17802127.0,105665440.0
5.93,5.95,6.0,5.92,14231371.0,84920765.0
5.93,5.85,5.94,5.83,14785689.0,86841642.0
5.85,5.84,5.89,5.8,10831288.0,63194518.0
5.83,5.78,5.83,5.76,9542093.0,55299738.0
5.8,5.73,5.8,5.69,9989758.0,57458790.0
5.72,5.7,5.78,5.67,8428687.0,48317327.0
5.7,5.67,5.75,5.65,13484999.0,76738882.0
5.66,5.44,5.69,5.24,19924021.0,108879910.0
5.38,5.41,5.46,5.25,14588828.0,77974226.0
5.38,5.2,5.4,5.19,19485146.0,102552699.0
5.15,5.15,5.21,5.05,16235654.0,83501601.0
5.12,5.27,5.32,5.1,17630997.0,92273323.0
5.24,5.27,5.33,5.24,9568617.0,50584348.0
5.25,5.23,5.31,5.21,7990949.0,41924239.0
5.21,5.23,5.25,5.21,5843361.0,30564977.0
5.24,5.28,5.32,5.23,8949951.0,47275327.0
5.3,5.21,5.3,5.2,8566817.0,44764909.0
5.21,5.34,5.35,5.2,14063050.0,74226002.0
5.32,5.28,5.37,5.23,16102519.0,85331705.0
5.25,5.42,5.43,5.18,27304744.0,145258486.0
5.38,5.43,5.46,5.35,20223274.0,109340759.0
5.44,5.63,5.8,5.41,50082124.0,284457992.0
5.75,5.98,6.19,5.75,81768280.0,493571768.0
6.09,6.0,6.22,5.8,62979802.0,379366483.0
5.95,6.56,6.6,5.92,138081212.0,885480298.0
6.39,6.61,6.9,6.33,122828199.0,814715643.0
6.48,6.4,6.85,6.34,80312102.0,529293994.0
6.29,7.04,7.04,6.12,119686994.0,813085099.0
7.28,6.95,7.46,6.86,116880140.0,832565956.0
6.79,6.6,6.84,6.51,75629943.0,502048152.0
6.6,6.57,6.65,6.47,40587850.0,266582877.0
6.57,6.66,6.75,6.43,48788392.0,320631606.0
6.57,6.66,6.78,6.47,54305449.0,360919052.0
6.57,7.33,7.33,6.55,130458894.0,946932356.0
7.35,7.16,7.71,7.08,153462449.0,1140606466.0
7.22,7.53,7.69,7.05,119787944.0,887638591.0
7.39,7.21,7.49,7.13,74561945.0,545597930.0
7.13,7.34,7.7,6.93,68505564.0,499592670.0
7.34,7.58,7.67,7.31,90249263.0,679038140.0
7.48,7.52,7.74,7.37,85513335.0,644918203.0
7.44,7.63,7.72,7.41,85601322.0,650840387.0
7.55,7.37,7.67,7.3,74666424.0,554629866.0
7.31,7.29,7.38,7.17,37857782.0,274935872.0
7.25,7.16,7.32,7.12,37136085.0,267667770.0
7.2,7.17,7.29,7.12,29027890.0,208819042.0
7.19,7.75,7.89,7.17,125066664.0,960630926.0
7.54,7.27,7.62,7.25,106048593.0,786960325.0
7.19,7.24,7.41,7.19,42727652.0,310575469.0
7.24,7.06,7.25,6.95,48190229.0,340565395.0
7.0,6.97,7.06,6.88,33594757.0,233847615.0
6.99,7.03,7.11,6.89,35902250.0,251700006.0
7.0,6.95,7.01,6.85,29114790.0,201511437.0
6.97,6.99,7.08,6.88,27953093.0,195208448.0
6.99,7.0,7.03,6.9,22304269.0,155169655.0
6.99,6.75,6.99,6.73,30822576.0,210712567.0
6.65,6.62,6.73,6.52,27170005.0,179395174.0
6.64,7.28,7.28,6.6,119539171.0,856172890.0
7.28,6.96,7.28,6.72,97236962.0,673261370.0
6.85,6.87,6.91,6.79,41303787.0,283069871.0
6.8,6.83,6.96,6.8,34523627.0,238267019.0
6.77,7.04,7.29,6.64,83095358.0,579688695.0
6.96,7.67,7.74,6.94,157193114.0,1177059291.0
7.63,7.74,7.92,7.56,71329436.0,553554789.0
7.76,7.77,7.99,7.73,36499524.0,285485732.0
7.7,7.79,7.9,7.7,31078079.0,241498041.0
7.62,7.01,7.67,7.01,141847534.0,1007229765.0
6.68,6.73,6.99,6.45,134842064.0,900919794.0
6.68,6.87,7.02,6.57,64860518.0,443255485.0
6.81,6.73,6.95,6.66,41063015.0,278102665.0
6.74,6.72,6.84,6.62,23203135.0,156406838.0
6.66,6.85,7.0,6.47,49855096.0,338229803.0
6.88,7.1,7.35,6.82,70058377.0,496799779.0
7.19,7.17,7.41,7.09,63084764.0,456612872.0
7.08,7.27,7.3,6.99,61238037.0,436758950.0
7.25,7.24,7.37,7.13,46127703.0,335049325.0
7.19,7.41,7.47,7.06,52949165.0,386722019.0
7.38,7.43,7.7,7.31,65263624.0,489984551.0
7.33,7.67,7.9,7.08,91266441.0,688390283.0
7.56,7.53,7.9,7.51,80271134.0,619547070.0
7.47,7.41,7.73,7.29,52887571.0,396781468.0
7.39,8.15,8.15,7.39,107036026.0,842291845.0
8.25,8.5,8.95,8.1,149743799.0,1272849462.0
8.26,8.13,8.41,7.74,92665281.0,754472283.0
8.12,8.4,8.82,8.12,100593463.0,853126994.0
8.21,8.45,8.55,8.04,68012019.0,561991232.0
8.35,8.38,8.54,8.11,58888081.0,490518481.0
8.28,7.9,8.35,7.89,83219760.0,672799519.0
7.69,7.19,7.8,7.11,96846635.0,719524535.0
7.05,7.26,7.41,7.05,50067488.0,362833775.0
7.24,7.03,7.33,6.94,37125017.0,264830439.0
7.08,6.57,7.09,6.56,41806003.0,284269032.0
6.5,6.49,6.53,6.21,36207345.0,231114294.0
6.51,6.81,6.9,6.51,43551898.0,293882412.0
6.75,6.66,6.78,6.6,25402806.0,169609124.0
6.82,6.67,6.82,6.62,21558188.0,144793819.0
6.66,6.47,6.73,6.43,25457086.0,168012566.0
6.39,6.51,6.56,6.21,25277973.0,161097204.0
6.49,6.52,6.55,6.45,12662714.0,82384587.0
6.52,6.44,6.52,6.39,13214446.0,85095315.0
6.44,6.81,6.91,6.42,44270309.0,297469305.0
6.79,6.72,6.81,6.67,26172672.0,176098948.0
6.72,6.7,6.76,6.63,14079818.0,94098907.0
6.64,6.66,6.89,6.61,21995318.0,148442150.0
6.66,6.71,6.75,6.62,12918312.0,86574317.0
6.73,6.69,6.75,6.67,11201946.0,75080682.0
6.67,6.78,6.87,6.66,26669731.0,180992781.0
6.73,6.7,6.77,6.66,16554949.0,110895828.0
6.7,6.71,6.74,6.67,10632930.0,71280576.0
6.72,6.71,6.73,6.66,13656346.0,91369843.0
6.72,6.62,6.76,6.55,23338883.0,154699419.0
6.6,6.62,6.74,6.56,26253622.0,175151051.0
6.58,6.49,6.6,6.36,22029415.0,142296319.0
6.47,6.49,6.53,6.45,12634338.0,81948002.0
6.5,6.5,6.58,6.48,15013530.0,97825400.0
6.49,6.48,6.54,6.45,13294581.0,86357595.0
6.48,6.44,6.5,6.43,12080215.0,77936278.0
6.41,6.4,6.44,6.34,11637585.0,74356423.0
6.41,6.41,6.43,6.38,7879931.0,50439455.0
6.41,6.43,6.45,6.39,8989307.0,57730935.0
6.43,6.43,6.43,6.39,8003734.0,51314173.0
6.43,6.41,6.45,6.39,10986456.0,70528667.0
6.42,6.43,6.48,6.39,12935249.0,83338255.0
6.43,6.33,6.43,6.31,14235026.0,90299478.0
6.31,6.32,6.37,6.3,10030748.0,63581192.0
6.29,6.21,6.34,6.16,13610829.0,84858413.0
6.22,6.26,6.29,6.16,12519452.0,77883520.0
6.26,6.21,6.28,6.2,7545897.0,46969913.0
6.21,6.14,6.43,5.75,28215581.0,175484668.0
6.04,6.05,6.07,5.91,13235413.0,79589749.0
6.05,6.1,6.11,6.01,11380609.0,69064515.0
6.1,6.18,6.2,6.06,14955813.0,91798997.0
6.17,6.01,6.17,5.98,13358623.0,80910704.0
5.97,6.0,6.05,5.94,7030322.0,42142111.0
5.98,5.98,6.04,5.95,6967797.0,41800936.0
5.99,5.86,6.03,5.84,11339865.0,67187305.0
5.88,5.89,5.94,5.76,14720865.0,85892106.0
5.87,5.82,5.89,5.81,8485713.0,49545147.0
5.83,5.79,5.83,5.78,8006911.0,46413905.0
5.79,6.08,6.23,5.78,33176363.0,201649644.0
6.04,6.21,6.33,5.94,38756661.0,238500897.0
6.17,6.1,6.2,6.04,17483433.0,106938717.0
6.08,6.07,6.16,6.06,11846935.0,72362469.0
6.05,6.02,6.06,5.97,10072147.0,60560941.0
6.02,6.01,6.03,5.95,8477549.0,50733466.0
6.01,5.93,6.01,5.93,8177253.0,48685340.0
5.98,6.17,6.31,5.94,38241553.0,235691838.0
6.1,6.02,6.27,6.0,21485912.0,130975466.0
5.99,6.05,6.05,5.94,12475682.0,75051575.0
6.05,6.16,6.26,6.02,27505064.0,170336260.0
6.12,6.18,6.18,6.06,16102955.0,98462053.0
6.2,6.24,6.3,6.16,24069571.0,150127566.0
6.13,6.12,6.2,6.09,18529307.0,113680777.0
6.13,6.17,6.18,6.09,11470130.0,70284814.0
6.16,6.17,6.23,6.12,12907986.0,79628018.0
6.16,6.21,6.31,6.12,21140158.0,131275018.0
6.18,6.15,6.26,6.13,17396988.0,107946094.0
6.13,6.22,6.25,6.1,18274743.0,113307083.0
6.21,6.45,6.61,6.21,53629410.0,343321083.0
6.43,6.41,6.47,6.33,33612706.0,214619706.0
6.39,6.36,6.42,6.29,18413779.0,117017118.0
6.38,6.42,6.44,6.34,24084602.0,154031014.0
6.4,6.35,6.4,6.33,16845210.0,107046741.0
6.3,6.28,6.33,6.22,15941569.0,99935668.0
6.25,6.25,6.3,6.22,10993079.0,68854223.0
6.23,6.2,6.24,6.13,12041979.0,74443609.0
6.19,6.16,6.22,6.15,8770481.0,54242746.0
6.16,6.08,6.19,6.05,13541939.0,82881430.0
6.07,6.1,6.14,6.06,9971243.0,60737601.0
6.07,6.06,6.12,6.03,11977308.0,72599808.0
6.07,6.09,6.15,6.01,11278434.0,68540867.0
6.06,6.04,6.08,6.03,7641329.0,46273400.0
6.05,6.12,6.14,6.04,15755367.0,96231176.0
6.1,6.1,6.16,6.08,8775616.0,53558826.0
6.09,6.18,6.33,6.09,35390627.0,221103686.0
6.17,6.1,6.17,5.99,17102156.0,103889401.0
6.08,6.03,6.13,5.98,14327748.0,86802618.0
6.01,5.91,6.04,5.9,15063869.0,89740941.0
5.9,5.68,5.9,5.67,28526130.0,164073683.0
5.65,5.6,5.72,5.57,15020205.0,84795033.0
5.24,5.32,5.34,5.09,34888805.0,182506372.0
5.27,5.14,5.28,5.14,23172735.0,120460047.0
5.14,5.08,5.17,5.07,23811382.0,121818455.0
4.72,4.99,5.0,4.72,161980760.0,785902282.0
4.84,4.9,4.91,4.83,91892033.0,448243735.0
4.9,4.89,4.99,4.88,63510859.0,312060135.0
4.88,4.87,4.91,4.84,34884694.0,170225270.0
4.88,4.89,4.9,4.87,26047098.0,127215732.0
4.9,4.86,4.9,4.85,26771770.0,130530799.0
4.86,4.84,4.87,4.82,22435671.0,108551423.0
4.84,4.83,4.88,4.82,22477845.0,108877912.0
4.82,4.68,4.83,4.66,34698823.0,163933161.0
4.67,4.68,4.68,4.62,30812543.0,143163079.0
4.67,4.66,4.69,4.63,21891164.0,101899387.0
4.67,4.57,4.67,4.56,44881501.0,206290923.0
4.56,4.65,4.69,4.54,38397107.0,177689997.0
4.63,4.64,4.65,4.6,23506523.0,108869012.0
4.65,4.69,4.79,4.65,60922190.0,288026163.0
4.67,4.57,4.69,4.56,37328847.0,172065327.0
4.56,4.61,4.63,4.56,19713824.0,90411440.0
4.6,4.6,4.63,4.57,15496243.0,71363655.0
4.63,4.58,4.63,4.56,16882930.0,77442004.0
4.57,4.45,4.57,4.42,36800193.0,164602798.0
4.44,4.42,4.45,4.35,24042972.0,105636990.0
4.41,4.5,4.53,4.38,31046664.0,138547331.0
4.5,4.5,4.56,4.46,26359044.0,118869975.0
4.48,4.49,4.54,4.47,14610014.0,65736371.0
4.49,4.46,4.51,4.44,14911160.0,66550507.0
4.48,4.63,4.75,4.47,78730784.0,366455525.0
4.63,4.57,4.63,4.53,35967657.0,164226951.0
4.58,4.64,4.65,4.56,36134831.0,166991776.0
4.6,4.5,4.6,4.45,35232457.0,159656360.0
4.47,4.4,4.61,4.39,33693143.0,151821033.0
4.36,4.3,4.36,4.12,30793149.0,130571803.0
4.25,4.31,4.37,4.25,21753064.0,94110956.0
4.31,4.31,4.37,4.29,20528791.0,88919869.0
4.3,4.18,4.33,4.17,22758535.0,96837216.0
4.15,4.15,4.22,4.14,13683972.0,57107616.0
4.14,4.08,4.14,4.03,17475867.0,71156393.0
4.05,4.1,4.11,4.05,13732768.0,56148224.0
4.08,4.19,4.31,4.08,41691467.0,174171265.0
4.14,4.29,4.37,4.13,46653471.0,198584460.0
4.25,4.22,4.29,4.19,29199521.0,123871530.0
4.19,4.14,4.21,4.12,18896164.0,78721098.0
4.15,4.11,4.17,4.08,17670546.0,72801934.0
4.1,4.16,4.17,4.07,19611388.0,80979597.0
4.15,4.13,4.22,4.12,18581764.0,77352551.0
4.12,4.21,4.21,4.1,24388021.0,101625557.0
4.18,4.23,4.24,4.17,19791602.0,83240871.0
4.22,4.12,4.22,4.11,21321635.0,88647205.0
4.13,4.14,4.15,4.09,11547799.0,47568449.0
4.13,4.14,4.17,4.11,11385851.0,47112471.0
4.13,4.11,4.13,4.08,10206612.0,41913164.0
4.11,4.08,4.13,4.06,12840289.0,52472936.0
4.07,4.17,4.23,4.06,34165851.0,141936591.0
4.15,4.08,4.15,4.07,21612174.0,88713577.0
4.07,4.1,4.12,4.06,15436289.0,63299944.0
4.07,4.09,4.1,4.07,10691495.0,43617052.0
4.08,4.07,4.11,4.06,10323656.0,42133476.0
4.07,4.11,4.14,4.06,21919621.0,90075125.0
4.1,4.06,4.11,4.06,20110495.0,81993101.0
4.06,4.11,4.18,4.04,33615635.0,138504851.0
4.08,4.1,4.11,4.08,19184641.0,78512628.0
4.1,4.14,4.15,4.1,20208359.0,83464946.0
4.14,4.22,4.23,4.12,39658753.0,165864738.0
4.29,4.6,4.64,4.26,190393978.0,862639216.0
4.59,4.47,4.59,4.46,81661383.0,370314479.0
4.44,4.51,4.61,4.44,51997457.0,234951956.0
4.48,4.56,4.59,4.46,38493432.0,174251811.0
4.53,4.51,4.6,4.49,39138025.0,177666425.0
4.49,4.4,4.53,4.37,64784939.0,285734332.0
4.39,4.37,4.42,4.34,28006228.0,122513449.0
4.4,4.35,4.45,4.32,38581462.0,168872647.0
4.34,4.41,4.42,4.31,28809917.0,125569386.0
4.45,4.54,4.63,4.44,88014194.0,399854943.0
4.49,4.71,4.77,4.48,127753654.0,595165015.0
4.67,4.93,5.14,4.67,219971196.0,1080459876.0
4.86,4.73,4.87,4.69,110849798.0,529239028.0
4.69,4.96,5.11,4.6,157571316.0,770819158.0
4.89,4.95,5.05,4.77,122313236.0,600542583.0
4.86,4.77,4.87,4.73,74835641.0,358575310.0
4.76,4.8,4.91,4.75,65913673.0,318991898.0
4.77,4.73,4.88,4.69,59258514.0,283950678.0
4.67,4.73,4.83,4.65,53293815.0,252400626.0
4.69,4.87,4.88,4.69,76180669.0,365797528.0
4.83,4.51,4.87,4.39,108420692.0,501295037.0
4.42,4.49,4.56,4.38,48115576.0,215083222.0
4.4,4.61,4.64,4.38,66133758.0,301337792.0
4.52,4.5,4.75,4.49,80135091.0,369625113.0
4.6,4.56,4.69,4.52,65659357.0,301565298.0
4.54,4.48,4.56,4.4,48072878.0,214560913.0
4.38,4.16,4.42,4.07,57742070.0,244961795.0
4.17,4.19,4.25,4.14,31026516.0,129945429.0
4.21,4.17,4.27,4.16,29360027.0,123706069.0
4.16,4.13,4.18,4.11,19142180.0,79190194.0
4.19,4.21,4.22,4.17,25238231.0,105939866.0
4.19,4.22,4.23,4.18,22249758.0,93595962.0
4.22,4.3,4.33,4.22,41179267.0,175651447.0
4.31,4.28,4.33,4.26,30716162.0,131688979.0
4.24,4.25,4.27,4.21,24097477.0,102063544.0
4.23,4.27,4.3,4.21,22958414.0,97909763.0
4.25,4.34,4.37,4.22,48197706.0,207630782.0
4.31,4.29,4.35,4.26,28608780.0,122707963.0
4.3,4.33,4.33,4.25,33571242.0,144155525.0
4.38,4.3,4.42,4.29,48179242.0,210039305.0
4.28,4.28,4.3,4.26,26071519.0,111540315.0
4.28,4.29,4.29,4.25,30097058.0,128544377.0
4.3,4.34,4.34,4.27,35638081.0,153577944.0
4.33,4.3,4.38,4.3,38784779.0,168505435.0
4.29,4.24,4.3,4.23,34346912.0,146040560.0
4.21,4.18,4.23,4.16,28004957.0,117101773.0
4.18,4.17,4.2,4.17,12934931.0,54068340.0
4.17,4.18,4.18,4.13,11306127.0,47073628.0
4.16,4.19,4.21,4.15,11564099.0,48242535.0
4.19,4.19,4.25,4.17,21482022.0,90571188.0
4.19,4.17,4.2,4.15,13490138.0,56256009.0
4.07,3.9,4.11,3.84,47017429.0,186852449.0
3.87,3.95,3.96,3.79,22483523.0,86946941.0
3.99,3.99,4.01,3.95,19291431.0,76671003.0
3.97,4.0,4.18,3.93,30024643.0,121963389.0
3.98,4.07,4.09,3.94,21667093.0,87029435.0
4.05,4.04,4.08,4.03,17217634.0,69790040.0
4.06,4.02,4.11,4.01,17183781.0,69715599.0
3.98,3.95,3.99,3.92,21618943.0,85281346.0
3.96,3.94,4.02,3.93,13338622.0,53039995.0
3.92,3.95,3.99,3.89,14017494.0,55042982.0
3.93,4.03,4.04,3.93,20151039.0,80307287.0
4.02,4.07,4.11,4.02,27699794.0,112577079.0
4.06,4.04,4.07,4.02,14857866.0,60154722.0
4.06,4.01,4.07,4.01,14636798.0,59172853.0
4.01,3.95,4.03,3.95,12839150.0,50958806.0
3.96,3.93,4.0,3.92,12427209.0,49141979.0
3.97,3.98,4.01,3.91,26340616.0,104281048.0
3.95,3.96,4.0,3.93,18656214.0,73891761.0
3.95,3.86,3.95,3.84,17330010.0,67421026.0
3.85,3.86,3.89,3.82,8501994.0,32789582.0
3.87,3.94,3.98,3.86,15903799.0,62488381.0
3.91,3.91,3.93,3.89,9636926.0,37609904.0
3.92,3.85,3.92,3.84,10927418.0,42330169.0
3.88,3.92,3.95,3.86,16203249.0,63301983.0
3.92,3.93,3.97,3.91,12888797.0,50750888.0
3.91,3.97,3.97,3.88,18125537.0,71393532.0
3.95,3.91,3.96,3.9,18724223.0,73548126.0
3.93,3.95,3.95,3.91,14794792.0,58241381.0
3.95,3.96,3.99,3.93,21254911.0,84288842.0
3.97,3.98,3.98,3.94,12537406.0,49643437.0
3.99,3.96,3.99,3.94,13072800.0,51775081.0
3.97,3.95,3.99,3.95,14580331.0,57920511.0
3.95,4.02,4.04,3.95,26997860.0,108054250.0
4.04,4.03,4.07,3.98,18590021.0,74616755.0
4.02,3.98,4.02,3.95,18290229.0,72698900.0
3.98,3.98,3.99,3.97,11856496.0,47167819.0
3.97,3.99,3.99,3.95,14576335.0,57903893.0
3.99,4.02,4.05,3.97,21831591.0,87555079.0
4.0,4.02,4.03,3.97,22727895.0,90870274.0
4.0,3.97,4.02,3.96,17728530.0,70650728.0
3.97,3.91,3.99,3.9,18576273.0,73288819.0
3.92,3.9,3.94,3.89,11726107.0,45888616.0
3.9,3.84,3.9,3.83,12309385.0,47504418.0
3.84,3.8,3.84,3.75,18815536.0,71374120.0
3.75,3.72,3.77,3.7,19682680.0,73606197.0
3.75,3.74,3.76,3.72,13683949.0,51237413.0
3.73,3.73,3.77,3.72,13143051.0,49104328.0
3.74,3.68,3.76,3.66,28132925.0,104234048.0
3.68,3.69,3.7,3.63,26283924.0,96393145.0
3.69,3.69,3.69,3.67,13197573.0,48580126.0
3.7,3.67,3.7,3.67,23454162.0,86464243.0
3.68,3.57,3.68,3.54,34450327.0,124333583.0
3.57,3.6,3.63,3.53,17855894.0,64234377.0
3.6,3.62,3.63,3.58,9284130.0,33546746.0
3.62,3.56,3.62,3.56,8859025.0,31766822.0
3.56,3.54,3.61,3.52,13746504.0,48935990.0
3.54,3.54,3.58,3.52,13185207.0,46826662.0
3.47,3.31,3.47,3.26,32985602.0,112029224.0
3.31,3.36,3.38,3.31,14522160.0,48700367.0
3.37,3.36,3.44,3.34,18145685.0,61454040.0
3.34,3.39,3.39,3.31,13925354.0,46866639.0
3.4,3.34,3.43,3.32,16247988.0,54887416.0
3.31,3.33,3.34,3.27,12050747.0,39839488.0
3.31,3.34,3.44,3.31,19848248.0,66807288.0
3.34,3.32,3.38,3.3,15444717.0,51576185.0
3.33,3.38,3.38,3.31,17563298.0,59006015.0
3.38,3.32,3.38,3.3,16352312.0,54565546.0
3.31,3.36,3.38,3.31,13536056.0,45311428.0
3.35,3.36,3.39,3.35,12666274.0,42617491.0
3.34,3.28,3.37,3.28,11373324.0,37807505.0
3.3,3.31,3.34,3.26,13696371.0,45386229.0
3.31,3.37,3.37,3.31,12955836.0,43514540.0
3.38,3.38,3.39,3.35,17469957.0,58865405.0
3.35,3.32,3.35,3.29,15270806.0,50677235.0
3.32,3.38,3.4,3.31,19560726.0,65937987.0
3.4,3.37,3.41,3.34,12625990.0,42537778.0
3.37,3.3,3.37,3.27,29897472.0,98780807.0
3.3,3.3,3.31,3.28,10841344.0,35793165.0
3.3,3.3,3.34,3.29,10335278.0,34316417.0
3.3,3.28,3.32,3.26,9229259.0,30369363.0
3.27,3.51,3.59,3.24,67306122.0,231769687.0
3.45,3.5,3.57,3.4,63676160.0,222230915.0
3.46,3.51,3.54,3.45,44268179.0,155317161.0
3.49,3.47,3.51,3.47,21378256.0,74496243.0
3.5,3.45,3.5,3.44,19390823.0,67185702.0
3.45,3.45,3.47,3.42,15660125.0,53898976.0
3.44,3.45,3.51,3.44,16617341.0,57597193.0
3.45,3.53,3.6,3.43,35593380.0,124934656.0
3.5,3.41,3.54,3.39,27812274.0,96630107.0
3.39,3.34,3.41,3.31,21493006.0,72336828.0
3.35,3.32,3.37,3.3,13542741.0,45152520.0
3.32,3.32,3.37,3.31,17628311.0,58962826.0
3.33,3.4,3.4,3.31,19081732.0,64193943.0
3.38,3.35,3.39,3.34,12835088.0,43221438.0
3.35,3.4,3.44,3.35,18344177.0,62393255.0
3.39,3.41,3.41,3.37,12290025.0,41732049.0
3.38,3.37,3.38,3.34,11107923.0,37339516.0
3.38,3.38,3.4,3.35,7706033.0,26001632.0
3.38,3.32,3.38,3.32,9700641.0,32411161.0
3.32,3.32,3.36,3.28,11425200.0,38014162.0
3.35,3.28,3.35,3.27,11330242.0,37378182.0
3.28,3.32,3.32,3.26,13910167.0,45789936.0
3.31,3.34,3.36,3.3,11946703.0,39849111.0
3.32,3.32,3.34,3.29,8856783.0,29336718.0
3.32,3.34,3.36,3.31,9534892.0,31791041.0
3.34,3.47,3.53,3.34,59960173.0,207287652.0
3.43,3.48,3.5,3.42,36438828.0,126213214.0
3.47,3.49,3.51,3.45,28632104.0,99752250.0
3.48,3.48,3.55,3.47,25449892.0,89468687.0
3.51,3.54,3.59,3.49,35810360.0,126958826.0
3.52,3.5,3.57,3.49,22725758.0,80122413.0
3.49,3.55,3.56,3.48,24988795.0,88402096.0
3.54,3.56,3.57,3.51,21930479.0,77718507.0
3.54,3.5,3.56,3.49,18513682.0,65406278.0
3.48,3.5,3.53,3.48,12642842.0,44363024.0
3.52,3.57,3.62,3.5,28057462.0,100420858.0
3.56,3.58,3.61,3.54,28172634.0,100869865.0
3.58,3.61,3.63,3.56,16904795.0,60789516.0
3.59,3.66,3.69,3.59,24872554.0,90813855.0
3.67,3.66,3.7,3.62,19770781.0,72214105.0
3.64,3.64,3.68,3.63,18167735.0,66453085.0
3.62,3.63,3.67,3.62,12002507.0,43788833.0
3.63,3.67,3.67,3.63,16292058.0,59440578.0
3.66,3.64,3.68,3.63,20216139.0,73844333.0
3.66,3.64,3.68,3.63,11833002.0,43251405.0
3.65,3.78,3.8,3.64,38857382.0,144571228.0
3.73,3.67,3.76,3.66,23420376.0,87031415.0
3.67,3.68,3.73,3.67,28697079.0,105980100.0
3.68,3.61,3.69,3.61,17950322.0,65375181.0
3.64,3.74,3.78,3.62,42364487.0,158029389.0
3.69,3.63,3.73,3.61,36315819.0,133513664.0
3.65,3.58,3.66,3.55,21821253.0,78413688.0
3.57,3.61,3.64,3.56,15346457.0,55296344.0
3.54,3.37,3.57,3.34,26325606.0,91153577.0
3.34,3.44,3.45,3.3,23104109.0,78308307.0
3.45,3.4,3.46,3.4,9237585.0,31663771.0
3.37,3.38,3.45,3.35,15593138.0,53160843.0
3.44,3.42,3.47,3.37,8926960.0,30402674.0
3.42,3.31,3.42,3.3,15388166.0,51415717.0
3.27,3.35,3.36,3.2,30393388.0,99562471.0
3.35,3.52,3.58,3.34,49814614.0,173706567.0
3.61,3.63,3.69,3.54,61937583.0,224966674.0
3.59,3.84,3.99,3.58,136033350.0,527296747.0
3.74,4.0,4.03,3.73,117239519.0,454077492.0
3.96,3.87,3.98,3.84,71664571.0,279637067.0
3.89,3.84,3.96,3.81,40363619.0,156154749.0
3.83,3.92,4.0,3.83,70568872.0,277222258.0
3.89,3.91,3.96,3.83,45685396.0,178177909.0
3.94,3.91,4.02,3.88,48414156.0,190637743.0
3.94,4.0,4.09,3.92,68086900.0,272131186.0
3.96,3.96,4.01,3.89,40133935.0,158448542.0
3.93,3.89,3.94,3.84,29776556.0,115423386.0
3.89,3.85,3.9,3.83,24465463.0,94555631.0
3.87,3.84,3.91,3.83,22516371.0,87081547.0
3.81,3.77,3.81,3.73,24779970.0,93504082.0
3.77,3.8,3.8,3.72,32793060.0,123505215.0
3.76,3.84,3.89,3.74,41873318.0,159369576.0
3.81,3.75,3.83,3.72,34995828.0,132156032.0
3.76,3.82,3.82,3.73,30671145.0,116104297.0
3.83,3.95,4.08,3.77,80671245.0,316195889.0
3.99,4.16,4.19,3.98,122523724.0,501410984.0
4.07,3.99,4.13,3.96,77137117.0,311617691.0
3.92,4.07,4.1,3.9,59423918.0,239731910.0
4.04,4.02,4.09,4.02,30635254.0,123966283.0
4.0,3.91,4.05,3.91,34041173.0,134937786.0
3.93,4.06,4.11,3.92,60631387.0,245743976.0
4.08,4.03,4.1,3.99,33831731.0,136672796.0
4.02,4.1,4.1,3.97,46086801.0,186229510.0
4.11,3.96,4.12,3.94,42386189.0,170588727.0
3.93,3.97,3.99,3.92,22678403.0,89589385.0
4.05,4.09,4.16,3.99,65020837.0,266168759.0
4.05,4.09,4.09,4.04,28154592.0,114579437.0
4.02,3.99,4.06,3.97,36483004.0,146262675.0
3.96,3.97,3.99,3.93,21041960.0,83280430.0
3.97,3.9,3.99,3.9,24532969.0,96421885.0
3.9,3.84,3.95,3.84,19967413.0,77466381.0
3.87,3.91,3.96,3.84,18069628.0,70454028.0
3.9,3.95,3.97,3.9,19567294.0,77239317.0
3.96,4.04,4.06,3.94,39761024.0,159850164.0
4.01,3.96,4.03,3.96,19449787.0,77759361.0
3.94,3.96,3.99,3.92,18165532.0,71730892.0
3.93,3.92,3.97,3.9,14428850.0,56665389.0
3.93,3.88,3.99,3.85,23208380.0,90830554.0
3.86,3.76,3.89,3.7,42064147.0,157940069.0
3.74,3.64,3.74,3.58,48619742.0,177109703.0
3.64,3.66,3.69,3.61,21836806.0,79726851.0
3.61,3.66,3.68,3.57,24437031.0,88462316.0
3.67,3.61,3.67,3.59,20005523.0,72352678.0
3.65,3.61,3.7,3.61,21378869.0,77993000.0
3.62,3.63,3.7,3.6,21093496.0,77100957.0
3.63,3.54,3.63,3.54,22608814.0,80518782.0
3.56,3.57,3.63,3.55,24507361.0,87996066.0
3.55,3.73,3.77,3.53,42437747.0,156064481.0
3.77,3.73,3.77,3.69,26184758.0,97425254.0
3.71,3.69,3.73,3.67,16186200.0,59767324.0
3.69,3.7,3.79,3.69,29067398.0,108758825.0
3.69,3.65,3.71,3.63,18783048.0,68786601.0
3.66,3.67,3.69,3.63,16760876.0,61255052.0
3.66,3.63,3.69,3.62,12572068.0,45874513.0
3.63,3.7,3.7,3.62,18532554.0,68110854.0
3.69,3.67,3.7,3.64,14139135.0,51914869.0
3.69,3.63,3.69,3.62,14766496.0,53798959.0
3.63,3.7,3.71,3.62,27033897.0,99399004.0
3.7,3.67,3.71,3.66,16588278.0,61027428.0
3.66,3.67,3.69,3.65,13190022.0,48353429.0
3.66,3.7,3.74,3.64,15816358.0,58511921.0
3.7,3.73,3.75,3.7,21822413.0,81422194.0
3.74,3.79,3.83,3.74,35621609.0,135629984.0
3.83,3.77,3.84,3.76,16397135.0,62172944.0
3.76,3.81,3.82,3.67,16713772.0,62901160.0
3.8,3.85,3.9,3.78,29990644.0,115778825.0
3.85,3.84,3.93,3.83,27678025.0,107444908.0
3.84,3.9,3.92,3.84,25917900.0,100552736.0
3.91,3.96,3.97,3.89,19630735.0,77359101.0
3.96,3.97,4.02,3.93,22320781.0,88671622.0
3.98,4.01,4.04,3.91,31158153.0,124176050.0
3.99,4.01,4.03,3.97,16629118.0,66640513.0
4.02,3.97,4.05,3.97,21655721.0,86903206.0
4.0,4.06,4.1,4.0,35707626.0,144808754.0
4.05,4.06,4.16,4.03,41782751.0,171046067.0
4.03,4.01,4.07,3.98,33415678.0,133935652.0
4.02,3.97,4.05,3.96,23242779.0,93074129.0
3.97,4.13,4.18,3.92,52425881.0,212439047.0
4.28,4.54,4.54,4.2,151016426.0,664631670.0
4.55,4.38,4.58,4.34,114719722.0,510732169.0
4.33,4.57,4.81,4.28,171128678.0,781799781.0
4.49,4.52,4.57,4.45,106351601.0,480364927.0
4.53,4.63,4.64,4.37,94974633.0,429035924.0
4.67,4.66,4.94,4.6,146957487.0,695796886.0
4.67,4.76,4.81,4.61,78382506.0,371943943.0
4.72,4.8,4.89,4.68,86824349.0,414892214.0
4.81,5.16,5.27,4.76,202857013.0,1029421536.0
4.9,4.64,5.0,4.64,170478771.0,818013806.0
4.58,4.73,4.75,4.48,77144436.0,357511304.0
4.8,4.93,4.99,4.77,161958850.0,789111233.0
4.89,4.71,4.89,4.64,85644858.0,405566939.0
4.67,4.55,4.75,4.49,61290540.0,281519391.0
4.56,4.59,4.69,4.52,66630922.0,305930922.0
4.59,4.7,4.71,4.52,71648965.0,332779521.0
4.7,4.66,4.74,4.62,49997779.0,233307461.0
4.65,4.67,4.7,4.59,59342801.0,275921208.0
4.67,4.65,4.72,4.63,61746804.0,288828408.0
4.66,4.57,4.66,4.55,57865183.0,265183905.0
4.48,4.44,4.52,4.44,53655341.0,240182638.0
4.46,4.27,4.48,4.25,56075870.0,243191095.0
4.29,4.26,4.32,4.25,37380617.0,160254003.0
4.25,4.29,4.32,4.2,43103828.0,184700034.0
4.35,4.43,4.49,4.32,83976104.0,371503440.0
4.47,4.59,4.69,4.46,78706367.0,361976795.0
4.64,4.53,4.67,4.51,82887932.0,378917203.0
4.48,4.61,4.62,4.44,75526072.0,342894656.0
4.62,4.82,5.0,4.61,156993839.0,757499146.0
4.82,4.85,5.05,4.77,221348234.0,1088806392.0
4.96,4.87,5.09,4.83,120096970.0,595187019.0
4.8,4.98,5.04,4.74,108959408.0,535969222.0
4.98,5.03,5.17,4.95,120601847.0,610613162.0
5.02,4.91,5.07,4.88,89319719.0,443727643.0
5.08,4.98,5.22,4.95,114819129.0,586105263.0
4.92,5.15,5.23,4.83,124820404.0,633332921.0
5.14,5.04,5.14,5.0,85271746.0,431585471.0
5.08,4.98,5.14,4.96,48725287.0,245233063.0
4.94,4.91,5.06,4.86,71406204.0,352151559.0
4.94,4.78,4.95,4.75,80875071.0,389773057.0
4.78,4.77,4.85,4.75,50205699.0,240978215.0
4.77,4.68,4.8,4.6,98243050.0,459113205.0
4.67,4.51,4.71,4.48,77879419.0,356546285.0
4.5,4.59,4.72,4.5,76273109.0,353684006.0
4.62,4.74,4.8,4.59,99633498.0,471306063.0
4.72,4.82,4.86,4.72,74869620.0,359793795.0
4.7,4.68,4.95,4.54,95244492.0,450237853.0
4.7,4.74,4.74,4.59,61197478.0,286138876.0
4.62,4.64,4.72,4.61,39660306.0,184853741.0
4.57,4.41,4.62,4.38,59590754.0,266561919.0
4.44,4.53,4.59,4.35,56396530.0,253909955.0
4.46,4.39,4.51,4.34,48405998.0,213071272.0
4.35,4.39,4.46,4.32,45818106.0,201978613.0
4.43,4.46,4.48,4.41,36851103.0,163930132.0
4.44,4.48,4.49,4.44,30526161.0,136365933.0
4.49,4.3,4.49,4.27,44291289.0,192626606.0
4.18,4.29,4.35,4.11,41433836.0,174679368.0
4.31,4.45,4.5,4.28,47813001.0,211623023.0
4.48,4.47,4.53,4.43,32510491.0,145447078.0
4.46,4.5,4.59,4.44,37330169.0,168349072.0
4.49,4.55,4.57,4.44,33201100.0,150470172.0
4.46,4.58,4.62,4.27,68822038.0,302733273.0
4.52,4.41,4.52,4.39,54014819.0,240954710.0
4.37,4.35,4.41,4.33,32966371.0,143948090.0
4.31,4.32,4.36,4.29,29946952.0,129081336.0
4.32,4.28,4.34,4.27,30752485.0,132177554.0
4.26,4.22,4.34,4.16,46331940.0,196526426.0
4.22,4.2,4.24,4.15,34553381.0,144501306.0
4.24,4.29,4.35,4.2,30780282.0,131696253.0
4.28,4.33,4.37,4.28,36701988.0,159211849.0
4.37,4.36,4.39,4.28,29878373.0,129740469.0
4.34,4.44,4.47,4.31,49011608.0,215901343.0
4.44,4.39,4.44,4.37,19946008.0,87727019.0
4.38,4.39,4.45,4.35,18403702.0,80908590.0
4.37,4.3,4.4,4.26,30552976.0,132070858.0
4.33,4.34,4.38,4.31,17593111.0,76568176.0
4.35,4.3,4.38,4.29,25881602.0,112051561.0
4.39,4.45,4.54,4.37,69521106.0,309475390.0
4.45,4.62,4.68,4.43,59185337.0,271980846.0
4.63,4.59,4.69,4.56,35396578.0,163124767.0
4.59,4.65,4.71,4.57,34872596.0,162112582.0
4.61,4.58,4.64,4.51,29329957.0,133994715.0
4.59,4.71,4.75,4.55,48711562.0,229085302.0
4.72,4.77,4.82,4.67,35740627.0,170158827.0
4.74,4.68,4.8,4.65,18573845.0,87034301.0
4.8,4.77,4.85,4.74,31087327.0,148575333.0
4.74,4.87,4.87,4.71,33414665.0,160185206.0
4.85,4.77,4.85,4.74,20285563.0,97202161.0
4.78,4.79,4.84,4.75,17252029.0,82749787.0
4.77,4.77,4.82,4.75,13894781.0,66503622.0
4.78,4.67,4.8,4.57,40194094.0,187148516.0
4.7,4.73,4.75,4.68,18490029.0,87292175.0
4.76,4.79,4.83,4.74,33668682.0,161308235.0
4.81,4.77,4.83,4.74,20598002.0,98607295.0
4.78,4.84,4.86,4.77,24088530.0,116369511.0
4.83,4.83,4.88,4.79,29019183.0,140519129.0
4.83,4.85,4.87,4.82,13577039.0,65757303.0
4.85,4.82,4.87,4.8,13778982.0,66637570.0
4.82,4.77,4.82,4.74,16112255.0,76939816.0
4.79,4.83,4.85,4.77,15358689.0,74077349.0
4.8,4.83,4.88,4.79,12837446.0,62144862.0
4.83,4.93,4.94,4.8,26635588.0,130395039.0
4.96,5.02,5.05,4.94,32539735.0,163310685.0
5.01,5.07,5.1,5.01,28571822.0,144868204.0
5.03,5.02,5.08,4.98,24730318.0,124231108.0
5.02,5.11,5.15,4.99,37256303.0,189333498.0
5.13,5.09,5.15,5.05,27129147.0,138452935.0
5.08,4.97,5.08,4.91,28935142.0,143921534.0
4.97,4.74,4.99,4.65,67614409.0,322379404.0
4.65,4.87,4.89,4.6,59210346.0,284861031.0
4.83,4.8,4.9,4.75,26145716.0,126353991.0
4.74,4.9,4.96,4.68,44457698.0,214848536.0
4.9,4.91,5.0,4.88,36132946.0,178501495.0
4.93,4.91,4.99,4.83,31315136.0,154031693.0
4.93,4.82,4.95,4.8,22242823.0,108003727.0
4.86,4.89,4.9,4.82,19209193.0,93428285.0
4.85,4.84,4.88,4.77,26724831.0,129028528.0
4.88,4.79,4.91,4.77,17646183.0,85215365.0
4.73,4.81,4.82,4.7,16315954.0,78067786.0
4.79,4.78,4.9,4.76,28105958.0,135328310.0
4.67,4.76,4.78,4.57,71742162.0,336540078.0
4.72,4.79,4.88,4.7,39414824.0,189753661.0
4.79,4.75,4.82,4.72,18429849.0,87749203.0
4.74,4.76,4.78,4.7,12618764.0,59885605.0
4.74,4.76,4.79,4.74,15298828.0,73134169.0
4.73,4.73,4.78,4.7,12219611.0,57743035.0
4.72,4.77,4.79,4.72,17532229.0,83478599.0
4.76,4.65,4.77,4.56,103273251.0,477848774.0
4.62,4.52,4.64,4.47,67749878.0,307263245.0
4.53,4.47,4.56,4.4,62213693.0,276900116.0
4.47,4.49,4.53,4.44,38929497.0,175145384.0
4.51,4.48,4.53,4.45,18261180.0,81891049.0
4.49,4.53,4.57,4.46,33898005.0,152914935.0
4.52,4.56,4.67,4.52,43670413.0,200742729.0
4.58,4.62,4.62,4.55,18966109.0,87023471.0
4.67,4.65,4.69,4.61,45158072.0,209763063.0
4.63,4.56,4.65,4.5,32255721.0,146872400.0
4.56,4.56,4.58,4.54,13073463.0,59612511.0
4.55,4.53,4.58,4.48,25981267.0,117399356.0
4.53,4.49,4.54,4.47,22103836.0,99298034.0
4.48,4.4,4.48,4.39,23043103.0,102170922.0
4.4,4.39,4.43,4.38,15988472.0,70498459.0
4.39,4.4,4.44,4.37,24659828.0,108572496.0
4.39,4.35,4.42,4.34,33430785.0,146267396.0
4.36,4.48,4.48,4.34,47324746.0,209870128.0
4.45,4.47,4.56,4.43,32691688.0,146930868.0
4.44,4.48,4.53,4.42,26901695.0,120587732.0
4.5,4.71,4.93,4.49,104481210.0,490033655.0
4.71,4.67,4.82,4.64,61277318.0,289689397.0
4.62,4.48,4.64,4.42,139954129.0,626385871.0
4.47,4.73,4.9,4.44,119681921.0,563014661.0
4.74,4.98,5.11,4.73,165841023.0,819856265.0
4.98,5.05,5.07,4.93,101280455.0,507203403.0
5.01,5.07,5.14,4.99,99598180.0,505942189.0
5.13,5.21,5.41,5.03,137416796.0,718577706.0
5.17,5.19,5.22,5.11,55822260.0,288640548.0
5.19,5.15,5.33,5.0,72581171.0,375213393.0
5.12,5.07,5.14,5.02,55952801.0,283520462.0
5.1,4.97,5.14,4.88,83636326.0,416716098.0
4.97,5.01,5.08,4.92,60965143.0,305456741.0
5.0,5.12,5.2,4.98,71861356.0,366393014.0
5.13,5.1,5.17,5.04,37512284.0,191387403.0
5.1,5.2,5.32,5.06,86121183.0,450262459.0
5.18,5.26,5.28,5.05,60812042.0,314062091.0
5.28,5.35,5.39,5.15,80777367.0,429975818.0
5.33,5.28,5.39,5.26,41504798.0,220562214.0
5.24,5.33,5.38,5.23,33907596.0,180507872.0
5.33,5.2,5.33,5.15,37303294.0,194302809.0
5.17,5.33,5.38,5.16,51316432.0,272259608.0
5.37,5.33,5.51,5.31,56214188.0,303181524.0
5.32,5.53,5.57,5.28,113030604.0,617620555.0
5.48,5.55,5.59,5.44,45375090.0,249920309.0
5.51,5.53,5.56,5.42,43429469.0,238578026.0
5.53,5.27,5.55,5.27,88965994.0,476676902.0
5.23,5.22,5.36,5.16,50299230.0,265056979.0
5.19,5.24,5.32,5.16,26379754.0,138509908.0
5.24,5.2,5.29,5.16,28601967.0,149248446.0
5.22,5.25,5.29,5.17,35391171.0,184688216.0
5.24,5.07,5.26,5.05,50015112.0,255670793.0
5.05,5.22,5.27,5.05,47463218.0,246521978.0
5.24,5.22,5.28,5.17,30685180.0,160076848.0
5.22,5.1,5.25,5.09,33443360.0,171914783.0
5.1,5.04,5.19,5.0,30490753.0,154748627.0
5.03,4.98,5.12,4.96,31273328.0,157211565.0
4.99,5.09,5.14,4.94,37933833.0,192191864.0
5.09,5.02,5.13,4.96,50574263.0,253046555.0
5.0,4.93,5.0,4.9,33604767.0,166059448.0
4.94,4.91,4.99,4.9,26259746.0,129536366.0
4.93,4.9,4.99,4.86,22961025.0,112473352.0
4.92,4.94,5.02,4.85,42888388.0,211782646.0
4.93,5.01,5.05,4.91,35141295.0,175725782.0
4.99,4.91,5.0,4.89,43602374.0,214480390.0
4.93,4.96,4.96,4.88,31655641.0,155852113.0
4.95,4.98,5.0,4.92,27124453.0,134536045.0
4.97,5.0,5.06,4.95,26187589.0,131190102.0
5.0,5.02,5.08,4.98,29758112.0,149949902.0
5.04,5.27,5.3,5.02,83000384.0,430930174.0
5.23,5.23,5.33,5.18,44244897.0,232467138.0
5.28,5.31,5.39,5.26,59876918.0,319366585.0
5.31,5.35,5.4,5.25,49875648.0,265445742.0
5.28,5.48,5.51,5.18,73422273.0,395673591.0
5.42,5.31,5.43,5.25,58896173.0,313415623.0
5.28,5.31,5.36,5.27,33819272.0,179701435.0
5.32,5.36,5.5,5.29,45757948.0,247423384.0
5.37,5.31,5.48,5.3,50935003.0,275936631.0
5.35,5.43,5.43,5.29,32667017.0,175882552.0
5.42,5.37,5.43,5.3,39017256.0,208918184.0
5.35,5.36,5.41,5.3,34926890.0,187248145.0
5.37,5.31,5.43,5.28,47707693.0,255572829.0
5.26,5.3,5.36,5.11,71139235.0,374128110.93
5.31,5.52,5.53,5.24,92441656.0,502487562.56
5.63,5.53,5.69,5.51,88926993.0,498105149.35
5.56,5.42,5.6,5.42,55915659.0,306656518.54
5.43,5.4,5.53,5.34,65057867.0,353692168.69
5.4,5.46,5.5,5.36,37827819.0,205656344.29
5.41,5.36,5.42,5.28,43368943.0,231946847.59
5.4,5.33,5.43,5.26,51115496.0,272336496.15
5.33,5.32,5.36,5.28,25864252.0,137392117.6
5.33,5.47,5.47,5.25,68710097.0,371114775.65
5.47,5.32,5.51,5.3,60967492.0,327339604.73
5.33,5.23,5.33,5.19,50059284.0,262739287.25
5.24,5.19,5.26,5.15,51828549.0,269023927.43
5.23,5.28,5.39,5.2,66926438.0,356310514.98
5.3,5.42,5.43,5.28,52260715.0,280929614.03
5.4,5.2,5.4,5.2,65910149.0,347184663.02
5.2,5.26,5.29,5.18,27921040.0,146346511.06
5.22,5.05,5.22,4.96,60212051.0,305364347.23
4.55,4.55,4.71,4.55,107956027.0,493364149.58
4.56,4.63,4.71,4.5,83401239.0,382551325.51
4.58,4.62,4.67,4.53,93119663.0,428029887.74
4.57,4.6,4.64,4.53,87106624.0,398937055.76
4.57,4.64,4.65,4.51,82826192.0,377673487.8
4.6,4.73,4.76,4.57,76341032.0,356711913.25
4.76,4.74,4.81,4.73,61028525.0,290781259.38
4.75,5.0,5.11,4.73,123563052.0,609633614.03
4.97,4.94,5.07,4.9,48141259.0,239834437.4
4.97,4.94,4.99,4.92,41031505.0,203184067.24
4.97,5.08,5.08,4.91,57622724.0,286798747.38
5.01,4.96,5.04,4.94,47638956.0,236931371.22
4.94,4.93,5.02,4.92,39033127.0,193199686.67
4.91,5.05,5.07,4.89,80561628.0,400378952.53
5.02,4.99,5.05,4.94,52931526.0,264043555.8
5.02,5.0,5.08,4.97,70282650.0,353195945.69
4.91,4.94,5.02,4.88,67224869.0,331410913.9
4.91,4.96,5.06,4.87,71555075.0,355956923.68
4.94,4.98,5.01,4.93,45232462.0,224349422.82
4.92,4.81,4.97,4.77,56253543.0,272975147.26
4.81,4.93,4.96,4.77,47104552.0,229537020.43
4.95,4.91,4.96,4.89,41098949.0,202269109.92
4.89,4.89,4.91,4.83,33236293.0,161694954.24
4.91,5.02,5.1,4.88,85880712.0,430785560.03
4.96,4.99,5.04,4.94,62741813.0,313217656.0
4.91,4.76,4.94,4.76,71649040.0,345604765.51
4.7,4.87,4.92,4.7,57093221.0,276554527.0
4.87,4.77,4.88,4.77,44269438.0,213215729.83
4.8,4.76,4.83,4.67,55855481.0,264690754.52
4.59,4.84,4.86,4.54,66480465.0,313779261.51
4.85,4.62,4.85,4.6,51450782.0,242114052.55
4.6,4.6,4.77,4.56,41366241.0,191808756.08
4.62,4.41,4.64,4.37,65424811.0,295163682.99
4.39,4.25,4.42,4.23,75463323.0,323780928.65
4.29,4.22,4.33,4.19,76759044.0,324957670.1
4.11,3.99,4.11,3.95,68773373.0,277306553.55
4.07,4.05,4.11,3.97,59386819.0,239933557.77
4.14,4.28,4.36,4.09,77582210.0,326856396.77
4.22,4.32,4.35,4.19,58717490.0,251761298.41
4.34,4.33,4.45,4.27,40031538.0,173739765.78
4.25,4.18,4.29,4.1,56582581.0,237030621.7
4.2,4.14,4.27,4.14,30424825.0,127564735.21
4.18,4.14,4.22,4.11,25936771.0,108013827.36
4.1,4.17,4.17,4.09,23963861.0,99092824.23
4.15,4.14,4.24,4.12,25526409.0,106230983.58
4.23,4.19,4.24,4.16,34833630.0,146079457.72
4.17,4.17,4.22,4.16,28115599.0,117685709.75
4.19,4.19,4.23,4.18,16846668.0,70766409.63
4.19,4.25,4.34,4.16,44697438.0,190292511.55
4.2,4.08,4.22,4.04,53327227.0,218281380.27
4.08,4.12,4.15,4.07,34543862.0,141802017.65
4.12,4.08,4.16,4.07,27979502.0,114679578.01
4.06,4.07,4.1,4.04,42949287.0,174316066.61
4.08,4.11,4.16,4.08,47009437.0,193998019.56
4.12,4.18,4.2,4.07,41366447.0,172048668.34
4.18,4.19,4.27,4.13,34439441.0,143662444.54
4.19,4.16,4.2,4.14,26472029.0,110075600.99
4.17,4.07,4.19,4.06,69041873.0,282593095.89
4.07,3.93,4.09,3.92,86008566.0,343820531.69
3.94,4.1,4.19,3.93,94831373.0,388921002.09
4.08,4.02,4.12,3.99,49926288.0,201244775.33
4.02,4.33,4.36,4.0,134199595.0,569581753.7
4.35,4.33,4.44,4.28,79107675.0,344682045.31
4.29,4.27,4.32,4.2,63448003.0,270273776.72
4.28,4.16,4.3,4.14,78570867.0,328842244.95
4.18,4.24,4.28,4.16,58828693.0,248567638.48
4.22,4.16,4.28,4.14,61518681.0,257676011.31
4.16,4.14,4.19,4.11,38243023.0,158535142.12
4.13,4.13,4.14,4.1,31993417.0,131642950.02
4.11,4.08,4.12,4.07,46483761.0,190131878.51
4.1,4.04,4.11,4.03,43242336.0,175336780.25
4.01,4.04,4.07,4.01,30105079.0,121627394.38
4.09,4.16,4.2,4.06,74380217.0,308725173.83
4.16,4.23,4.3,4.11,89236046.0,375987908.46
4.23,4.28,4.3,4.2,74523012.0,318358157.85
4.28,4.25,4.32,4.2,67347534.0,287709062.43
4.25,4.12,4.26,4.11,48366828.0,201504710.91
4.14,4.1,4.16,4.06,44119196.0,181093311.9
4.11,4.16,4.22,4.07,45785523.0,190648775.74
4.18,4.33,4.37,4.16,94011412.0,402378727.91
4.3,4.41,4.45,4.27,59762227.0,261018172.72
4.41,4.44,4.47,4.36,49992253.0,221498714.37
4.47,4.51,4.6,4.47,53211460.0,241365895.58
4.54,4.6,4.8,4.54,77325856.0,361956142.91
4.6,4.65,4.71,4.53,44737994.0,207126776.89
4.67,4.67,4.73,4.64,31498129.0,147368475.94
4.73,4.67,4.74,4.56,58498917.0,271221480.87
4.69,4.68,4.7,4.62,23624052.0,110132195.64
4.71,4.65,4.71,4.59,35662891.0,165801344.73
4.65,4.46,4.68,4.42,54774520.0,246628676.36
4.42,4.44,4.5,4.36,41743291.0,184769462.99
4.43,4.39,4.5,4.37,32042553.0,141949709.49
4.42,4.44,4.49,4.39,32672788.0,145111446.02
4.45,4.38,4.45,4.33,36262304.0,158523098.08
4.33,4.38,4.42,4.27,53119243.0,230460757.49
4.37,4.46,4.51,4.36,48880335.0,216308191.47
4.44,4.44,4.55,4.4,43522235.0,194566697.22
4.43,4.39,4.48,4.38,28587180.0,126322224.6
4.42,4.54,4.64,4.39,54423159.0,246223855.62
4.55,4.57,4.62,4.49,40356164.0,183772865.57
4.56,4.55,4.62,4.49,44459493.0,202083115.02
4.56,4.55,4.62,4.47,80831041.0,367552273.07
4.56,4.77,4.8,4.52,102558459.0,480231277.96
4.79,4.89,4.94,4.79,115335722.0,562116043.5
5.0,5.38,5.38,4.97,201319454.0,1050159231.31
5.4,5.16,5.58,5.14,173346218.0,916281799.24
5.04,5.22,5.3,5.04,132028280.0,677986304.38
5.17,5.1,5.2,5.05,150783562.0,769179779.09
5.03,4.88,5.08,4.85,148523992.0,734475385.7
4.84,4.9,4.93,4.82,116145135.0,566052643.75
4.9,4.97,4.98,4.85,109777460.0,540193812.94
4.95,4.86,4.98,4.83,75956375.0,372398669.17
4.88,4.92,5.12,4.86,135551454.0,675996803.23
4.93,4.8,5.03,4.73,100853849.0,491912781.4
4.81,4.96,4.98,4.7,102109565.0,495902868.75
4.93,4.88,4.94,4.85,54908690.0,268423710.43
4.85,4.83,4.96,4.82,61537280.0,300742874.61
4.8,4.75,4.85,4.69,58856631.0,279729781.56
4.75,4.6,4.8,4.57,61545846.0,288692119.25
4.6,4.55,4.66,4.48,64948948.0,295702774.02
4.57,4.63,4.68,4.57,45786261.0,211980526.16
4.61,4.71,4.74,4.58,42087364.0,197094291.76
4.72,4.62,4.73,4.62,37238130.0,173362352.36
4.6,4.63,4.7,4.57,45890050.0,212282142.69
4.68,4.71,4.78,4.67,50297927.0,237051166.9
4.72,4.84,4.88,4.66,108088436.0,517684677.77
4.78,4.74,4.79,4.69,51420664.0,243492917.88
4.75,4.77,4.79,4.69,36198008.0,171780939.23
4.75,4.81,4.85,4.7,62477139.0,299678506.67
4.79,4.84,4.88,4.73,53594519.0,258088595.59
4.81,4.93,5.18,4.81,128823078.0,649151012.05
4.93,5.04,5.16,4.92,129349688.0,655408530.36
5.0,5.08,5.13,4.91,76691135.0,387561985.05
5.05,5.21,5.21,5.04,85323914.0,438687263.87
5.25,5.45,5.53,5.25,150635776.0,816363550.12
5.37,5.44,5.45,5.3,80236525.0,431231800.84
5.42,5.31,5.48,5.31,75196322.0,404650443.81
5.27,5.23,5.4,5.21,64108468.0,338792382.77
5.31,5.11,5.34,5.06,55100321.0,283883348.25
5.13,4.98,5.17,4.95,80646080.0,404378944.04
5.0,4.94,5.06,4.91,49170642.0,244519046.53
4.91,4.96,5.03,4.85,75004424.0,371003708.04
4.96,5.08,5.12,4.91,64330185.0,323892448.33
5.07,5.29,5.32,5.04,73758330.0,385425618.27
5.25,5.29,5.44,5.22,78581421.0,419584135.97
5.24,5.36,5.42,5.2,61346396.0,326561172.33
5.33,5.22,5.36,5.13,50720368.0,263777529.68
5.22,5.24,5.26,5.14,35568382.0,185151166.25
5.16,5.08,5.24,5.03,49921746.0,254770164.21
5.07,4.96,5.13,4.92,78597525.0,394519759.73
4.97,5.13,5.17,4.95,82376206.0,419903274.81
5.09,5.13,5.19,5.08,63078236.0,324064850.55
5.15,5.04,5.18,5.04,64737152.0,331297164.3
5.04,5.06,5.13,4.99,34190220.0,172896243.13
5.05,5.05,5.08,4.97,44410462.0,222735781.73
5.03,5.18,5.21,5.0,53152984.0,272443016.61
5.18,5.14,5.22,5.1,33997223.0,174976334.88
5.16,5.19,5.27,5.11,58230925.0,301755528.43
5.18,5.4,5.4,5.18,91220616.0,486856877.7
5.38,5.15,5.4,5.13,93742641.0,490887100.19
5.11,5.11,5.22,5.08,41491578.0,213073169.16
5.12,5.11,5.14,5.08,33206525.0,169526919.36
5.08,4.97,5.1,4.97,49046693.0,245749179.31
4.96,4.99,5.02,4.96,24673595.0,123043619.45
5.02,5.09,5.11,4.99,42181836.0,214143757.61
5.12,4.98,5.12,4.97,39213664.0,196980388.72
4.97,4.85,5.02,4.8,64513791.0,314209702.02
4.89,4.86,4.96,4.85,40237083.0,196794999.61
4.85,5.08,5.09,4.83,76683747.0,381691485.16
5.04,5.08,5.09,5.01,35696196.0,180376733.73
5.09,5.06,5.13,5.03,43335419.0,218985527.44
5.06,5.26,5.34,5.05,108758286.0,570951505.01
5.26,5.36,5.46,5.24,109922468.0,589244048.45
5.38,5.37,5.59,5.33,91328036.0,498766005.44
5.4,5.32,5.4,5.27,40621004.0,215991877.54
5.35,5.38,5.44,5.28,56705584.0,303603831.5
5.37,5.31,5.5,5.25,78557767.0,418492118.26
5.31,5.29,5.42,5.27,50525188.0,269678153.21
5.27,5.08,5.36,5.04,60960149.0,313412815.83
5.09,5.05,5.11,4.97,74363950.0,374191729.26
4.97,4.55,4.99,4.55,266828615.0,1245340180.08
4.44,4.34,4.45,4.21,226860880.0,977030946.58
4.29,4.21,4.34,4.14,140444044.0,597530637.06
4.21,4.3,4.39,4.21,148583979.0,640986903.4
4.3,4.31,4.4,4.26,88177918.0,379727842.1
4.34,4.31,4.36,4.29,75107400.0,324808310.08
4.32,4.28,4.34,4.23,87126973.0,372138792.95
4.27,4.3,4.3,4.23,40899263.0,174686058.2
4.29,4.32,4.35,4.29,100869634.0,435830352.42
4.35,4.32,4.43,4.3,89547933.0,390441519.7
4.34,4.39,4.41,4.31,87018457.0,380469596.62
4.38,4.39,4.41,4.35,39470103.0,173001237.3
4.39,4.36,4.39,4.29,46841196.0,202961374.53
4.34,4.35,4.39,4.32,38745785.0,168657322.41
4.34,4.4,4.4,4.32,47451154.0,207218410.84
4.38,4.54,4.62,4.37,110300976.0,497568655.85
4.55,4.74,4.78,4.52,131292722.0,612500097.76
4.71,4.7,4.74,4.66,58045622.0,272286699.01
4.67,4.75,4.83,4.66,62632612.0,297727096.1
4.75,4.75,4.85,4.7,56733651.0,270466419.21
4.8,4.73,4.88,4.7,64888523.0,309603023.74
4.7,4.68,4.78,4.65,53570501.0,251440322.02
4.69,4.77,4.8,4.68,59629551.0,282342645.63
4.86,4.83,5.24,4.8,196254393.0,984595815.81
4.77,4.91,4.96,4.68,146577160.0,707925171.35
4.88,4.71,4.91,4.67,122639935.0,585156718.05
4.71,4.72,4.8,4.66,81714283.0,386504012.79
4.67,4.72,4.74,4.61,61787602.0,288584208.18
4.67,4.57,4.71,4.55,74125379.0,341127198.74
4.58,4.56,4.62,4.51,39260066.0,178886856.82
4.55,4.54,4.6,4.53,37784032.0,172402159.0
4.53,4.47,4.54,4.44,44701240.0,199870788.91
4.45,4.42,4.5,4.41,34693955.0,154072519.63
4.44,4.48,4.5,4.43,29251688.0,131015749.11
4.5,4.45,4.5,4.4,33852326.0,150155149.21
4.45,4.41,4.47,4.4,31991038.0,141853469.25
4.4,4.47,4.49,4.37,32540103.0,144678639.53
4.45,4.4,4.5,4.4,40186911.0,178335764.03
4.39,4.4,4.44,4.34,30808245.0,135270247.08
4.4,4.31,4.42,4.3,51421102.0,223816729.46
4.34,4.41,4.41,4.29,45937920.0,200307286.1
4.39,4.35,4.46,4.34,37280357.0,163597513.97
4.35,4.36,4.39,4.34,23158729.0,101009750.56
4.36,4.27,4.36,4.18,70716529.0,301402434.49
4.29,4.39,4.47,4.28,69458728.0,305669340.34
4.38,4.41,4.42,4.35,38713261.0,169867932.49
4.44,4.58,4.72,4.42,138850553.0,639642314.79
4.57,4.44,4.57,4.4,105453881.0,467019173.95
4.4,4.37,4.44,4.34,79441900.0,347300862.13
4.39,4.42,4.44,4.35,57090884.0,250994621.98
4.4,4.42,4.47,4.39,62848023.0,278119010.13
4.41,4.4,4.46,4.38,40079274.0,176865916.43
4.42,4.47,4.57,4.42,76889320.0,345196351.9
4.47,4.48,4.51,4.39,61391092.0,272698484.46
4.47,4.46,4.48,4.42,36862026.0,164021925.63
4.46,4.41,4.52,4.4,44740988.0,198900187.94
4.45,4.47,4.63,4.45,122927945.0,559198392.38
4.47,4.58,4.66,4.46,92131063.0,422094838.41
4.57,4.6,4.66,4.52,66632975.0,305235157.36
4.59,4.6,4.63,4.54,50152349.0,229684542.86
4.62,4.58,4.65,4.55,61124509.0,281045497.38
4.57,4.57,4.58,4.5,48514710.0,220380915.23
4.58,4.6,4.62,4.5,49402970.0,225092023.52
4.54,4.39,4.55,4.31,122315212.0,537944174.76
4.39,4.36,4.49,4.34,61901531.0,272716318.16
4.32,4.36,4.37,4.3,37892339.0,164480908.77
4.4,4.31,4.4,4.29,46400386.0,201353502.96
4.29,4.26,4.31,4.22,51876518.0,220893681.99
4.28,4.31,4.4,4.24,59910520.0,258962179.37
4.29,4.24,4.34,4.22,46725865.0,199833942.06
4.22,4.22,4.31,4.16,58133928.0,246131522.24
4.23,4.32,4.35,4.17,87704285.0,375797472.77
4.32,4.35,4.42,4.21,77262554.0,334695216.02
4.34,4.36,4.38,4.31,41912116.0,181971011.65
4.39,4.47,4.57,4.37,84514713.0,379575535.5
4.5,4.57,4.6,4.47,85222594.0,386830022.09
4.57,4.81,4.85,4.54,131888261.0,624841856.91
4.83,4.94,5.06,4.79,149986563.0,742209689.01
4.88,4.9,5.02,4.85,75165438.0,370715899.96
4.9,4.85,4.93,4.76,67964513.0,329417986.71
4.86,4.8,4.9,4.77,60911873.0,293551290.0
4.75,4.66,4.84,4.63,62137853.0,293125749.31
4.69,4.67,4.77,4.63,61247196.0,286807121.56
4.7,4.82,4.85,4.63,100044885.0,475155972.54
4.77,5.1,5.13,4.75,153084664.0,769947036.21
5.1,5.06,5.19,4.99,98843311.0,502969768.98
4.98,5.08,5.14,4.96,70755853.0,358444817.36
5.08,5.04,5.19,5.01,61888958.0,315343408.73
5.07,4.92,5.11,4.9,55881753.0,277780531.82
4.89,4.88,4.94,4.8,79703695.0,388382709.99
4.93,5.08,5.22,4.93,87779301.0,447685655.77
5.03,5.03,5.1,4.99,53948931.0,271344274.16
5.03,5.16,5.26,4.99,82569953.0,427668062.47
5.15,5.14,5.28,5.09,62655743.0,324733122.56
5.14,5.06,5.16,5.03,27249207.0,138154598.43
5.04,5.06,5.11,4.96,37063585.0,186545950.87
5.02,4.91,5.11,4.86,42402241.0,209692717.0
4.86,4.91,5.03,4.86,42433718.0,209421933.72
4.9,4.94,5.0,4.88,32784602.0,162074703.72
4.9,4.91,5.02,4.85,37863836.0,187472923.84
4.89,4.83,5.04,4.77,57072246.0,279192975.05
4.81,4.88,4.91,4.81,33142193.0,161307789.86
4.91,4.83,4.91,4.77,39496749.0,190387056.67
4.83,4.78,4.83,4.72,44656163.0,212259428.94
4.76,4.72,4.8,4.69,41054677.0,194227938.83
4.72,4.69,4.73,4.66,28957987.0,135511567.97
4.68,4.62,4.69,4.58,42730324.0,197363030.56
4.6,4.66,4.68,4.6,29981503.0,139364100.43
4.66,4.62,4.7,4.6,35673090.0,165172988.09
4.6,4.57,4.62,4.55,39260778.0,179978080.07
4.55,4.5,4.57,4.49,30271534.0,136693843.99
4.51,4.49,4.53,4.44,33352204.0,149275777.97
4.49,4.44,4.52,4.42,32093350.0,142837448.92
4.42,4.46,4.51,4.42,28828394.0,128970460.83
4.46,4.49,4.49,4.43,27022707.0,120594542.0
4.46,4.53,4.54,4.46,35351751.0,159333799.16
4.49,4.53,4.54,4.45,32697369.0,147289552.42
4.51,4.47,4.56,4.46,33025103.0,148471433.12
4.48,4.51,4.55,4.46,31614939.0,142993670.06
4.52,4.46,4.52,4.46,24924531.0,111533861.18
4.46,4.45,4.49,4.42,24379225.0,108360936.63
4.47,4.39,4.52,4.39,45754727.0,203531666.98
4.4,4.35,4.42,4.34,44931867.0,196524870.23
4.36,4.39,4.43,4.33,28090544.0,123224748.57
4.42,4.47,4.48,4.4,28966349.0,129042732.62
4.44,4.31,4.44,4.26,89343209.0,386760023.07
4.32,4.36,4.45,4.29,62158427.0,272402811.86
4.36,4.4,4.42,4.35,57926790.0,253954238.56
4.4,4.5,4.53,4.37,68792166.0,306788570.73
4.5,4.56,4.57,4.47,42357623.0,192437500.97
4.55,4.56,4.65,4.54,35731226.0,163603235.91
4.54,4.6,4.62,4.52,27795437.0,127178506.52
4.63,4.63,4.63,4.5,47403958.0,216661432.55
4.59,4.57,4.64,4.52,42610697.0,195007697.12
4.57,4.55,4.58,4.54,17868749.0,81444428.85
4.58,4.44,4.58,4.42,47630131.0,212688297.14
4.45,4.5,4.52,4.41,38136939.0,171098105.36
4.52,4.44,4.53,4.42,26198538.0,116627035.94
4.43,4.48,4.52,4.43,30302577.0,135413615.37
4.46,4.53,4.54,4.44,47270580.0,213096017.46
4.55,4.52,4.63,4.5,65171064.0,296588952.22
4.52,4.47,4.53,4.46,49424521.0,221647492.01
4.47,4.39,4.47,4.39,81303031.0,358641298.14
4.4,4.4,4.43,4.37,40098633.0,176433132.42
4.39,4.37,4.39,4.35,48130279.0,210316910.03
4.36,4.38,4.38,4.34,33630322.0,146729908.98
4.38,4.36,4.42,4.36,35440824.0,155332083.42
4.36,4.37,4.39,4.33,32645579.0,142323212.7
4.36,4.32,4.36,4.31,43389269.0,187929402.39
4.32,4.35,4.36,4.31,35576946.0,154323319.79
4.34,4.36,4.38,4.34,20777199.0,90613379.46
4.37,4.35,4.38,4.34,27355366.0,119287891.67
4.34,4.32,4.35,4.27,57735482.0,248550094.97
4.31,4.28,4.31,4.25,29413027.0,125814392.49
4.28,4.28,4.31,4.25,28063828.0,120192195.93
4.28,4.25,4.32,4.25,24339548.0,103882311.47
4.24,4.25,4.27,4.22,30344705.0,128510069.48
4.25,4.19,4.26,4.19,34335722.0,144769404.39
4.2,4.15,4.23,4.13,50732882.0,211294812.87
4.14,4.03,4.15,4.01,85599966.0,346088674.64
4.04,4.02,4.05,4.0,36963846.0,148466184.14
4.03,4.06,4.08,4.01,62612545.0,253220533.72
4.07,3.97,4.07,3.96,65679344.0,262739398.27
3.96,3.9,3.97,3.87,64476305.0,252456196.55
3.9,3.96,3.97,3.9,31944246.0,126073910.99
4.04,4.18,4.22,4.04,138493164.0,574379267.84
4.16,4.24,4.27,4.15,102599296.0,432725537.06
4.18,4.25,4.29,4.18,87471575.0,371426895.49
4.29,4.27,4.29,4.21,53818729.0,228905978.76
4.26,4.22,4.29,4.18,41197136.0,174200241.78
4.27,4.15,4.28,4.11,63219902.0,262581758.52
4.15,4.12,4.2,4.09,41185503.0,170694883.72
4.22,4.16,4.32,4.13,107358787.0,454364970.45
4.18,4.21,4.25,4.13,40674825.0,170862642.53
4.22,4.07,4.23,4.06,59932875.0,245641202.92
4.09,4.13,4.21,4.07,84659710.0,350567950.3
4.11,4.09,4.15,4.02,76610683.0,312452002.72
4.06,4.06,4.09,4.04,43828547.0,178213801.87
4.05,4.01,4.06,3.99,40889860.0,164148596.59
4.03,4.0,4.05,3.98,34993112.0,140078133.24
4.02,4.06,4.08,3.99,41970666.0,169734892.04
4.05,4.0,4.06,3.99,32880904.0,131910337.54
3.99,3.93,4.0,3.93,40474163.0,160269939.8
3.92,3.83,3.96,3.8,83965298.0,323508053.61
3.83,3.79,3.9,3.78,53361826.0,204164520.2
3.82,3.76,3.83,3.74,46177567.0,174472148.13
3.75,3.76,3.77,3.7,43068024.0,160553496.7
3.72,3.76,3.81,3.66,65362996.0,243978263.75
3.76,3.77,3.79,3.72,41443876.0,155602383.76
3.76,3.72,3.76,3.71,37481137.0,139721407.84
3.72,3.69,3.76,3.67,36320318.0,134690031.57
3.68,3.67,3.7,3.63,34900291.0,127831283.29
3.67,3.74,3.76,3.66,51927203.0,193641208.67
3.74,3.79,3.79,3.71,50096980.0,188249218.22
3.79,3.78,3.87,3.78,46829544.0,178911677.62
3.78,3.81,3.83,3.77,33283066.0,126500101.24
3.79,3.79,3.83,3.78,27748042.0,105376811.96
3.8,3.81,3.83,3.79,23846199.0,90900356.74
3.86,3.9,4.01,3.82,138743692.0,544331785.51
3.93,3.99,3.99,3.91,113529314.0,450071407.44
3.99,4.0,4.01,3.93,74557042.0,295936451.16
3.98,4.01,4.03,3.93,57633009.0,229583033.37
4.04,4.04,4.11,4.01,69217013.0,280810961.27
4.03,4.16,4.18,4.01,77538550.0,319357612.96
4.13,4.1,4.15,4.08,49557136.0,203834765.29
4.11,4.06,4.12,4.01,54508620.0,220580796.05
4.04,3.99,4.06,3.97,48570558.0,194633240.59
3.97,3.93,3.97,3.9,48420795.0,190195319.69
3.95,3.99,4.02,3.91,53089368.0,210478285.99
4.01,4.06,4.08,3.97,73735411.0,297375140.46
4.06,4.03,4.09,4.01,55874848.0,225719449.04
4.04,4.12,4.21,4.03,90642628.0,374381885.74
4.09,4.1,4.14,4.08,52307802.0,214789279.57
4.11,4.11,4.15,4.08,63346278.0,260183042.52
4.11,4.14,4.18,4.1,72515383.0,300804029.99
4.12,4.11,4.15,4.09,37494990.0,154238718.17
4.11,4.16,4.21,4.11,87648640.0,364792350.55
4.15,4.13,4.16,4.1,45106044.0,186036095.72
4.12,4.06,4.15,4.06,49933504.0,204487830.75
4.06,4.07,4.11,4.02,37508025.0,152805626.59
4.08,3.97,4.13,3.96,59907924.0,242530566.22
3.98,3.92,3.99,3.88,40729949.0,159856779.76
3.89,3.82,3.91,3.79,70994288.0,272596710.54
3.85,3.98,4.01,3.83,68959184.0,273416674.31
3.96,3.9,3.99,3.88,42898231.0,168137025.76
3.88,3.83,3.9,3.82,40374559.0,155090216.79
3.8,4.09,4.12,3.8,106524635.0,426497959.74
4.09,4.02,4.09,3.95,78222714.0,313129891.92
4.02,4.09,4.13,3.95,93619160.0,378837175.81
4.09,4.15,4.16,4.06,64313545.0,265486816.58
4.14,4.15,4.21,4.12,51073475.0,212454152.26
4.11,4.17,4.21,4.09,69386639.0,289765623.09
4.14,4.18,4.2,4.12,42122969.0,175365660.22
4.18,4.16,4.21,4.16,36158000.0,151368512.0
4.18,4.16,4.2,4.12,39004045.0,162092665.0
4.15,4.2,4.24,4.13,60752889.0,253781553.0
4.2,4.25,4.29,4.18,65245414.0,277480871.0
4.28,4.25,4.28,4.2,33693624.0,142672856.0
4.36,4.68,4.68,4.36,324118312.0,1483004981.9
4.79,4.77,5.04,4.71,308154368.0,1495172839.25
4.64,4.73,4.77,4.5,224401683.0,1039212071.46
4.7,4.85,4.97,4.64,206301520.0,997726084.58
4.79,4.75,4.84,4.6,153042175.0,723005519.32
4.74,4.73,4.85,4.68,88306073.0,419387648.63
4.75,4.64,4.75,4.6,88706722.0,412522143.26
4.61,4.65,4.74,4.57,99295630.0,461268967.49
4.59,4.55,4.72,4.47,98597241.0,450233599.3
4.55,4.52,4.56,4.47,67239073.0,303001195.18
4.5,4.5,4.57,4.47,43687967.0,196497069.53
4.5,4.42,4.52,4.39,62587559.0,278615933.38
4.38,4.38,4.43,4.33,50975075.0,223367049.68
4.38,4.31,4.41,4.29,57994705.0,251044755.46
4.31,4.27,4.33,4.24,46245448.0,197596109.16
4.29,4.48,4.54,4.25,119217089.0,525498298.38
4.47,4.34,4.49,4.29,102200419.0,446184828.79
4.34,4.43,4.44,4.31,73879814.0,324220181.66
4.38,4.38,4.48,4.36,42544350.0,187714579.39
4.37,4.32,4.41,4.31,40831689.0,177410762.43
4.32,4.34,4.4,4.29,43575196.0,189768969.53
4.35,4.49,4.52,4.35,65243071.0,290244324.53
4.43,4.42,4.46,4.39,52695165.0,233010899.08
4.41,4.41,4.46,4.39,38011310.0,168321151.09
4.41,4.45,4.48,4.39,40231552.0,178194180.91
4.42,4.42,4.47,4.39,26500734.0,117027549.11
4.4,4.34,4.41,4.33,38799952.0,169284978.5
4.31,4.3,4.34,4.25,52367512.0,224473917.33
4.31,4.38,4.42,4.31,66640856.0,292282330.93
4.37,4.37,4.39,4.29,59173551.0,256165951.51
4.32,4.33,4.43,4.3,49823295.0,216195896.74
4.36,4.43,4.45,4.31,64532273.0,283438030.49
4.47,4.47,4.56,4.38,80323621.0,360282245.98
4.59,4.55,4.61,4.47,68056805.0,308921905.69
4.52,4.52,4.55,4.47,58778452.0,264231696.18
4.49,4.55,4.6,4.48,58952560.0,267326253.72
4.5,4.49,4.54,4.47,40967502.0,184338763.53
4.53,4.47,4.54,4.47,47850939.0,215013550.4
4.46,4.39,4.47,4.37,45578632.0,200543565.33
4.37,4.37,4.4,4.34,31045367.0,135738950.28
4.38,4.38,4.4,4.35,36250159.0,158495051.1
4.38,4.34,4.39,4.32,44711449.0,194195053.77
4.31,4.25,4.33,4.24,54083034.0,231134354.63
4.25,4.34,4.38,4.25,49562886.0,214443988.15
4.35,4.28,4.36,4.27,35805020.0,153653171.37
4.28,4.28,4.31,4.26,31687253.0,135472181.21
4.27,4.26,4.28,4.24,35919105.0,153016908.86
4.26,4.22,4.28,4.22,31748647.0,134751540.62
4.24,4.24,4.25,4.2,29595807.0,124949891.0
4.22,4.19,4.23,4.18,35477494.0,149053829.0
4.19,4.2,4.23,4.18,35249263.0,148145166.0
4.2,4.22,4.24,4.16,33865462.0,142536504.0
4.22,4.27,4.27,4.19,56509230.0,240228199.0
4.27,4.31,4.34,4.25,78885382.0,339783291.0
4.3,4.3,4.34,4.28,50180287.0,216256487.0
4.29,4.36,4.39,4.29,66691409.0,290205300.0
4.38,4.36,4.45,4.31,87024118.0,379871840.0
4.36,4.45,4.5,4.36,89458136.0,397638138.0
4.55,4.6,4.65,4.52,130959396.0,600996197.0
4.64,4.77,4.86,4.61,175446768.0,839108248.0
4.78,4.69,4.81,4.59,118152883.0,551692669.0
4.65,4.58,4.7,4.55,62019904.0,285172991.0
4.57,4.68,4.71,4.55,65774830.0,304651867.0
4.66,4.69,4.8,4.64,54828017.0,257460567.0
4.7,4.78,4.89,4.69,96864283.0,463031279.0
4.75,4.78,4.79,4.67,61702669.0,292419273.0
4.71,4.78,4.82,4.65,54003438.0,257159598.0
4.76,4.73,4.83,4.71,60540912.0,288724606.0
4.71,4.78,4.81,4.7,52938030.0,252186707.0
4.76,4.8,4.88,4.74,70496314.0,339709907.0
4.84,4.71,4.84,4.68,54469800.0,259184887.0
4.79,4.84,4.87,4.74,63424866.0,305255458.0
4.84,4.91,4.95,4.81,78183445.0,381950791.0
4.9,4.86,4.92,4.84,60186009.0,293047708.0
4.84,4.92,4.94,4.8,54412294.0,265831410.0
4.92,4.91,5.01,4.87,53383718.0,263653513.0
4.89,4.82,4.91,4.78,73105928.0,352307863.0
4.84,4.78,4.98,4.7,65426006.0,314762019.0
4.81,4.87,4.91,4.78,34719895.0,168558652.0
4.9,4.89,4.96,4.81,36598434.0,178556563.0
4.87,5.03,5.03,4.85,55511650.0,276446598.0
4.99,4.93,5.03,4.88,45312101.0,223506605.0
4.92,4.87,4.97,4.8,56614023.0,275926773.0
4.89,4.8,4.89,4.72,74769185.0,356935694.0
4.78,4.74,4.82,4.69,60610733.0,288389711.0
4.74,4.7,4.79,4.66,38411115.0,180846751.0
4.7,4.75,4.78,4.59,62918933.0,296316946.0
4.77,4.87,4.89,4.72,59251237.0,286223424.0
4.85,4.91,5.0,4.82,44518161.0,218746914.0
4.93,4.95,4.99,4.9,30694486.0,151610755.0
4.94,4.89,4.95,4.85,40249566.0,197068801.0
4.84,4.84,4.93,4.83,45384837.0,220916664.0
4.84,4.63,4.85,4.61,50536832.0,238338415.0
4.64,4.56,4.75,4.38,77326354.0,351907835.0
4.73,4.82,4.91,4.7,90876456.0,437293086.0
4.77,4.68,4.85,4.6,58943621.0,276481939.0
4.6,4.56,4.68,4.55,51255938.0,236421820.0
4.52,4.52,4.55,4.29,115964593.0,511316833.0
4.42,4.46,4.54,4.28,120534716.0,529908595.0
4.51,4.52,4.59,4.41,98244323.0,444729902.0
4.51,4.66,4.68,4.49,74409881.0,344161407.0
4.66,4.52,4.67,4.49,64983833.0,295735597.0
4.5,4.6,4.62,4.49,42551329.0,193971031.0
4.6,4.67,4.71,4.55,64694951.0,300601528.0
4.61,4.75,4.8,4.61,42333013.0,201162746.0
4.71,4.73,4.84,4.7,36649938.0,174371524.0
4.68,4.73,4.78,4.67,28263082.0,133501037.0
4.81,4.71,4.84,4.68,47815572.0,225385541.0
4.72,4.8,4.81,4.7,55891741.0,266598057.0
4.78,4.94,4.98,4.74,84412941.0,415488787.0
4.93,5.11,5.17,4.92,118462895.0,603075780.0
5.07,5.2,5.25,5.01,96060739.0,496209036.0
5.16,5.16,5.35,5.13,74190395.0,387825186.0
5.11,5.23,5.25,5.05,68774741.0,354434966.0
5.12,5.1,5.21,5.07,65184228.0,334322874.0
5.12,5.12,5.18,5.01,47144237.0,240754242.0
5.1,5.13,5.22,5.07,48756880.0,250918179.0
5.21,5.15,5.23,5.1,44436582.0,229499778.0
5.1,5.43,5.48,5.08,98606644.0,525696445.0
5.35,5.24,5.37,5.19,75839861.0,400075932.0
5.2,5.3,5.33,5.12,55145680.0,289055710.0
5.3,5.12,5.35,5.07,53902137.0,277975913.0
5.03,5.05,5.16,5.01,52101605.0,264835645.0
5.06,5.21,5.31,5.04,71364026.0,371871388.0
5.21,5.05,5.33,5.04,87166541.0,447922550.0
5.05,4.95,5.17,4.95,78566231.0,397882434.0
4.86,4.97,5.08,4.85,63033293.0,313186561.0
4.95,5.15,5.17,4.93,64996014.0,330551671.0
5.14,5.17,5.23,5.02,69270412.0,355231763.0
5.15,5.11,5.23,5.02,71937940.0,367740124.0
5.02,5.0,5.12,4.96,54005885.0,272858832.0
4.94,4.84,5.08,4.77,70243163.0,341918956.0
4.8,5.0,5.07,4.75,83285553.0,412263889.0
4.99,4.88,5.02,4.86,62276006.0,308368151.0
4.85,4.87,4.96,4.83,34046404.0,166898310.0
4.91,4.98,5.08,4.91,45988203.0,229606651.0
4.99,4.91,5.0,4.75,65023323.0,317344320.0
4.93,4.87,4.95,4.79,44616376.0,216435722.0
4.87,4.77,4.89,4.68,78487402.0,373592547.0
4.73,4.78,4.8,4.68,50851117.0,241262963.0
4.77,4.71,4.79,4.68,71703278.0,338095052.0
4.71,4.66,4.72,4.61,56673805.0,263733775.0
4.64,4.57,4.68,4.57,46907638.0,216366411.0
4.57,4.6,4.62,4.56,44605663.0,204791081.0
4.6,4.68,4.71,4.58,58410693.0,272573689.0
4.68,4.63,4.73,4.6,41140810.0,191191435.0
4.63,4.61,4.67,4.6,48078368.0,222568796.0
4.61,4.64,4.64,4.57,40833145.0,188268176.0
4.64,4.59,4.64,4.57,50922164.0,233642826.0
4.58,4.61,4.63,4.55,41498184.0,190605124.0
4.6,4.52,4.61,4.46,106455935.0,480226779.0
4.5,4.57,4.59,4.48,67854736.0,308488699.0
4.6,4.67,4.68,4.55,82261730.0,380686825.0
4.68,4.76,4.84,4.65,70485077.0,335902735.0
4.73,4.78,4.8,4.69,52599490.0,249038618.0
4.74,4.71,4.81,4.67,52631946.0,248719771.0
4.69,4.78,4.78,4.67,64090732.0,302196380.0
4.8,5.01,5.11,4.77,113645228.0,565375557.0
5.06,5.02,5.07,4.96,64987459.0,326208116.0
4.97,5.01,5.06,4.91,53582009.0,266897248.0
4.99,5.05,5.09,4.94,61482173.0,308345767.0
5.07,4.99,5.11,4.94,48774730.0,244255931.0
5.0,4.93,5.02,4.92,29360870.0,145697732.0
4.93,4.9,4.96,4.86,48987386.0,239964670.0
4.9,4.83,4.9,4.8,53541085.0,258847572.0
4.85,4.94,5.02,4.82,82981066.0,409330454.0
4.95,5.01,5.13,4.94,55614143.0,278182701.0
5.06,4.96,5.07,4.95,32871916.0,164138839.0
4.96,5.02,5.09,4.95,57041357.0,287025462.0
5.03,5.13,5.16,5.0,47669729.0,243234006.0
5.13,5.06,5.16,5.0,57214950.0,289285751.0
5.06,5.07,5.08,5.01,53231273.0,268754272.0
5.03,5.05,5.08,4.99,37002242.0,186265316.0
5.02,5.16,5.19,4.99,54286429.0,278958438.0
5.16,5.2,5.22,5.09,42117231.0,217834766.0
5.19,5.2,5.27,5.14,38419232.0,200393424.0
5.21,5.23,5.3,5.19,38317210.0,201164622.0
5.21,5.09,5.22,5.0,53880093.0,274059565.0
5.1,5.1,5.16,4.91,81419058.0,412532404.0
5.1,4.99,5.18,4.99,47716122.0,242007877.0
4.97,4.94,5.07,4.93,42054187.0,208972178.0
4.95,5.12,5.14,4.93,51076312.0,259789495.0
5.11,5.15,5.18,5.05,27065241.0,138878495.0
5.13,4.93,5.13,4.93,49415237.0,246688767.0
5.0,4.99,5.04,4.96,32097149.0,160783268.0
4.99,4.99,5.01,4.94,32159896.0,160158287.0
5.03,5.07,5.13,4.98,42424351.0,215541233.0
5.16,5.1,5.19,5.08,33884530.0,173341854.0
5.11,5.11,5.19,5.07,31443490.0,161638362.0
5.12,5.07,5.14,5.07,24774741.0,126292658.0
5.06,4.97,5.07,4.96,45541773.0,227501695.0
4.95,4.92,4.95,4.84,32382642.0,158565689.0
4.88,4.79,4.94,4.79,34886414.0,169641049.0
4.82,4.8,4.85,4.74,29505724.0,141314534.0
4.86,4.92,4.93,4.84,47118318.0,230648748.0
4.92,4.99,5.03,4.92,30595357.0,152817297.0
4.96,5.01,5.03,4.94,27606376.0,137730617.0
5.01,5.0,5.08,4.99,21503163.0,107972242.0
5.0,5.0,5.05,4.96,51615792.0,257603863.0
4.98,4.99,5.01,4.94,42006583.0,209166432.0
4.99,5.01,5.03,4.94,41651346.0,208570617.0
5.03,4.96,5.06,4.9,56497136.0,280006921.0
4.98,5.05,5.07,4.94,44942480.0,225090858.0
5.05,5.0,5.07,4.97,39887229.0,199776863.0
5.01,5.08,5.12,4.97,46560592.0,236492749.0
5.06,5.13,5.15,5.05,40429640.0,206597603.0
5.11,5.08,5.15,5.07,33917829.0,172510098.0
5.1,5.06,5.11,5.05,30931601.0,156965776.0
5.06,5.07,5.09,4.98,27947600.0,140709827.0
5.08,5.08,5.09,5.02,28343275.0,143623557.0
5.05,5.11,5.12,5.01,27681860.0,140386595.0
5.09,5.13,5.16,5.05,27741391.0,141575542.0
5.1,5.13,5.19,5.08,37930144.0,194837601.0
5.14,5.14,5.18,5.1,37009065.0,190737103.0
5.11,5.11,5.15,5.09,25731171.0,131464437.0
5.11,5.19,5.19,5.09,34648074.0,178551539.0
5.17,5.18,5.22,5.15,28495429.0,147621242.0
5.16,5.12,5.19,5.11,32670852.0,167737433.0
5.13,5.24,5.25,5.11,37396328.0,194559886.0
5.24,5.32,5.34,5.21,50778144.0,269297515.0
5.39,5.26,5.45,5.25,137432712.0,732586406.0
5.19,5.19,5.26,5.15,123648128.0,641695025.0
4.96,5.05,5.14,4.96,169360611.0,856483251.0
5.01,4.97,5.15,4.97,80434301.0,405805547.0
5.04,5.01,5.08,4.97,42174932.0,212154711.0
5.02,4.91,5.03,4.89,41739421.0,205921230.0
4.94,5.04,5.07,4.87,42698530.0,213422884.0
5.02,5.09,5.13,4.99,38122829.0,193478788.0
5.09,5.13,5.18,5.08,44715829.0,229693613.0
5.08,5.11,5.17,5.05,46118189.0,235615422.0
5.11,5.1,5.14,5.01,31418426.0,159747915.0
5.07,5.16,5.2,5.06,44024717.0,227003670.0
5.17,5.18,5.29,5.16,33876981.0,176987638.0
5.15,5.23,5.31,5.15,34246663.0,179243517.0
5.23,5.17,5.27,5.13,42567905.0,220429333.0
5.16,5.25,5.26,5.13,33638011.0,175682576.0
5.24,5.24,5.27,5.17,33474019.0,174720396.0
5.22,5.15,5.23,5.09,29344627.0,150740622.0
5.24,5.36,5.4,5.19,93267800.0,495897509.0
5.26,5.39,5.49,5.25,56039918.0,303066278.0
5.4,5.21,5.44,5.17,53755356.0,281927932.0
5.19,5.11,5.24,5.06,39881424.0,204197403.0
5.1,5.03,5.11,5.01,35053177.0,177082941.0
5.06,5.07,5.08,5.02,21769168.0,110091562.0
5.07,4.94,5.11,4.92,39071737.0,195067252.0
4.92,4.86,5.01,4.84,39725863.0,195060526.0
4.86,4.75,4.9,4.71,59968181.0,287348126.0
4.74,4.67,4.77,4.63,67136541.0,314044874.0
4.7,4.74,4.89,4.64,87972863.0,420251345.0
4.74,4.59,4.75,4.56,69460386.0,322109651.0
4.59,4.72,4.72,4.59,46548815.0,217499596.0
4.69,4.65,4.71,4.57,52250191.0,241813566.0
4.62,4.63,4.66,4.58,34743227.0,160545557.0
4.63,4.67,4.73,4.63,62348366.0,291647135.0
4.67,4.58,4.67,4.51,100469896.0,458820262.0
4.57,4.63,4.65,4.57,60938462.0,281451349.0
4.63,4.61,4.69,4.6,36848563.0,170507706.0
4.6,4.61,4.65,4.57,29755483.0,137187999.0
4.63,4.71,4.76,4.6,104884425.0,490674486.0
4.72,4.69,4.78,4.67,95689956.0,452062517.0
4.69,4.71,4.74,4.65,59101081.0,277361971.0
4.7,4.69,4.72,4.67,35042880.0,164396666.0
4.67,4.69,4.7,4.61,44071250.0,205880746.0
4.69,4.75,4.8,4.69,49799524.0,235981211.0
4.74,4.74,4.78,4.69,33545760.0,158733596.0
4.74,4.82,4.87,4.74,48409997.0,233285666.0
4.82,4.86,4.92,4.81,49056146.0,239407076.0
4.9,4.96,4.97,4.86,49227768.0,243019465.0
4.99,5.09,5.1,4.94,46847123.0,236392951.0
5.02,5.0,5.03,4.91,49447340.0,244904426.0
5.03,5.07,5.17,5.01,66596352.0,338343908.0
5.12,4.98,5.12,4.94,44212819.0,221005810.0
5.01,4.93,5.09,4.92,52832507.0,262539326.0
4.95,4.93,4.96,4.87,29836535.0,146634632.0
4.94,5.01,5.03,4.92,37962557.0,189468149.0
4.99,5.05,5.1,4.97,32456937.0,163157526.0
5.02,4.94,5.06,4.94,32272321.0,160706234.0
4.94,5.0,5.05,4.92,29684157.0,148236522.0
5.02,4.97,5.05,4.96,31955178.0,159613955.0
4.98,4.96,5.01,4.92,31366304.0,156121181.0
4.95,4.99,5.01,4.95,20585610.0,102684301.0
4.98,4.95,5.01,4.94,24492294.0,121734621.0
4.96,4.91,4.97,4.88,28692064.0,141173261.0
4.88,4.91,4.96,4.88,23435904.0,115120355.0
4.92,4.88,4.97,4.86,27940799.0,136989177.0
4.86,4.81,4.91,4.78,20384763.0,98548936.0
4.83,4.8,4.85,4.78,16300043.0,78399707.0
4.83,4.74,4.84,4.72,18477315.0,87986224.0
4.71,4.71,4.75,4.69,16494100.0,77791994.0
4.73,4.76,4.76,4.7,19202483.0,90847110.0
4.77,4.78,4.83,4.75,19535182.0,93573570.0
4.79,4.86,4.92,4.78,29682283.0,144208056.0
4.84,4.91,4.93,4.78,29507027.0,143644560.0
4.91,4.96,4.97,4.9,39483751.0,195254201.0
4.96,5.04,5.06,4.94,45417586.0,228273117.0
5.06,5.07,5.09,5.01,36010284.0,182063627.0
5.07,5.07,5.09,5.01,39207891.0,198344617.0
5.07,5.01,5.07,4.97,35387010.0,177314562.0
5.03,4.96,5.03,4.96,23429915.0,116751934.0
4.97,4.93,4.98,4.9,27363188.0,134912693.0
4.93,4.96,4.99,4.9,43514816.0,215479040.0
4.96,4.89,4.97,4.86,46494586.0,227533107.0
4.91,4.94,4.95,4.86,34655716.0,169987617.0
4.94,4.86,4.98,4.85,97328147.0,475703123.0
4.86,4.91,4.93,4.84,48516724.0,237541913.0
4.9,4.95,4.98,4.88,47105770.0,232496741.0
4.92,4.86,4.94,4.85,49213480.0,239775005.0
4.86,4.88,4.9,4.85,34583810.0,168492327.0
4.92,4.88,4.95,4.88,45579968.0,223339820.0
4.9,4.85,4.9,4.84,36120861.0,175647137.0
4.85,4.83,4.85,4.8,46782787.0,225493623.0
4.84,4.8,4.84,4.78,34396471.0,165126948.0
4.78,4.76,4.8,4.74,31006915.0,147559071.0
4.74,4.75,4.76,4.71,30363975.0,143876396.0
4.76,4.83,4.83,4.75,58529191.0,280623373.0
4.8,4.78,4.84,4.77,31670952.0,152042707.0
4.78,5.03,5.06,4.77,141681601.0,704347785.0
5.02,5.15,5.17,5.0,105950103.0,540276856.0
5.12,5.11,5.16,5.05,70988140.0,361557274.0
5.14,5.18,5.2,5.12,49597335.0,256595901.0
5.16,5.17,5.22,5.11,40966721.0,211891239.0
5.17,5.11,5.22,5.07,41409699.0,212883492.0
5.09,5.12,5.16,5.07,30881891.0,157835649.0
5.14,5.17,5.2,5.09,30763333.0,158348674.0
5.19,5.19,5.21,5.11,33431165.0,172617120.0
5.15,5.17,5.18,5.11,22879152.0,117766095.0
5.16,5.12,5.19,5.09,25099360.0,128594783.0
5.12,5.11,5.12,5.06,23331462.0,118815377.0
5.1,5.05,5.11,5.03,24829589.0,125705627.0
5.06,5.07,5.09,5.01,27471543.0,138691717.0
5.07,5.15,5.17,5.05,31834551.0,163245061.0
5.15,5.17,5.19,5.11,18871750.0,97269651.0
5.19,5.22,5.27,5.15,36284129.0,189180325.0
5.24,5.19,5.31,5.17,25294199.0,132084834.0
5.18,5.11,5.26,5.1,27514703.0,142367207.0
5.09,5.11,5.15,5.05,22730014.0,115649722.0
5.13,5.13,5.2,5.11,19000189.0,97714136.0
5.09,5.01,5.1,4.99,29361510.0,147729814.0
4.99,5.03,5.05,4.97,30065879.0,150826982.0
4.99,4.93,5.08,4.92,44763226.0,222914569.0
4.96,4.98,5.03,4.96,27188863.0,136051259.0
4.96,4.91,4.99,4.88,34105607.0,168407224.0
4.94,4.86,4.96,4.84,37034022.0,180935174.0
4.88,4.89,5.01,4.86,39460306.0,194895905.0
4.88,4.91,4.95,4.86,36724574.0,180124410.0
4.93,4.92,4.97,4.89,25162762.0,123860034.0
4.9,4.92,4.99,4.86,27866490.0,137230261.0
4.92,4.81,4.92,4.8,51597932.0,249472572.0
4.82,4.78,4.88,4.76,46511069.0,222670864.0
4.8,4.84,4.88,4.8,45414368.0,220234084.0
4.84,4.83,4.9,4.82,25352188.0,122617127.0
4.85,5.03,5.05,4.81,56585462.0,279932334.0
5.01,4.9,5.01,4.88,44397977.0,218526217.0
4.9,4.93,4.99,4.89,39828891.0,197083661.0
4.92,4.92,4.94,4.88,22022658.0,107938962.0
4.9,4.88,4.92,4.84,33176872.0,161873904.0
4.9,4.86,4.9,4.85,22234118.0,108126605.0
4.9,4.99,5.03,4.83,74609159.0,371295724.0
4.97,5.01,5.03,4.92,47322921.0,236060943.0
5.01,4.98,5.04,4.96,30732530.0,153460434.0
4.98,5.03,5.06,4.94,37456459.0,187663777.0
5.03,5.04,5.06,4.96,40145275.0,201488407.0
5.03,5.09,5.15,4.99,67280563.0,340000650.0
5.07,5.17,5.22,5.07,56994036.0,294867478.0
5.18,5.17,5.25,5.16,42548141.0,221433220.0
5.19,5.15,5.19,5.07,39486965.0,201911895.0
5.15,5.1,5.22,5.09,42602304.0,219652849.0
5.13,5.07,5.17,5.05,38946237.0,198437053.0
5.07,5.17,5.19,5.07,45784399.0,235042362.0
5.15,5.07,5.15,4.98,47636951.0,239932193.0
5.07,5.11,5.13,5.03,34212532.0,174216565.0
5.11,5.13,5.17,5.09,23424532.0,120241513.0
5.11,5.19,5.22,5.03,46848706.0,241630589.0
5.19,5.11,5.26,5.07,48141208.0,247863138.0
5.12,5.19,5.24,5.06,86030167.0,445004765.0
5.22,5.13,5.27,5.11,83128829.0,431394127.0
5.09,4.92,5.11,4.91,78448836.0,390142871.0
4.95,4.94,4.97,4.88,37690570.0,185974750.0
4.94,4.95,5.0,4.9,32028302.0,158850624.0
4.93,4.97,4.97,4.84,44248591.0,216728183.0
4.95,4.95,5.02,4.93,21862112.0,108718712.0
4.94,4.91,4.97,4.9,22841034.0,112291158.0
4.92,4.88,4.96,4.86,40333789.0,197581493.0
4.87,4.86,4.89,4.84,25427017.0,123578943.0
4.87,4.86,4.88,4.84,18047037.0,87691088.0
4.86,4.82,4.88,4.82,23978398.0,116021893.0
4.81,4.79,4.84,4.78,27337073.0,131232302.0
4.78,4.72,4.78,4.68,43166174.0,203987138.0
4.73,4.73,4.74,4.7,18306834.0,86514647.0
4.74,4.75,4.78,4.71,29951514.0,142203353.0
4.74,4.73,4.75,4.65,31571431.0,148389150.0
4.71,4.66,4.73,4.65,25069534.0,117213694.0
4.65,4.62,4.69,4.61,40964442.0,189961048.0
4.61,4.63,4.65,4.6,45933678.0,212725220.0
4.66,4.69,4.72,4.64,38029009.0,178491914.0
4.69,4.65,4.71,4.63,29065042.0,135900319.0
4.64,4.65,4.69,4.63,17661699.0,82190785.0
4.67,4.78,4.79,4.65,45307842.0,214365344.0
4.76,4.75,4.78,4.73,25638259.0,121898772.0
4.75,4.76,4.77,4.71,17812616.0,84565210.0
4.75,4.8,4.82,4.75,17139013.0,82266138.0
4.81,4.71,4.81,4.69,27643310.0,130932641.0
4.73,4.71,4.76,4.69,25939675.0,122126781.0
4.71,4.67,4.74,4.63,44267717.0,206482231.0
4.67,4.61,4.68,4.58,38854403.0,179006201.0
4.6,4.61,4.66,4.57,28399317.0,131279423.0
4.61,4.56,4.64,4.56,26858952.0,123215146.0
4.56,4.52,4.56,4.49,27457525.0,123907282.0
4.53,4.58,4.6,4.5,21415655.0,97735695.0
4.57,4.59,4.6,4.56,12371068.0,56604361.0
4.59,4.56,4.59,4.53,15524765.0,70715635.0
4.56,4.65,4.68,4.55,30425082.0,141244782.0
4.64,4.71,4.74,4.63,34209963.0,160747025.0
4.72,4.65,4.72,4.63,21567241.0,100530174.0
4.65,4.64,4.65,4.62,10927609.0,50648467.0
4.64,4.63,4.66,4.61,18415468.0,85285071.0
4.63,4.67,4.67,4.62,24718095.0,115131737.0
4.67,4.63,4.68,4.59,33488692.0,154724266.0
4.63,4.65,4.67,4.59,31669793.0,146441268.0
4.63,4.62,4.67,4.62,18088301.0,83853076.0
4.64,4.65,4.66,4.63,15241015.0,70881272.0
4.65,4.63,4.66,4.63,9767208.0,45317822.0
4.63,4.62,4.64,4.58,14530606.0,66940462.0
4.62,4.61,4.63,4.59,10104482.0,46484711.0
4.61,4.65,4.66,4.6,16842040.0,78130556.0
4.67,4.64,4.67,4.63,10477436.0,48747029.0
4.64,4.64,4.65,4.62,15085745.0,69987453.0
4.63,4.59,4.63,4.56,25256011.0,116053507.0
4.61,4.66,4.67,4.61,38855901.0,180603011.0
4.66,4.67,4.68,4.65,19790818.0,92301468.0
4.67,4.69,4.71,4.65,22635710.0,106248949.0
4.67,4.82,4.85,4.66,68192968.0,327049147.0
4.84,4.89,4.91,4.83,61644169.0,300204174.0
4.89,4.86,4.93,4.84,32568559.0,158808108.0
4.86,4.85,4.86,4.79,36169137.0,174576585.0
4.84,4.91,4.92,4.81,35128674.0,171332894.0
4.93,4.93,4.99,4.9,32872163.0,162461587.0
4.93,4.88,4.93,4.86,18374366.0,89709656.0
4.88,4.86,4.89,4.84,15750926.0,76578727.0
4.84,4.91,4.93,4.84,18094443.0,88614111.0
4.89,4.9,4.91,4.87,13494635.0,66033828.0
4.89,4.84,4.93,4.83,22367878.0,108787613.0
4.81,4.8,4.85,4.78,22651506.0,108793252.0
4.82,4.91,4.93,4.81,43325220.0,211771910.0
4.89,4.91,4.94,4.85,25862378.0,126889242.0
4.91,4.89,4.91,4.84,23726663.0,115675360.0
4.9,4.99,5.05,4.89,65649536.0,328437239.0
4.99,4.89,5.01,4.88,36102996.0,177787657.0
4.88,4.9,4.92,4.85,25975669.0,126878593.0
4.89,4.9,4.97,4.88,22143923.0,109216277.0
4.89,4.87,4.93,4.83,26341289.0,128293851.0
4.88,5.01,5.03,4.86,58002735.0,288933313.0
5.3,5.06,5.33,5.04,73395235.0,374734266.0
5.06,4.99,5.06,4.87,51322123.0,254174190.0
4.95,4.84,4.95,4.83,46846522.0,228182671.0
4.83,4.83,4.91,4.82,30427405.0,147753904.0
4.82,4.91,4.94,4.82,31209953.0,153061224.0
4.91,4.95,5.01,4.89,33992390.0,168940720.0
4.94,4.91,4.95,4.88,15051019.0,73782048.0
4.89,4.9,4.93,4.88,11621227.0,57081809.0
4.89,4.93,5.0,4.89,25382187.0,125830128.0
4.93,4.91,4.97,4.9,11272476.0,55460870.0
4.91,4.88,4.94,4.87,25444174.0,124528453.0
4.88,4.88,4.91,4.85,25615941.0,125084040.0
4.89,4.9,4.95,4.86,25010317.0,122799404.0
4.9,4.96,4.99,4.89,31482462.0,156338676.0
4.97,5.01,5.04,4.95,37774385.0,189249594.0
5.03,5.09,5.12,4.98,43319162.0,218842788.0
5.07,5.13,5.16,5.07,35482684.0,182082717.0
5.13,5.16,5.19,5.1,33371454.0,172245187.0
5.18,5.08,5.18,5.07,29216747.0,148912569.0
5.1,5.07,5.11,4.99,39014661.0,196602505.0
5.05,5.06,5.11,5.04,40220604.0,204266717.0
5.06,5.04,5.12,5.02,26935080.0,136030260.0
5.08,4.99,5.08,4.98,36352292.0,182223700.0
5.01,4.99,5.04,4.98,26558317.0,132877830.0
4.99,5.0,5.03,4.94,25899725.0,129516595.0
4.99,5.02,5.04,4.97,21607327.0,108344568.0
5.04,4.97,5.11,4.97,25567345.0,128087351.0
5.04,5.06,5.1,5.0,28220137.0,142798419.0
5.04,5.09,5.1,4.99,31660821.0,160354562.0
5.06,5.05,5.08,5.01,26849949.0,135558597.0
5.04,5.04,5.06,5.03,11328711.0,57170575.0
5.03,5.04,5.08,5.01,16314235.0,82180590.0
5.03,4.99,5.04,4.96,20849233.0,104240973.0
4.99,5.01,5.01,4.93,16893484.0,84226818.0
4.97,4.86,5.01,4.82,33288164.0,163437821.0
4.87,4.86,4.89,4.82,27375394.0,132773678.0
4.96,4.95,4.99,4.84,30191532.0,148947934.0
4.92,5.02,5.04,4.91,25257855.0,126466115.0
5.04,5.11,5.16,5.04,48514619.0,247538611.0
5.11,5.01,5.11,4.94,45424808.0,227525336.0
5.01,5.01,5.05,4.97,21638477.0,108562971.0
5.04,5.06,5.06,5.01,20298013.0,102369729.0
5.06,5.0,5.12,4.99,26387541.0,133285992.0
5.01,4.95,5.03,4.95,33823805.0,167922759.0
4.97,4.91,4.99,4.91,39438517.0,194513232.0
4.91,4.89,4.93,4.88,29797933.0,145785853.0
4.88,4.84,4.9,4.8,45297508.0,219426238.0
4.84,4.86,4.89,4.82,38133691.0,185131036.0
4.84,4.8,4.89,4.78,39101409.0,188192259.0
4.8,4.76,4.8,4.74,41927751.0,199250747.0
4.74,4.77,4.8,4.71,37832730.0,179915047.0
4.78,4.76,4.79,4.74,31197727.0,148363119.0
4.74,4.74,4.76,4.72,19897597.0,94338988.0
4.72,4.7,4.74,4.69,28777332.0,135395297.0
4.71,4.74,4.76,4.69,19854120.0,93935770.0
4.73,4.71,4.76,4.7,33154624.0,156937257.0
4.7,4.69,4.74,4.68,25372740.0,119329277.0
4.69,4.73,4.74,4.67,32676895.0,154418078.0
4.73,4.76,4.76,4.71,25796248.0,122441858.0
4.76,4.71,4.78,4.69,32890887.0,154978990.0
4.71,4.67,4.72,4.66,28648510.0,134222404.0
4.67,4.61,4.67,4.59,28853966.0,133052218.0
4.62,4.62,4.65,4.59,25098837.0,116098363.0
4.63,4.66,4.66,4.62,22617051.0,105005414.0
4.66,4.61,4.67,4.59,26038285.0,120025427.0
4.61,4.57,4.62,4.56,17797020.0,81788803.0
4.57,4.57,4.6,4.51,20316649.0,92801217.0
4.57,4.6,4.61,4.54,23386627.0,107138604.0
4.6,4.59,4.63,4.56,31632507.0,145454165.0
4.57,4.63,4.65,4.53,26306670.0,120691584.0
4.61,4.65,4.66,4.61,14103073.0,65440504.0
4.65,4.61,4.66,4.61,17074084.0,79044052.0
4.63,4.59,4.63,4.59,15450375.0,71169955.0
4.59,4.54,4.61,4.54,20140819.0,91941243.0
4.54,4.5,4.55,4.47,26128416.0,117956473.0
4.5,4.44,4.51,4.39,42462484.0,188077728.0
4.45,4.42,4.46,4.4,20972324.0,93063038.93
4.42,4.42,4.45,4.35,24183889.0,106374374.35
4.42,4.39,4.45,4.37,24904871.0,109526964.27
4.38,4.34,4.39,4.31,18563088.0,80661992.44
4.34,4.31,4.36,4.3,14144963.0,61143060.68
4.29,4.3,4.32,4.25,29160753.0,124936570.15
4.31,4.37,4.39,4.3,30831726.0,134141939.39
4.37,4.35,4.39,4.31,32546103.0,141509002.35
4.34,4.32,4.37,4.31,34918133.0,151740735.0
4.33,4.3,4.34,4.27,30349280.0,130578082.0
4.29,4.28,4.31,4.26,31005101.0,132827678.83
4.28,4.36,4.42,4.26,53271169.0,232283598.3
4.37,4.33,4.37,4.28,38323142.0,165802859.0
4.31,4.37,4.39,4.28,31794779.0,138191568.2
4.36,4.42,4.44,4.35,41023466.0,180550507.96
4.4,4.46,4.5,4.39,36169234.0,161231508.0
4.47,4.56,4.59,4.46,43612819.0,198531558.14
4.58,4.58,4.6,4.52,26808915.0,122502622.0
4.58,4.63,4.63,4.56,35114074.0,161868492.0
4.63,4.61,4.69,4.61,44780600.0,208849848.42
4.59,4.61,4.62,4.49,49869312.0,226906108.68
4.59,4.59,4.63,4.55,25051915.0,115214040.98
4.58,4.5,4.61,4.46,36547004.0,166227021.0
4.48,4.54,4.58,4.44,30632878.0,138463003.17
4.56,4.61,4.64,4.5,34877183.0,159384292.0
4.61,4.63,4.67,4.59,34813699.0,160855965.0
4.65,4.74,4.77,4.64,50468090.0,238412539.74
4.75,4.74,4.8,4.72,47607269.0,226899307.65
4.72,4.71,4.8,4.67,34831809.0,165035918.6
4.68,4.68,4.76,4.63,39147770.0,184060495.58
4.67,4.67,4.74,4.64,36094943.0,168868510.45
4.67,4.65,4.7,4.56,41180195.0,191562576.74
4.65,4.71,4.76,4.61,60094816.0,281236901.52
4.69,4.82,4.84,4.67,50269841.0,240415838.5
4.8,4.97,4.97,4.79,99526959.0,488693318.23
4.93,4.92,5.05,4.9,90424647.0,450847978.18
4.97,4.93,4.97,4.81,57412063.0,279916292.63
4.89,4.88,4.93,4.84,42884471.0,209190257.05
4.87,4.92,5.04,4.85,50477053.0,249983168.06
4.92,4.89,4.96,4.85,45889205.0,223912776.01
4.89,4.87,4.93,4.85,41971931.0,204759641.1
4.87,4.79,4.87,4.78,39832795.0,191941600.93
4.78,4.81,4.83,4.76,34824633.0,166948682.08
4.82,4.78,4.86,4.78,33937857.0,163440078.14
4.77,4.81,4.81,4.76,33612488.0,160689554.02
4.78,4.74,4.8,4.69,43087446.0,204227152.51
4.71,4.71,4.74,4.65,37952292.0,177790999.62
4.67,4.73,4.75,4.67,38709444.0,182750753.03
4.74,4.69,4.76,4.69,33171061.0,156954931.61
4.69,4.71,4.77,4.69,32826986.0,155328866.98
4.71,4.71,4.74,4.69,22920566.0,107898742.84
4.71,4.74,4.74,4.66,33798776.0,158531132.25
4.71,4.66,4.72,4.65,63614441.0,297395460.57
4.66,4.63,4.67,4.6,40453705.0,187272688.82
4.63,4.63,4.65,4.61,24041303.0,111421756.64
4.64,4.66,4.67,4.63,34084501.0,158702851.26
4.66,4.69,4.69,4.63,38951523.0,181103608.1
4.67,4.67,4.7,4.65,31267683.0,145996996.0
4.65,4.69,4.69,4.65,24352914.0,113855590.78
4.69,4.73,4.74,4.67,34296831.0,161454976.24
4.71,4.61,4.71,4.56,60653293.0,280787849.11
4.61,4.71,4.75,4.61,66587341.0,312762323.58
4.72,4.83,4.83,4.72,69450081.0,333112040.99
4.82,4.85,4.9,4.8,58340533.0,283841248.12
4.84,4.79,4.85,4.77,40587682.0,195047631.44
4.77,4.86,4.86,4.76,42657457.0,205352523.96
4.84,4.89,4.91,4.84,41824061.0,203724353.6
4.89,4.98,4.99,4.86,64399357.0,319548872.48
4.99,4.97,5.1,4.93,50253681.0,250690922.98
4.95,4.97,5.0,4.93,36124956.0,179737724.94
4.97,5.03,5.04,4.95,32544896.0,163116313.68
5.01,4.99,5.06,4.97,27615862.0,138234731.15
4.98,4.97,4.99,4.92,30402451.0,150809759.5
4.98,4.96,5.02,4.95,23439446.0,116954112.15
4.99,5.11,5.14,4.95,66984284.0,340753199.14
5.13,5.08,5.15,5.05,39613000.0,202196006.21
5.08,5.12,5.14,5.02,39384666.0,200156766.45
5.12,5.16,5.21,5.1,49131921.0,253444856.47
5.15,5.15,5.19,5.12,28086691.0,145045752.2
5.17,5.15,5.23,5.08,28740109.0,147965670.4
5.16,5.11,5.16,5.08,29530191.0,151138628.76
5.12,5.08,5.18,5.03,41911625.0,213069145.63
5.08,5.15,5.16,5.06,28448980.0,145255364.48
5.11,5.08,5.13,5.01,42584997.0,215530851.4
5.08,5.11,5.15,5.03,65139136.0,332432260.58
5.25,5.42,5.55,5.23,134750675.0,729677887.49
5.44,5.36,5.51,5.32,76798528.0,414185823.83
5.38,5.4,5.43,5.33,50267363.0,270669934.83
5.4,5.54,5.57,5.38,68957017.0,380018700.6
5.53,5.57,5.68,5.53,48681002.0,272607619.28
5.56,5.63,5.66,5.52,38886019.0,216971089.11
5.61,5.68,5.73,5.55,46526342.0,262712241.95
5.71,5.76,5.82,5.7,48888114.0,281899663.61
5.75,5.91,5.98,5.74,49864308.0,292954652.59
5.89,6.0,6.04,5.85,52573920.0,313484756.76
6.0,6.06,6.06,5.91,45833578.0,274477884.33
6.04,6.01,6.06,5.95,44302911.0,265972264.24
5.95,6.08,6.14,5.94,62937107.0,381388743.29
6.12,6.0,6.17,5.97,76185328.0,459481843.17
5.97,5.96,6.03,5.92,33073685.0,197549275.75
5.96,5.91,6.02,5.89,33090758.0,197072656.91
5.93,5.97,6.02,5.9,37270147.0,222247469.79
5.97,5.99,6.02,5.92,42723554.0,255537515.02
6.0,5.96,6.08,5.92,37211206.0,223468996.4
5.97,5.9,6.06,5.87,38585919.0,229763735.42
5.93,6.01,6.06,5.89,43528750.0,260767672.87
6.04,5.86,6.04,5.8,49582104.0,291400640.28
5.88,5.93,5.96,5.8,32141583.0,189683801.82
5.96,5.8,5.97,5.79,32748176.0,191601762.95
5.83,5.78,5.83,5.72,32902163.0,190418874.93
5.8,5.81,5.84,5.74,24365221.0,141066704.8
5.78,5.72,5.81,5.67,37608062.0,215441572.3
5.74,5.72,5.75,5.64,28252235.0,160729214.28
5.73,5.63,5.74,5.58,24012443.0,135726249.94
5.63,5.73,5.77,5.62,30244881.0,172215719.35
5.71,5.61,5.77,5.58,34084356.0,192419373.61
5.67,5.6,5.68,5.56,23099946.0,129645040.85
5.63,5.62,5.66,5.59,24725218.0,139093161.79
5.65,5.6,5.73,5.56,28079344.0,157684443.05
5.6,5.66,5.68,5.59,26031872.0,146821763.73
5.66,5.6,5.67,5.53,29463817.0,164762571.9
5.59,5.63,5.74,5.59,31652170.0,179378045.12
5.63,5.66,5.73,5.63,28360678.0,160980639.83
5.64,5.76,5.83,5.63,42251675.0,243069052.46
5.76,5.84,5.87,5.67,50563536.0,293785831.3
5.84,6.05,6.08,5.84,37864587.0,226799686.63
6.02,6.11,6.12,6.0,39835711.0,241951841.61
6.09,6.07,6.15,6.0,30818068.0,186439643.79
6.04,5.9,6.07,5.87,52278042.0,311855672.83
5.93,5.83,5.94,5.77,33843026.0,197889904.14
5.85,5.87,5.9,5.78,39240698.0,229728986.6
5.9,6.11,6.12,5.86,42972015.0,257751804.33
6.1,6.0,6.14,5.92,37728508.0,226493021.76
6.02,5.98,6.04,5.89,35789812.0,213235982.61
5.96,6.03,6.07,5.95,30018254.0,180877738.46
6.02,5.99,6.03,5.97,21799854.0,130644553.19
5.99,5.96,6.04,5.93,34284979.0,205073492.08
5.94,5.93,5.97,5.88,33338363.0,197465966.72
5.91,5.93,5.94,5.86,16521963.0,97544316.3
5.93,5.84,5.93,5.79,26431217.0,154357242.93
5.83,5.76,5.84,5.7,21523823.0,123981313.24
5.73,5.79,5.8,5.73,29816064.0,172048183.11
5.75,5.75,5.82,5.72,25622841.0,147729731.05
5.73,5.65,5.79,5.6,32178417.0,182264617.89
5.65,5.6,5.67,5.56,27604743.0,154398709.8
5.61,5.63,5.66,5.56,15923538.0,89479355.0
5.62,5.56,5.66,5.52,26764252.0,148787118.63
5.55,5.6,5.61,5.49,30428266.0,169459491.25
5.6,5.53,5.61,5.53,32034934.0,177956536.0
5.53,5.5,5.56,5.49,28544260.0,157684898.29
5.49,5.43,5.55,5.4,29532064.0,161290192.1
5.43,5.42,5.48,5.36,20601113.0,111245365.39
5.41,5.33,5.43,5.28,40442787.0,216089534.2
5.18,5.26,5.29,4.99,102709515.0,527143171.62
5.23,5.17,5.37,5.14,74329661.0,390082900.7
5.17,5.09,5.19,5.06,53264567.0,271615122.05
5.12,5.16,5.18,5.06,35849510.0,183971112.15
5.17,5.04,5.2,5.03,34173146.0,174214551.38
5.04,5.09,5.15,5.02,36356096.0,185423543.57
5.13,5.21,5.22,5.09,42818526.0,221407841.74
5.2,5.33,5.35,5.19,46570420.0,247159578.1
5.33,5.33,5.37,5.28,37680959.0,200260705.03
5.37,5.28,5.39,5.24,59182978.0,313421032.39
5.26,5.21,5.28,5.18,50839743.0,265638823.22
5.2,5.12,5.24,5.1,58203569.0,299811937.26
5.12,5.12,5.14,5.05,40214049.0,204441191.4
5.11,5.08,5.16,5.07,45527001.0,232382884.78
5.07,5.04,5.1,5.01,37587374.0,189706250.02
5.04,4.96,5.05,4.92,49333500.0,245186095.75
4.98,4.99,5.05,4.93,49002928.0,244962656.74
5.0,5.04,5.12,4.98,53168271.0,269065010.78
5.08,4.93,5.08,4.9,60733839.0,300113270.16
4.9,4.85,4.93,4.82,49859024.0,242485287.61
4.84,4.88,4.89,4.83,21985268.0,106822753.8
4.87,4.84,4.92,4.84,24761139.0,120769013.04
4.83,4.78,4.84,4.75,30801955.0,147176127.78
4.78,4.79,4.82,4.76,27859315.0,133287644.0
4.8,4.75,4.81,4.73,33743590.0,160581412.41
4.75,4.85,4.89,4.73,43162842.0,208815424.12
4.84,4.74,4.88,4.73,32015320.0,153467016.9
4.75,4.72,4.76,4.65,20405010.0,95825068.43
4.72,4.71,4.75,4.67,38979692.0,183397536.9
4.71,4.78,4.79,4.69,32936312.0,156756836.4
4.75,4.82,4.85,4.75,23644276.0,113733798.1
4.84,5.13,5.16,4.83,94702848.0,475241915.19
5.15,5.19,5.34,5.14,81428515.0,426913066.24
5.19,5.34,5.34,5.13,57181668.0,299978599.64
5.39,5.37,5.47,5.26,51393652.0,274901500.78
5.44,5.67,5.73,5.33,130918694.0,725436914.4
6.18,5.77,6.23,5.59,161097269.0,947580053.37
5.66,5.58,5.74,5.45,123339155.0,690585882.91
5.58,5.77,5.88,5.56,100872814.0,580064987.25
5.73,5.65,5.82,5.58,46016868.0,262574245.19
5.7,5.79,5.84,5.68,75744242.0,436604280.35
5.75,5.6,5.84,5.6,57347052.0,326508758.22
5.55,5.69,5.73,5.53,59854431.0,339285742.53
5.69,5.63,5.74,5.63,47881604.0,271594509.25
5.63,5.66,5.77,5.49,63998247.0,360629970.27
5.66,5.65,5.69,5.58,41404047.0,233357890.14
5.64,5.58,5.67,5.52,46679103.0,260106283.89
5.58,5.58,5.6,5.54,39303252.0,218651508.88
5.55,5.53,5.57,5.51,26487721.0,146678085.43
5.57,5.5,5.61,5.49,57362961.0,318084292.03
5.5,5.47,5.53,5.41,53629471.0,292739392.3
5.51,5.48,5.66,5.46,69588160.0,385720640.73
5.46,5.36,5.51,5.32,59771015.0,322091118.81
5.35,5.37,5.42,5.3,38054169.0,203835369.18
5.34,5.39,5.44,5.34,42510848.0,229316870.52
5.39,5.49,5.49,5.36,41954495.0,227397294.79
5.48,5.51,5.53,5.43,48321060.0,265301612.73
5.49,5.49,5.5,5.44,39654690.0,216834376.49
5.46,5.59,5.6,5.43,71233673.0,393839638.26
5.59,5.53,5.6,5.49,55443235.0,307189639.2
5.5,5.46,5.52,5.45,38528874.0,210702337.37
5.48,5.46,5.53,5.44,45695988.0,250632632.42
5.45,5.78,5.78,5.44,138657071.0,786994314.47
5.7,5.75,5.83,5.64,77142062.0,444265034.37
5.73,5.83,5.9,5.7,72897736.0,424665196.52
5.91,5.81,5.99,5.77,114367924.0,672383318.71
5.77,5.84,5.88,5.63,69148214.0,401491429.05
5.82,5.77,5.94,5.75,57150527.0,333265029.42
5.77,5.9,5.94,5.75,61787273.0,362539474.2
5.87,5.7,5.94,5.69,44510939.0,258148561.12
5.7,5.66,5.77,5.61,34164328.0,193936869.8
5.66,5.77,5.79,5.6,35651050.0,203766190.6
5.75,5.8,5.82,5.66,28172234.0,162186164.4
5.8,5.79,5.82,5.73,24805740.0,143414608.06
5.8,5.87,5.92,5.8,41369075.0,243071623.02
5.85,5.82,5.87,5.72,40693309.0,235810443.49
5.79,5.85,5.87,5.77,28933271.0,168507429.94
5.85,5.8,5.85,5.75,29871471.0,173445776.28
5.8,5.85,5.89,5.77,26383199.0,153995109.37
5.84,5.94,5.95,5.83,41178757.0,243500410.12
5.93,5.93,6.04,5.9,36342686.0,216983795.55
6.02,5.93,6.06,5.85,46630849.0,277073741.69
5.93,5.9,5.97,5.84,34784233.0,204875269.49
5.89,5.97,5.97,5.87,45965168.0,272615703.98
5.94,5.87,5.97,5.85,36512680.0,215104212.84
5.85,5.72,5.9,5.67,84225665.0,483871512.03
5.71,5.71,5.78,5.68,34594061.0,198315721.74
5.71,5.7,5.78,5.69,36911017.0,211430909.0
5.69,5.69,5.7,5.62,34986784.0,198217289.78
5.7,5.66,5.71,5.66,24504875.0,139154173.5
5.68,5.79,5.83,5.65,60634193.0,350511777.52
5.78,5.81,5.86,5.76,35583607.0,207005253.7
5.8,5.8,5.85,5.74,49608020.0,287348347.36
5.8,5.74,5.8,5.73,28592022.0,164383021.6
5.74,5.75,5.77,5.64,57917206.0,331105395.65
5.75,5.92,5.93,5.73,68535788.0,401159350.62
5.91,5.84,5.98,5.83,59447129.0,351215403.92
5.86,5.62,5.9,5.6,67814154.0,387071938.0
5.64,5.56,5.68,5.54,53274596.0,297497397.8
5.54,5.63,5.64,5.48,38256207.0,213148830.4
5.62,5.6,5.65,5.54,35022711.0,195780472.9
5.6,5.75,5.8,5.59,60000674.0,341412892.55
5.77,5.66,5.78,5.66,44426957.0,253368466.5
5.65,5.52,5.67,5.51,55474643.0,308515651.6
5.48,5.38,5.5,5.36,73167244.0,396148732.68
5.4,5.51,5.53,5.37,39180737.0,214444194.3
5.53,5.52,5.62,5.5,33431233.0,185553576.61
5.55,5.63,5.66,5.52,46681101.0,261733617.14
5.63,5.6,5.68,5.6,26435307.0,148822918.1
5.63,5.64,5.74,5.63,36263785.0,205774362.5
5.66,5.56,5.66,5.55,26939981.0,150624110.4
5.56,5.49,5.57,5.49,30438650.0,167896416.75
5.54,5.6,5.64,5.52,38338516.0,214248049.07
5.58,5.65,5.66,5.5,36662335.0,205429512.65
5.64,5.72,5.78,5.64,45239397.0,259711464.17
5.74,5.65,5.78,5.64,43446746.0,248088986.11
5.64,5.66,5.73,5.62,43928101.0,248616213.03
5.66,5.66,5.7,5.6,47674110.0,269573526.16
5.65,5.62,5.66,5.61,31590979.0,177945819.62
5.62,5.63,5.7,5.62,46784278.0,264337365.95
5.63,5.63,5.65,5.58,27539506.0,154476941.82
5.62,5.66,5.7,5.61,47789024.0,270933426.17
5.64,5.6,5.66,5.57,50811282.0,284708793.3
5.61,5.54,5.62,5.53,44209926.0,245396107.21
5.54,5.63,5.66,5.53,61054848.0,343047052.88
5.6,5.54,5.63,5.52,65983990.0,367217008.39
5.54,5.56,5.56,5.51,34150005.0,188894550.34
5.56,5.48,5.56,5.47,43665715.0,240026849.31
5.49,5.39,5.49,5.39,63721403.0,345907270.48
5.39,5.32,5.4,5.31,59627879.0,319283742.05
5.32,5.29,5.35,5.27,60376306.0,320490164.88
5.3,5.32,5.32,5.26,50041113.0,264839867.4
5.31,5.28,5.33,5.27,47623113.0,252167815.36
5.29,5.31,5.33,5.21,58563479.0,309106289.07
5.3,5.33,5.36,5.29,39663790.0,211474067.46
5.33,5.38,5.39,5.29,54109445.0,289576903.09
5.38,5.39,5.43,5.36,57224422.0,308589329.2
5.39,5.35,5.41,5.33,43590197.0,233818904.95
5.34,5.3,5.35,5.28,37585889.0,199180085.5
5.27,5.34,5.35,5.26,33631456.0,178721805.74
5.33,5.38,5.4,5.29,40678895.0,217985533.06
5.36,5.43,5.44,5.36,51583595.0,279233783.19
5.43,5.49,5.49,5.42,60802937.0,332915025.6
5.49,5.49,5.56,5.47,54580698.0,301733844.54
5.5,5.48,5.53,5.47,28562483.0,156738994.23
5.49,5.63,5.63,5.48,77303912.0,430599452.09
5.62,5.61,5.66,5.59,32479003.0,182607795.78
5.58,5.6,5.63,5.56,33044675.0,184797482.29
5.59,5.62,5.63,5.57,30929618.0,173181845.88
5.6,5.66,5.66,5.6,35262700.0,198662076.73
5.64,5.6,5.65,5.58,29551977.0,165653016.7
5.6,5.53,5.6,5.53,44913162.0,249387147.76
5.48,5.37,5.48,5.26,127086832.0,685086633.84
5.39,5.38,5.49,5.38,87441748.0,474666473.91
5.38,5.42,5.46,5.37,41855785.0,226591127.07
5.42,5.45,5.49,5.42,43196714.0,235829226.36
5.44,5.45,5.46,5.41,34300280.0,186366933.12
5.29,5.19,5.33,5.11,134574086.0,705967976.33
5.19,5.31,5.32,5.19,56805363.0,298786315.63
5.28,5.3,5.31,5.22,38711711.0,203932282.0
5.33,5.32,5.36,5.27,38537859.0,205210161.55
5.3,5.33,5.33,5.28,50618775.0,268469236.96
5.33,5.33,5.35,5.32,26792138.0,142826772.0
5.39,5.54,5.54,5.37,97373041.0,534382594.64
5.52,5.59,5.59,5.51,54362027.0,302261912.61
5.57,5.57,5.6,5.53,25969148.0,144588608.79
5.56,5.6,5.63,5.56,32989216.0,184803427.1
5.62,5.52,5.63,5.52,51184686.0,284585211.7
5.52,5.56,5.59,5.52,33068939.0,183820350.8
5.56,5.52,5.56,5.52,25682902.0,142310069.5
5.52,5.56,5.57,5.52,27152154.0,150805734.88
5.56,5.6,5.61,5.54,34309994.0,191459997.86
5.6,5.69,5.73,5.6,53924894.0,306749929.26
5.68,5.71,5.76,5.66,39542621.0,225351210.86
5.71,5.6,5.71,5.6,44525328.0,251385351.73
5.64,5.6,5.65,5.56,46728163.0,261318858.75
5.62,5.64,5.65,5.6,38993145.0,219309919.89
5.63,5.75,5.8,5.63,55674221.0,318131277.98
5.73,5.8,5.83,5.73,47830394.0,276952669.84
5.79,5.83,5.89,5.77,44179739.0,258274763.96
5.83,6.0,6.0,5.79,80117391.0,474364658.99
6.0,5.98,6.02,5.94,58953757.0,353121134.68
5.98,5.97,6.04,5.94,45455455.0,272647795.55
5.96,5.94,6.0,5.92,38042549.0,226395098.1
5.94,5.94,5.97,5.93,33954829.0,201966847.84
5.95,5.94,6.0,5.9,40219648.0,239171276.2
5.95,6.0,6.04,5.94,50385668.0,302021872.27
6.0,6.1,6.1,5.99,49044011.0,297101479.03
6.09,6.02,6.14,6.02,44193569.0,268550498.04
6.02,5.98,6.06,5.97,35524953.0,213419743.05
5.99,6.03,6.09,5.97,58222137.0,351687931.03
6.04,6.11,6.13,6.02,61593415.0,374605539.58
6.11,6.1,6.15,6.08,54101888.0,330620064.79
6.11,6.11,6.17,6.09,72918993.0,446672514.02
6.12,6.17,6.2,6.08,73789479.0,454284036.68
6.17,6.17,6.2,6.09,63395427.0,389638152.42
6.24,6.11,6.3,6.1,90044909.0,557205439.24
6.12,6.34,6.35,6.12,89441940.0,559114573.42
6.39,6.33,6.45,6.22,62363712.0,394184703.4
6.37,6.35,6.44,6.31,49758335.0,317278425.5
6.34,6.43,6.45,6.29,51472485.0,327492439.23
6.43,6.51,6.52,6.4,45948371.0,297161039.62
6.5,6.47,6.56,6.45,51376022.0,333565809.97
6.48,6.57,6.57,6.44,37599961.0,245070398.15
6.57,6.59,6.71,6.57,42858411.0,283684946.94
6.59,6.62,6.65,6.54,28908875.0,190774047.66
6.62,6.57,6.65,6.53,33921789.0,222991294.23
6.57,6.69,6.72,6.52,57874073.0,384683009.15
6.68,6.69,6.73,6.6,49867092.0,333288174.94
6.67,6.62,6.71,6.55,73290329.0,485473214.39
6.63,6.62,6.65,6.52,60177635.0,396414797.34
6.62,6.7,6.71,6.55,71501512.0,474981949.35
6.69,6.53,6.78,6.49,82616512.0,546918632.23
6.52,6.45,6.52,6.39,66647162.0,429403499.1
6.46,6.58,6.59,6.46,42601680.0,278695659.82
6.58,6.59,6.65,6.57,35600533.0,235429588.11
6.59,6.61,6.68,6.58,27240460.0,180365031.5
6.61,6.66,6.73,6.59,53381055.0,356394686.82
6.66,6.62,6.68,6.58,34509073.0,228797479.78
6.62,6.6,6.66,6.56,42870438.0,282871058.94
6.6,6.64,6.67,6.59,41055724.0,272442258.59
6.65,6.71,6.75,6.65,60681572.0,406978547.07
6.73,6.56,6.75,6.56,91290142.0,606815222.57
6.55,6.65,6.69,6.55,62034973.0,411958518.81
6.66,6.58,6.7,6.57,36615212.0,241825424.65
6.57,6.49,6.59,6.44,50460108.0,327300131.8
6.49,6.49,6.53,6.45,28977002.0,187842327.57
6.48,6.5,6.52,6.46,42226709.0,274026090.65
6.5,6.41,6.53,6.41,50585854.0,326263415.05
6.45,6.47,6.5,6.34,63610467.0,409125925.57
6.45,6.49,6.58,6.45,53969200.0,352102779.81
6.49,6.45,6.53,6.44,48864146.0,316121109.83
6.46,6.64,6.74,6.46,102380400.0,677973622.66
6.67,6.61,6.7,6.58,51486274.0,341005254.25
6.65,6.52,6.66,6.51,47819787.0,314008132.33
6.51,6.55,6.63,6.51,41782126.0,274613161.29
6.55,6.47,6.57,6.41,54293002.0,350574316.22
6.47,6.5,6.54,6.41,27462956.0,178039619.65
6.45,6.53,6.59,6.45,33537357.0,219382659.89
6.54,6.71,6.72,6.52,68344699.0,454991684.48
6.7,6.73,6.78,6.66,53662426.0,360352345.78
6.76,6.89,6.95,6.74,99934076.0,686538134.13
6.89,6.83,6.89,6.8,64425505.0,440827816.61
6.83,6.93,6.95,6.8,76076333.0,524066909.95
6.93,6.9,7.0,6.87,53540224.0,370379715.95
6.88,6.76,6.9,6.73,82152440.0,558636797.93
6.76,6.71,6.81,6.7,50939804.0,343482216.95
6.73,6.67,6.74,6.53,90490235.0,598582382.57
6.66,6.65,6.71,6.61,60231465.0,401316373.45
6.64,6.63,6.66,6.57,56142336.0,370533144.49
6.6,6.71,6.73,6.59,57855660.0,386376986.84
6.71,6.73,6.76,6.66,39835094.0,267460516.56
6.73,6.66,6.73,6.59,59731905.0,396468721.14
6.64,6.73,6.73,6.61,54941827.0,367802081.72
6.73,6.72,6.75,6.7,42810928.0,288054039.95
6.72,6.58,6.72,6.58,55718975.0,369944912.6
6.57,6.6,6.65,6.52,41815326.0,274847876.47
6.6,6.59,6.71,6.59,50909156.0,338278098.95
6.59,6.58,6.64,6.5,50178110.0,329504613.83
6.56,6.67,6.7,6.55,59384120.0,394715632.36
6.68,6.58,6.68,6.57,35272985.0,233105304.62
6.59,6.66,6.66,6.49,64598536.0,425416697.77
6.64,6.63,6.64,6.54,43532229.0,287095905.04
6.63,6.72,6.76,6.61,48247344.0,323696536.34
6.71,6.8,6.81,6.68,52351178.0,353837312.77
6.78,6.77,6.79,6.72,28267095.0,190918987.39
6.75,6.82,6.84,6.7,47173953.0,319427343.27
6.81,6.78,6.84,6.75,34029060.0,231573918.41
6.77,6.72,6.78,6.71,30361075.0,204526756.08
6.75,6.6,6.76,6.58,50367269.0,334690737.77
6.59,6.48,6.63,6.48,72950031.0,477323795.98
6.5,6.27,6.5,6.24,104907881.0,664361807.66
6.25,6.31,6.33,6.25,44629505.0,280982867.62
6.3,6.21,6.3,6.18,47965614.0,298596100.69
6.2,6.25,6.28,6.17,49853761.0,311331826.91
6.25,6.35,6.37,6.21,46184731.0,291085084.24
6.33,6.22,6.34,6.21,46491344.0,290321371.39
6.23,6.21,6.23,6.13,56691733.0,349964667.78
6.2,6.21,6.24,6.15,50915994.0,315165261.52
6.19,6.11,6.21,6.08,54078914.0,331243261.04
6.1,6.07,6.13,6.05,52090046.0,316894623.0
6.07,6.13,6.16,6.06,43458731.0,266337971.37
6.1,6.16,6.22,6.07,50159847.0,308040544.82
6.16,6.32,6.32,6.12,59587995.0,371930878.0
6.31,6.3,6.33,6.22,55037436.0,345062321.57
6.3,6.36,6.37,6.27,41813761.0,264594881.59
6.35,6.37,6.43,6.33,46744372.0,298516607.77
6.36,6.35,6.37,6.24,46707558.0,294401513.02
6.33,6.33,6.36,6.29,44236956.0,279587480.86
6.33,6.4,6.4,6.32,38876771.0,247519353.2
6.4,6.43,6.45,6.36,38260510.0,245347064.13
6.42,6.33,6.43,6.33,37966974.0,242145121.48
6.33,6.29,6.33,6.26,45435730.0,286021759.55
6.29,6.25,6.33,6.21,42855052.0,268450965.04
6.25,6.18,6.26,6.15,48543301.0,299833328.53
6.23,6.29,6.47,6.23,125751294.0,800532611.22
6.3,6.3,6.33,6.19,88452349.0,552709386.87
6.3,6.34,6.36,6.25,72133296.0,455769812.38
6.35,6.46,6.5,6.33,102729550.0,661497969.25
6.46,6.42,6.5,6.4,49505845.0,318193340.85
6.41,6.47,6.48,6.39,42997416.0,277373100.86
6.47,6.42,6.52,6.42,36960222.0,238518189.37
6.41,6.48,6.5,6.38,32555856.0,210155427.85
6.46,6.48,6.49,6.44,25124447.0,162379180.51
6.48,6.48,6.54,6.47,37015421.0,240676339.19
6.49,6.46,6.5,6.4,35477285.0,228358072.23
6.46,6.46,6.52,6.44,39010456.0,253438739.33
6.44,6.36,6.46,6.35,44398746.0,283354364.74
6.36,6.33,6.39,6.31,34902702.0,221367237.39
6.33,6.34,6.39,6.32,23075437.0,146668532.34
6.34,6.37,6.44,6.32,38922357.0,248835093.33
6.37,6.26,6.41,6.25,48465857.0,306303562.81
6.26,6.3,6.33,6.22,40514751.0,254601800.14
6.31,6.38,6.42,6.29,37296938.0,237644135.12
6.41,6.38,6.43,6.37,30623221.0,196031089.91
6.38,6.4,6.42,6.34,24137342.0,154368140.38
6.4,6.37,6.41,6.36,26823122.0,171221219.42
6.37,6.47,6.5,6.37,51110187.0,329584321.46
6.48,6.49,6.51,6.44,28686788.0,185728445.01
6.48,6.52,6.55,6.47,49102859.0,320139619.25
6.52,6.48,6.55,6.46,35887558.0,233402617.28
6.49,6.35,6.5,6.33,65855905.0,419437923.46
6.35,6.37,6.4,6.32,41387131.0,263237342.12
6.37,6.37,6.42,6.34,39783122.0,253908083.95
6.36,6.29,6.39,6.25,65095330.0,409560742.64
6.3,6.34,6.35,6.26,48808434.0,308119748.68
6.34,6.28,6.35,6.25,48276444.0,303191301.58
6.25,6.29,6.31,6.25,37555103.0,235763287.43
6.29,6.35,6.35,6.27,43998530.0,277877190.18
6.33,6.35,6.38,6.28,38148882.0,241761619.27
6.34,6.46,6.49,6.33,60976383.0,392369311.52
6.46,6.47,6.5,6.42,32217648.0,207789844.0
6.45,6.4,6.47,6.4,29089607.0,186732469.34
6.4,6.37,6.48,6.36,28800170.0,184570270.45
6.38,6.32,6.38,6.3,40653288.0,256972286.37
6.32,6.33,6.34,6.31,31556535.0,199555947.51
6.33,6.31,6.33,6.29,28808739.0,181799028.97
6.3,6.31,6.32,6.27,33094152.0,208271126.42
6.31,6.3,6.32,6.28,22197831.0,139747802.87
6.29,6.29,6.31,6.28,26695393.0,168021240.37
6.29,6.3,6.31,6.26,40976710.0,257276154.1
6.29,6.34,6.34,6.28,38641815.0,243870900.74
6.33,6.3,6.34,6.29,42566340.0,268559568.66
6.3,6.25,6.31,6.25,35667183.0,223865154.09
6.25,6.28,6.28,6.23,44601720.0,278721459.63
6.26,6.27,6.28,6.24,42023107.0,262883750.98
6.26,6.26,6.3,6.25,45319069.0,284325231.38
6.26,6.22,6.27,6.22,63730600.0,397676886.16
6.22,6.21,6.24,6.21,27934192.0,173783007.49
6.23,6.23,6.25,6.19,35729464.0,222048227.71
6.23,6.33,6.34,6.21,91901392.0,579873465.43
6.32,6.48,6.48,6.31,118325777.0,759994717.34
6.46,6.39,6.48,6.34,53332173.0,341243164.07
6.39,6.51,6.51,6.36,70687806.0,457452302.37
6.5,6.42,6.5,6.4,54503528.0,350432769.2
6.42,6.42,6.46,6.38,40929324.0,262925155.98
6.42,6.42,6.48,6.38,54668407.0,351659165.45
6.42,6.56,6.6,6.41,82136560.0,537050451.76
6.52,6.61,6.66,6.5,63947806.0,421289031.85
6.61,6.52,6.66,6.5,44179578.0,289679111.74
6.52,6.45,6.6,6.43,52151826.0,339984476.48
6.45,6.36,6.49,6.33,73622376.0,469584671.97
6.34,6.49,6.5,6.34,49278837.0,317815339.07
6.5,6.6,6.62,6.49,61541467.0,405030921.57
6.58,6.56,6.62,6.5,53396055.0,350031448.72
6.56,6.58,6.61,6.53,34356809.0,225720747.56
6.57,6.58,6.61,6.52,30647645.0,201605937.41
6.58,6.57,6.59,6.51,40333859.0,264323524.71
6.57,6.44,6.57,6.42,57950095.0,374499851.69
6.45,6.4,6.48,6.4,36919172.0,237088773.25
6.42,6.41,6.44,6.39,31654621.0,203072665.29
6.4,6.36,6.43,6.33,73364987.0,467730811.39
6.36,6.36,6.41,6.33,39587262.0,251636048.82
6.37,6.42,6.47,6.36,55348535.0,356282959.77
6.42,6.46,6.5,6.38,53357974.0,344431968.82
6.44,6.41,6.5,6.39,52913049.0,340723447.96
6.37,6.33,6.39,6.27,63205501.0,399746551.96
6.34,6.44,6.47,6.33,67667567.0,434248431.56
6.42,6.45,6.47,6.4,42059399.0,271103410.92
6.43,6.38,6.46,6.36,41608554.0,266147294.78
6.37,6.42,6.44,6.35,39674024.0,253605565.77
6.42,6.46,6.47,6.37,43652476.0,280577068.07
6.44,6.47,6.51,6.43,36903187.0,239150304.43
6.47,6.43,6.5,6.42,39126173.0,252592601.53
6.43,6.42,6.5,6.39,42411076.0,272901639.08
6.42,6.49,6.52,6.42,51513312.0,334430831.72
6.5,6.43,6.5,6.41,41144618.0,265176785.19
6.42,6.37,6.47,6.35,40024368.0,256359747.5
6.38,6.33,6.41,6.33,38245842.0,243234594.43
6.31,6.18,6.32,6.13,85473313.0,530334925.23
6.22,6.28,6.3,6.18,42941354.0,268367281.71
6.3,6.33,6.33,6.26,37694345.0,237446854.22
6.33,6.37,6.42,6.31,43994461.0,280452703.14
6.35,6.34,6.38,6.29,29297822.0,185504899.38
6.3,6.36,6.37,6.28,30340577.0,192415245.0
6.36,6.38,6.45,6.36,36609787.0,234694006.39
6.41,6.36,6.42,6.34,38759240.0,247116950.55
6.36,6.34,6.38,6.32,28567296.0,181209051.69
6.35,6.29,6.35,6.26,25570011.0,160794797.58
6.29,6.24,6.31,6.24,30551492.0,191239904.7
6.27,6.32,6.33,6.24,42871914.0,269086372.09
6.28,6.27,6.35,6.26,29036182.0,182961826.13
6.27,6.28,6.3,6.27,20852637.0,131052233.07
6.27,6.26,6.29,6.25,25006097.0,156584014.12
6.26,6.33,6.36,6.26,41770426.0,264215165.66
6.33,6.37,6.39,6.33,39407751.0,250603651.32
6.37,6.39,6.43,6.36,43543785.0,279054242.39
6.41,6.44,6.48,6.38,49956478.0,321583375.11
6.46,6.49,6.5,6.42,42024226.0,272085913.89
6.49,6.51,6.53,6.47,39305878.0,255820124.21
6.52,6.55,6.58,6.5,47950403.0,313971270.46
6.55,6.58,6.6,6.53,46250492.0,304031995.06
6.61,6.62,6.74,6.59,91424390.0,608853976.63
6.62,6.57,6.69,6.55,64262211.0,423952269.67
6.58,6.55,6.59,6.51,45570319.0,298393602.01
6.57,6.59,6.63,6.52,47330000.0,311133129.33
6.58,6.54,6.6,6.53,32500741.0,212969365.08
