id,company_id,company_name,code,a_code,b_code,h_code,pub_date,start_date,end_date,report_date,report_type,source_id,source,deposit_in_ib,cash_equivalents,deposit_client,cash_in_cb,settlement_provi,settlement_provi_client,metal,lend_capital,fairvalue_fianancial_asset,other_grow_asset,bought_sellback_assets,interest_receivable,insurance_receivables,recover_receivable,separate_receivable,not_time_fund,not_decide_fund,response_fund,health_fund,margin_loan,deposit_period,loan_and_advance,margin_out,agent_asset,investment_reveiable,advance_payment,hold_for_sale_assets,hold_to_maturity_investments,longterm_equity_invest,finance_out,capital_margin_out,investment_property,other_operate_cash_paid,subtotal_operate_cash_outflow,net_operate_cash_flow,invest_cash_flow,invest_withdrawal_cash,invest_proceeds,other_cash_from_invest_act,gain_from_disposal,subtotal_invest_cash_inflow,inventories,fixed_assets,constru_in_process,intangible_assets,trade_fee,long_deferred_expense,fixed_assets_liquidation,independent_account_asset,deferred_tax_assets,other_asset,total_assets,borrowing_from_centralbank,deposit_in_ib_and_other,shortterm_loan,loan_pledge,borrowing_capital,fairvalue_financial_liability,derivative_financial_liability,sold_buyback_secu_proceeds,deposit_absorb,proxy_secu_proceeds,proxy_sell_proceeds,notes_payable,advance_peceipts,insurance_receive_early,commission_payable,insurance_payable,salaries_payable,taxs_payable,interest_payable,proxy_liability,estimate_liability,compensation_payable,interest_insurance_payable,investment_money,not_time_reserve,not_decide_reserve,live_reserve,longterm_reserve,longterm_loan,bonds_payable,independent_account,deferred_tax_liability,other_liability,total_liability,paidin_capital,capital_reserve_fund,treasury_stock,surplus_reserve_fund,equities_parent_company_owners,retained_profit,minority_interests,currency_mis,total_owner_equities,total_liability_equity,perferred_share_liability,account_receivable,other_equity_tools,perferred_share_equity,pep_debt_equity,other_comprehensive_income,good_will,shortterm_loan_payable,accounts_payable,ordinary_risk_reserve_fund,contract_assets,hold_sale_asset,bond_invest,other_bond_invest,other_equity_tools_invest,contract_liability,usufruct_assets,liease_liability
1245,420600000,上海浦东发展银行股份有限公司,600000.XSHG,600000,,,2014-04-30,2014-01-01,2014-03-31,2014-03-31,0,321003,定期报告,135920000000.0,,,458325000000.0,,,3222000000.0,36095000000.0,26598000000.0,2741000000.0,359818000000.0,15454000000.0,,,,,,,,,,1773969000000.0,,,535864000000.0,,167458000000.0,145755000000.0,5569000000.0,,,,,,,,,,,,,,8658000000.0,1961000000.0,732000000.0,,1383000000.0,,,9360000000.0,9204000000.0,3698086000000.0,,697666000000.0,,,37259000000.0,,4023000000.0,41241000000.0,2526278000000.0,,,,,,,,7038000000.0,9001000000.0,34033000000.0,,,,,,,,,,,62347000000.0,,,63176000000.0,3482062000000.0,18653000000.0,57339000000.0,,37460000000.0,216024000000.0,73122000000.0,,,216024000000.0,3698086000000.0,,,,,,,,,,29450000000.0,,,,,,,,
1246,420600000,上海浦东发展银行股份有限公司,600000.XSHG,600000,,,2014-08-14,2014-01-01,2014-06-30,2014-06-30,0,321003,定期报告,129011000000.0,,,503468000000.0,,,5049000000.0,31050000000.0,36118000000.0,2296000000.0,372297000000.0,14808000000.0,,,,,,,,,,1834146000000.0,,,604800000000.0,,176791000000.0,138731000000.0,5621000000.0,,,,,,,,,,,,,,8648000000.0,2161000000.0,712000000.0,,1300000000.0,,,9259000000.0,10266000000.0,3886532000000.0,,599511000000.0,,,40779000000.0,,3092000000.0,69972000000.0,2734863000000.0,,,,,,,,7686000000.0,8094000000.0,36809000000.0,,,,,,,,,,,,,,168180000000.0,3668986000000.0,18653000000.0,59317000000.0,,49647000000.0,217546000000.0,53229000000.0,,,217546000000.0,3886532000000.0,,,,,,,,,,36700000000.0,,,,,,,,
1247,420600000,上海浦东发展银行股份有限公司,600000.XSHG,600000,,,2014-10-31,2014-01-01,2014-09-30,2014-09-30,0,321003,定期报告,137933000000.0,,,485864000000.0,,,2926000000.0,32281000000.0,30435000000.0,2676000000.0,223287000000.0,14729000000.0,,,,,,,,,,1903701000000.0,,,696372000000.0,,201063000000.0,135389000000.0,4595000000.0,,,,,,,,,,,,,,8581000000.0,2653000000.0,775000000.0,,1268000000.0,,,10048000000.0,11418000000.0,3905994000000.0,0.0,661917000000.0,,,46819000000.0,,3871000000.0,39474000000.0,2666938000000.0,,,,,,,,8872000000.0,8996000000.0,39895000000.0,,,,,,,,,,,105410000000.0,,,93297000000.0,3675489000000.0,18653000000.0,60589000000.0,,49647000000.0,230505000000.0,65307000000.0,0.0,,230505000000.0,3905994000000.0,,,,,,,,,,36309000000.0,,,,,,,,
1248,420600000,上海浦东发展银行股份有限公司,600000.XSHG,600000,,,2015-03-19,2014-01-01,2014-12-31,2014-12-31,0,321003,定期报告,139886000000.0,,,501944000000.0,,,11707000000.0,22979000000.0,32841000000.0,2612000000.0,196188000000.0,16933000000.0,,,,,,,,,,1956388000000.0,,,877171000000.0,,222208000000.0,121698000000.0,4558000000.0,,,,,,,,,,,,,,9134000000.0,3387000000.0,850000000.0,,1553000000.0,,,10576000000.0,12306000000.0,4144919000000.0,20000000000.0,765729000000.0,,,42065000000.0,312000000.0,3303000000.0,67409000000.0,2700357000000.0,,,,,,,,5517000000.0,11971000000.0,38462000000.0,,,,,,,,,,,,,,230544000000.0,3885669000000.0,18653000000.0,60589000000.0,,49647000000.0,259250000000.0,77446000000.0,,,259250000000.0,4144919000000.0,,,14960000000.0,,,1255000000.0,,,,36700000000.0,,,,,,,,
1253,420600000,上海浦东发展银行股份有限公司,600000.XSHG,600000,,,2015-04-30,2015-01-01,2015-03-31,2015-03-31,0,321003,定期报告,117483000000.0,,,487775000000.0,,,32245000000.0,27743000000.0,52434000000.0,4287000000.0,188594000000.0,18281000000.0,,,,,,,,,,2005915000000.0,,,857545000000.0,,229270000000.0,137122000000.0,4977000000.0,,,,,,,,,,,,,,13526000000.0,,825000000.0,,1468000000.0,,,11320000000.0,13331000000.0,4204141000000.0,60000000000.0,690833000000.0,,,84389000000.0,,4387000000.0,63698000000.0,2765216000000.0,,,,,,,,4988000000.0,10822000000.0,36692000000.0,,,,,,,,,,,,,,198687000000.0,3919712000000.0,18653000000.0,60589000000.0,,49647000000.0,284429000000.0,88491000000.0,,,284429000000.0,4204141000000.0,,,,,,,,,,67049000000.0,,,,,,,,
1254,420600000,上海浦东发展银行股份有限公司,600000.XSHG,600000,,,2015-08-20,2015-01-01,2015-06-30,2015-06-30,0,321003,定期报告,145108000000.0,,,502900000000.0,,,40086000000.0,34862000000.0,56137000000.0,5981000000.0,104308000000.0,18576000000.0,,,,,,,,,,2087968000000.0,,,1103442000000.0,,255052000000.0,144644000000.0,5046000000.0,,,,,,,,,,,,,,12426000000.0,,790000000.0,,1378000000.0,,,12054000000.0,19898000000.0,4550656000000.0,40000000000.0,853837000000.0,,,50337000000.0,845000000.0,4156000000.0,60769000000.0,2966334000000.0,,,,,,,,6812000000.0,10256000000.0,37086000000.0,,,,,,,,,,,,,,235692000000.0,4266124000000.0,18653000000.0,60589000000.0,,63651000000.0,284532000000.0,64076000000.0,,,284532000000.0,4550656000000.0,,,,,,2043000000.0,,,,75520000000.0,,,,,,,,
1255,420600000,上海浦东发展银行股份有限公司,600000.XSHG,600000,,,2015-10-30,2015-01-01,2015-09-30,2015-09-30,0,321003,定期报告,127651000000.0,,,489215000000.0,,,37160000000.0,204742000000.0,47304000000.0,8224000000.0,119499000000.0,18107000000.0,,,,,,,,,,2095355000000.0,,,1126040000000.0,,214173000000.0,221570000000.0,5088000000.0,,,,,,,,,,,,,,12501000000.0,,795000000.0,,1322000000.0,,,13643000000.0,20086000000.0,4762475000000.0,43000000000.0,979652000000.0,,,13917000000.0,1024000000.0,5418000000.0,51073000000.0,2976831000000.0,,,,,,,,7866000000.0,12863000000.0,37875000000.0,,,,,,,,,,,,,,333944000000.0,4463463000000.0,18653000000.0,60589000000.0,,63651000000.0,299012000000.0,77256000000.0,,,299012000000.0,4762475000000.0,,,29920000000.0,29920000000.0,,3343000000.0,,,,45600000000.0,,,,,,,,
1256,420600000,上海浦东发展银行股份有限公司,600000.XSHG,600000,,,2016-04-07,2015-01-01,2015-12-31,2015-12-31,0,321003,定期报告,108334000000.0,,,477644000000.0,,,28724000000.0,137806000000.0,63746000000.0,10610000000.0,110218000000.0,20021000000.0,,,,,,,,,,2153210000000.0,,,1325032000000.0,,254516000000.0,239703000000.0,5085000000.0,,,,,,,,,,,,,,13249000000.0,,869000000.0,,1570000000.0,,,14212000000.0,19969000000.0,4984518000000.0,23000000000.0,1048583000000.0,,,70975000000.0,210000000.0,7319000000.0,118699000000.0,2928463000000.0,,,,,,,,5461000000.0,14686000000.0,35911000000.0,,,,,,,,,,,,,,417449000000.0,4670756000000.0,18653000000.0,60589000000.0,,63651000000.0,313762000000.0,89648000000.0,,,313762000000.0,4984518000000.0,,,,,,,,,,81221000000.0,,,,,,,,
1261,420600000,上海浦东发展银行股份有限公司,600000.XSHG,600000,,,2016-04-30,2016-01-01,2016-03-31,2016-03-31,0,321003,定期报告,127464000000.0,,,447170000000.0,,,21135000000.0,142483000000.0,109859000000.0,10899000000.0,20403000000.0,21648000000.0,,,,,,,,,,2240811000000.0,,,1475342000000.0,,210809000000.0,255608000000.0,22143000000.0,,,,,,,,,,,,,,13460000000.0,,864000000.0,,1461000000.0,,,17821000000.0,22730000000.0,5162110000000.0,67500000000.0,915086000000.0,,,54813000000.0,28588000000.0,10749000000.0,84537000000.0,2976327000000.0,,,,,,,,5958000000.0,17577000000.0,35764000000.0,,,,,,,,,,,600816000000.0,,,22329000000.0,4820044000000.0,19653000000.0,76593000000.0,,63651000000.0,342066000000.0,102594000000.0,,,342066000000.0,5162110000000.0,,,,,,,,,,79575000000.0,,,,,,,,
1262,420600000,上海浦东发展银行股份有限公司,600000.XSHG,600000,,,2016-08-11,2016-01-01,2016-06-30,2016-06-30,0,321003,定期报告,115849000000.0,,,487547000000.0,,,15781000000.0,135894000000.0,157455000000.0,11729000000.0,6524000000.0,20937000000.0,,,,,,,,,,2346386000000.0,,,1424258000000.0,,199239000000.0,291235000000.0,22210000000.0,,,,,,,,,,,,,,13429000000.0,,930000000.0,,1519000000.0,,,16715000000.0,24432000000.0,5292069000000.0,80000000000.0,1096412000000.0,,,70902000000.0,23747000000.0,10105000000.0,31928000000.0,2924886000000.0,,,,,,,,7297000000.0,11813000000.0,32789000000.0,,,,,,,,,,,,,,658774000000.0,4948653000000.0,21618000000.0,74628000000.0,,78689000000.0,343416000000.0,70376000000.0,,,343416000000.0,5292069000000.0,,,29920000000.0,29920000000.0,,3140000000.0,,,,65045000000.0,,,,,,,,
1263,420600000,上海浦东发展银行股份有限公司,600000.XSHG,600000,,,2016-10-29,2016-01-01,2016-09-30,2016-09-30,0,321003,定期报告,129284000000.0,,,461143000000.0,,,11414000000.0,196359000000.0,168252000000.0,17838000000.0,765000000.0,19394000000.0,,,,,,,,,,2463575000000.0,,,1321692000000.0,,280014000000.0,328269000000.0,22253000000.0,,,,,,,,,,,,,,13347000000.0,,881000000.0,,1401000000.0,,,18945000000.0,25145000000.0,5479971000000.0,59500000000.0,1159519000000.0,,,19192000000.0,29821000000.0,16490000000.0,126174000000.0,2960020000000.0,,,,,,,,8435000000.0,15334000000.0,32727000000.0,,,,,,,,,,,,,,29172000000.0,5122596000000.0,21618000000.0,74628000000.0,,78689000000.0,357375000000.0,83882000000.0,,,357375000000.0,5479971000000.0,,,29920000000.0,29920000000.0,,3593000000.0,,,,65045000000.0,,,,,,,,
1264,420600000,上海浦东发展银行股份有限公司,600000.XSHG,600000,,,2017-04-01,2016-01-01,2016-12-31,2016-12-31,0,321003,定期报告,226721000000.0,,,513623000000.0,,,9548000000.0,121938000000.0,171421000000.0,16233000000.0,3001000000.0,22299000000.0,,,,,,,,,,2655895000000.0,,,1005282000000.0,,612601000000.0,326950000000.0,23711000000.0,,,,,,,,,,,,,,13784000000.0,,840000000.0,,1517000000.0,,,21502000000.0,24880000000.0,5771746000000.0,147000000000.0,1347139000000.0,,,59930000000.0,24522000000.0,13091000000.0,92928000000.0,2974449000000.0,,,,,,,,5501000000.0,17028000000.0,33667000000.0,,,,,,,,,,,,,,691387000000.0,5406642000000.0,21618000000.0,74628000000.0,,78689000000.0,365104000000.0,95016000000.0,,,365104000000.0,5771746000000.0,,,29920000000.0,29920000000.0,,188000000.0,,,,65045000000.0,,,,,,,,
1268,420600000,上海浦东发展银行股份有限公司,600000.XSHG,600000,,,2017-04-27,2017-01-01,2017-03-31,2017-03-31,0,321003,定期报告,152655000000.0,,,454041000000.0,,,9617000000.0,72409000000.0,282129000000.0,9470000000.0,389000000.0,24785000000.0,,,,,,,,,,2821342000000.0,,,968344000000.0,,586167000000.0,327471000000.0,23769000000.0,,,,,,,,,,,,,,13885000000.0,,796000000.0,,1385000000.0,,,25547000000.0,33771000000.0,5807972000000.0,176500000000.0,1278486000000.0,,,78841000000.0,7976000000.0,8106000000.0,20324000000.0,3069197000000.0,,,,,,,,6199000000.0,20810000000.0,34993000000.0,,,,,,,,,,,690921000000.0,,,38897000000.0,5431250000000.0,21618000000.0,74628000000.0,,78689000000.0,376722000000.0,108166000000.0,,,376722000000.0,5807972000000.0,,,29920000000.0,29920000000.0,,-1344000000.0,,,,65045000000.0,,,,,,,,
1269,420600000,上海浦东发展银行股份有限公司,600000.XSHG,600000,,,2017-08-30,2017-01-01,2017-06-30,2017-06-30,0,321003,定期报告,118557000000.0,,,498050000000.0,,,7094000000.0,81774000000.0,264005000000.0,9097000000.0,16762000000.0,25883000000.0,,,,,,,,,,2909718000000.0,,,779602000000.0,,634139000000.0,385363000000.0,23822000000.0,,,,,,,,,,,,,,14131000000.0,,764000000.0,,1298000000.0,,,21211000000.0,34996000000.0,5826266000000.0,171500000000.0,1203169000000.0,,,55659000000.0,13809000000.0,9868000000.0,86286000000.0,3143332000000.0,,,,,,,,7500000000.0,13871000000.0,35075000000.0,,,,,,,,,,,672491000000.0,,,30971000000.0,5443531000000.0,28104000000.0,68142000000.0,,94198000000.0,382735000000.0,91250000000.0,,,382735000000.0,5826266000000.0,,,29920000000.0,29920000000.0,,-3779000000.0,,,,74900000000.0,,,,,,,,
1270,420600000,上海浦东发展银行股份有限公司,600000.XSHG,600000,,,2017-10-28,2017-01-01,2017-09-30,2017-09-30,0,321003,定期报告,108078000000.0,,,458700000000.0,,,7336000000.0,125730000000.0,209304000000.0,22018000000.0,1041000000.0,27795000000.0,,,,,,,,,,2974153000000.0,,,779464000000.0,,646393000000.0,506836000000.0,23875000000.0,,,,,,,,,,,,,,15087000000.0,,854000000.0,,1172000000.0,,,23157000000.0,39553000000.0,5970546000000.0,173000000000.0,1335256000000.0,,,113903000000.0,46117000000.0,23626000000.0,107974000000.0,3086109000000.0,,,,,,,,8872000000.0,16974000000.0,36835000000.0,,,,,,,,,,,578291000000.0,,,30906000000.0,5557863000000.0,29352000000.0,81710000000.0,,94198000000.0,412683000000.0,104497000000.0,,,412683000000.0,5970546000000.0,,,29920000000.0,29920000000.0,,-1894000000.0,,,,74900000000.0,,,,,,,,
3544,420600000,上海浦东发展银行股份有限公司,600000.XSHG,600000,,,2018-04-28,2017-01-01,2017-12-31,2017-12-31,0,321003,定期报告,89696000000.0,,,482118000000.0,,,10261000000.0,82885000000.0,157268000000.0,28264000000.0,13974000000.0,30294000000.0,,,,,,,,,,3083728000000.0,,,817939000000.0,,654837000000.0,444726000000.0,23860000000.0,,,,,,,,,,,,,,15190000000.0,,899000000.0,,1298000000.0,,,28381000000.0,69415000000.0,6035033000000.0,181500000000.0,1322621000000.0,,,100873000000.0,15121000000.0,30034000000.0,184464000000.0,3006604000000.0,,,,,,,,6880000000.0,19354000000.0,34422000000.0,,,,,,,,,,,,,,713036000000.0,5614909000000.0,29352000000.0,81710000000.0,,94198000000.0,420124000000.0,115333000000.0,,,420124000000.0,6035033000000.0,,,29920000000.0,29920000000.0,,-5289000000.0,,,,74900000000.0,,,,,,,,
3572,420600000,上海浦东发展银行股份有限公司,600000.XSHG,600000,,,2018-04-28,2018-01-01,2018-03-31,2018-03-31,0,321003,定期报告,97892000000.0,,,463355000000.0,,,6817000000.0,114831000000.0,354093000000.0,47475000000.0,100000000.0,34891000000.0,,,,,,,,,,3119494000000.0,,,0.0,,213240000000.0,1414926000000.0,25133000000.0,,,,,,,,,,,,,,15198000000.0,,1001000000.0,,1198000000.0,,,37364000000.0,82970000000.0,6029978000000.0,203500000000.0,1162436000000.0,,,118195000000.0,24259000000.0,52128000000.0,123195000000.0,3144231000000.0,,,,,,,,7314000000.0,24232000000.0,38170000000.0,,4170000000.0,,,,,,,,,645805000000.0,,,59628000000.0,5607263000000.0,29352000000.0,81710000000.0,,94198000000.0,422715000000.0,113662000000.0,,,422715000000.0,6029978000000.0,,,29920000000.0,29920000000.0,,-1027000000.0,,,,74900000000.0,,,,,,,,
3709,420600000,上海浦东发展银行股份有限公司,600000.XSHG,600000,,,2018-08-30,2018-01-01,2018-06-30,2018-06-30,0,321003,定期报告,68842000000.0,,,424756000000.0,,,8023000000.0,108643000000.0,339320000000.0,35354000000.0,2485000000.0,32952000000.0,,,,,,,,,,3224401000000.0,,,0.0,,,,26025000000.0,,,,,,,,,,,,,,20377000000.0,,1014000000.0,,1086000000.0,,,29329000000.0,1666030000000.0,5988637000000.0,191000000000.0,1150456000000.0,,,97824000000.0,37062000000.0,33529000000.0,96177000000.0,3179377000000.0,,,,,,,,8779000000.0,13035000000.0,37065000000.0,,4285000000.0,,,,,,,,,647310000000.0,,,58290000000.0,5554189000000.0,29352000000.0,81710000000.0,,109717000000.0,434448000000.0,108635000000.0,,,434448000000.0,5988637000000.0,,,29920000000.0,29920000000.0,,214000000.0,,,,74900000000.0,,,,,,,,
3915,420600000,上海浦东发展银行股份有限公司,600000.XSHG,600000,,,2018-10-31,2018-01-01,2018-09-30,2018-09-30,0,321003,定期报告,108759000000.0,,,434714000000.0,,,8303000000.0,108498000000.0,355892000000.0,49011000000.0,10118000000.0,31159000000.0,,,,,,,,,,3334822000000.0,,,0.0,,,,26076000000.0,,,,,,,,,,,,,,14091000000.0,,7482000000.0,,994000000.0,,,32962000000.0,1462126000000.0,5985007000000.0,242000000000.0,938619000000.0,,,99949000000.0,27558000000.0,45239000000.0,93589000000.0,3244627000000.0,,,,,,,,10125000000.0,16100000000.0,36307000000.0,,4376000000.0,,,,,,,,,737034000000.0,,,41266000000.0,5536789000000.0,29352000000.0,81710000000.0,,109717000000.0,448218000000.0,122596000000.0,,,448218000000.0,5985007000000.0,,,29920000000.0,29920000000.0,,23000000.0,,,,74900000000.0,,,,,,,,
3978,420600000,上海浦东发展银行股份有限公司,600000.XSHG,600000,,,2019-03-26,2018-01-01,2018-12-31,2018-12-31,0,321003,定期报告,87274000000.0,,,439900000000.0,,,10475000000.0,145642000000.0,382492000000.0,43274000000.0,11573000000.0,,,,,,,,,,,3434578000000.0,,,0.0,,,,26064000000.0,,,,,,,,,,,,,,14885000000.0,,7655000000.0,,1110000000.0,,,36078000000.0,1541868000000.0,6182868000000.0,220263000000.0,1075607000000.0,,,109726000000.0,24504000000.0,42793000000.0,119564000000.0,3222589000000.0,,,,,,,,9311000000.0,20014000000.0,,,4742000000.0,,,,,,,,,832873000000.0,,,36742000000.0,5718728000000.0,29352000000.0,81710000000.0,,109717000000.0,464140000000.0,133914000000.0,,,464140000000.0,6182868000000.0,,,29920000000.0,29920000000.0,,4627000000.0,,,,74900000000.0,,,,,,,,
4225,420600000,上海浦东发展银行股份有限公司,600000.XSHG,600000,,,2019-04-30,2019-01-01,2019-03-31,2019-03-31,0,321003,定期报告,99504000000.0,,,384619000000.0,,,15026000000.0,155021000000.0,423260000000.0,40246000000.0,500000000.0,,,,,,,,,,,3500001000000.0,,,,,,,26106000000.0,,,,,,,,,,,,,,14914000000.0,,7665000000.0,,1021000000.0,,,39854000000.0,1743926000000.0,6451663000000.0,188449000000.0,1097396000000.0,,,100360000000.0,14569000000.0,41321000000.0,102868000000.0,3535339000000.0,,,,,,,,10712000000.0,24303000000.0,,,4185000000.0,,,,,,,,,,,,851704000000.0,5971206000000.0,29352000000.0,81710000000.0,,109717000000.0,480457000000.0,148833000000.0,,,480457000000.0,6451663000000.0,,,29920000000.0,29920000000.0,,6025000000.0,,,,74900000000.0,,,,,,,,
6280,420600000,上海浦东发展银行股份有限公司,600000.XSHG,600000,,,2019-08-24,2019-01-01,2019-06-30,2019-06-30,0,321003,定期报告,95387000000.0,,,390852000000.0,,,24182000000.0,171537000000.0,428709000000.0,39552000000.0,1678000000.0,,,,,,,,,,,3600115000000.0,,,0.0,,,,26074000000.0,,,,,,,,,,,,,,15005000000.0,,7650000000.0,,,,,36481000000.0,81624000000.0,6555167000000.0,194630000000.0,824958000000.0,,,185658000000.0,35179000000.0,39582000000.0,128026000000.0,3667933000000.0,,,,,,,,10646000000.0,18691000000.0,,,4662000000.0,,,,,,,,,888025000000.0,,,73309000000.0,6071299000000.0,29352000000.0,81710000000.0,,125805000000.0,483868000000.0,137486000000.0,,,483868000000.0,6555167000000.0,,,29920000000.0,29920000000.0,,4695000000.0,,,,74900000000.0,,,1226184000000.0,405314000000.0,4823000000.0,,,
6557,420600000,上海浦东发展银行股份有限公司,600000.XSHG,600000,,,2019-10-30,2019-01-01,2019-09-30,2019-09-30,0,321003,定期报告,91743000000.0,,,420691000000.0,,,32004000000.0,188526000000.0,444209000000.0,72515000000.0,3183000000.0,,,,,,,,,,,3723898000000.0,,,0.0,,,,26194000000.0,,,,,,,,,,,,,,14733000000.0,,7888000000.0,,,,,38907000000.0,82871000000.0,6676126000000.0,195215000000.0,899948000000.0,,,122068000000.0,35136000000.0,72031000000.0,205961000000.0,3672408000000.0,,,,,,,,13398000000.0,22276000000.0,,,6472000000.0,,,,,,,,,856074000000.0,,,44628000000.0,6145615000000.0,29352000000.0,81710000000.0,,125805000000.0,530511000000.0,153276000000.0,,,530511000000.0,6676126000000.0,,,59916000000.0,29920000000.0,29996000000.0,5552000000.0,,,,74900000000.0,,,1065885000000.0,458225000000.0,4654000000.0,,,
6912,420600000,上海浦东发展银行股份有限公司,600000.XSHG,600000,,,2020-04-25,2019-01-01,2019-12-31,2019-12-31,0,321003,定期报告,96179000000.0,,,472824000000.0,,,30870000000.0,177854000000.0,488178000000.0,38719000000.0,2873000000.0,,,,,,,,,,,3857413000000.0,,,,,,,26148000000.0,,,,,,,,,,,,,,14852000000.0,,8067000000.0,,,,,44586000000.0,64417000000.0,6892407000000.0,232934000000.0,1008810000000.0,,,117719000000.0,18464000000.0,41501000000.0,227583000000.0,3634003000000.0,,,,,,,,11269000000.0,26165000000.0,,,6697000000.0,,,,,,,,,991301000000.0,,,32551000000.0,6348997000000.0,29352000000.0,81710000000.0,,125805000000.0,543410000000.0,162275000000.0,,,543410000000.0,6892407000000.0,,,62698000000.0,,,6670000000.0,,,,74900000000.0,,,1072249000000.0,491384000000.0,5794000000.0,,,
6914,420600000,上海浦东发展银行股份有限公司,600000.XSHG,600000,,,2020-04-25,2020-01-01,2020-03-31,2020-03-31,0,321003,定期报告,98992000000.0,,,380404000000.0,,,41558000000.0,236467000000.0,521207000000.0,64857000000.0,,,,,,,,,,,,3950320000000.0,,,0.0,,,,26202000000.0,,,,,,,,,,,,,,15131000000.0,,8010000000.0,,,,,42521000000.0,88623000000.0,7174198000000.0,277186000000.0,839504000000.0,,,138381000000.0,63167000000.0,65579000000.0,225698000000.0,3898678000000.0,,,,,,,,10760000000.0,28568000000.0,,,5990000000.0,,,,,,,,,1019089000000.0,,,37372000000.0,6609972000000.0,29352000000.0,81710000000.0,,125805000000.0,564226000000.0,178096000000.0,,,564226000000.0,7174198000000.0,,,62698000000.0,29920000000.0,29996000000.0,11665000000.0,,,,74900000000.0,,,1177473000000.0,516579000000.0,5854000000.0,,,
7325,420600000,上海浦东发展银行股份有限公司,600000.XSHG,600000,,,2020-08-29,2020-01-01,2020-06-30,2020-06-30,0,321003,定期报告,122128000000.0,,,459773000000.0,,,26398000000.0,228022000000.0,473062000000.0,58506000000.0,21601000000.0,,,,,,,,,,,4058347000000.0,,,,,,,26462000000.0,,,,,,,,,,,,,,15460000000.0,,7906000000.0,,,,,40261000000.0,81887000000.0,7386584000000.0,243407000000.0,827411000000.0,,,108298000000.0,43016000000.0,57088000000.0,240598000000.0,4151576000000.0,,,,,,,,12618000000.0,18522000000.0,,,7127000000.0,,,,,,,,,,,,1123465000000.0,6833126000000.0,29352000000.0,81710000000.0,,142739000000.0,553458000000.0,151478000000.0,,,553458000000.0,7386584000000.0,,,62698000000.0,,,7481000000.0,,,,78000000000.0,,,1091093000000.0,669852000000.0,5826000000.0,,,
7537,420600000,上海浦东发展银行股份有限公司,600000.XSHG,600000,,,2020-10-31,2020-01-01,2020-09-30,2020-09-30,0,321003,定期报告,128726000000.0,,,412264000000.0,,,32718000000.0,248144000000.0,481588000000.0,56188000000.0,10271000000.0,,,,,,,,,,,4166055000000.0,,,,,,,26428000000.0,,,,,,,,,,,,,,15913000000.0,,8180000000.0,,,,,48076000000.0,88706000000.0,7538206000000.0,242711000000.0,1152156000000.0,,,111195000000.0,18335000000.0,55065000000.0,233381000000.0,4048775000000.0,,,,,,,,13488000000.0,24472000000.0,,,5823000000.0,,,,,,,,,1040302000000.0,,,31493000000.0,6977196000000.0,29352000000.0,81710000000.0,,142739000000.0,561010000000.0,165331000000.0,,,561010000000.0,7538206000000.0,,,62698000000.0,29920000000.0,29996000000.0,1180000000.0,,,,78000000000.0,,,1131293000000.0,677851000000.0,5805000000.0,,,
8338,420600000,上海浦东发展银行股份有限公司,600000.XSHG,600000,,,2021-03-27,2020-01-01,2020-12-31,2020-12-31,0,321003,定期报告,143447000000.0,,,484262000000.0,,,44969000000.0,238959000000.0,514468000000.0,63589000000.0,36526000000.0,,,,,,,,,,,4339333000000.0,,,,,,,26434000000.0,,,,,,,,,,,,,,16250000000.0,,8234000000.0,,,,,50853000000.0,86089000000.0,7798292000000.0,272964000000.0,1193043000000.0,,,117013000000.0,6067000000.0,61137000000.0,225425000000.0,4090341000000.0,,,,,,,,12183000000.0,26242000000.0,,,5276000000.0,,,,,,,,,1127379000000.0,,,36655000000.0,7173725000000.0,29352000000.0,81711000000.0,,142739000000.0,624567000000.0,176725000000.0,,,624567000000.0,7798292000000.0,,,112691000000.0,,,3349000000.0,,,,78000000000.0,,,1167536000000.0,571508000000.0,5835000000.0,,,
14067,420600000,上海浦东发展银行股份有限公司,600000.XSHG,600000,,,2021-04-30,2021-01-01,2021-03-31,2021-03-31,0,321003,定期报告,160033000000.0,,,435840000000.0,,,56257000000.0,215192000000.0,466205000000.0,57957000000.0,4314000000.0,,,,,,,,,,,4494874000000.0,,,,,,,26465000000.0,,,,,,,,,,,,,,17210000000.0,,8219000000.0,,,,,53347000000.0,93294000000.0,7923524000000.0,260197000000.0,1145428000000.0,,,97440000000.0,23380000000.0,49909000000.0,201934000000.0,4209204000000.0,,,,,,,,10661000000.0,32524000000.0,,,5625000000.0,,,,,,,,,1202034000000.0,,,35643000000.0,7281588000000.0,29352000000.0,81711000000.0,,142739000000.0,641936000000.0,193558000000.0,,,641936000000.0,7923524000000.0,,,112691000000.0,29920000000.0,79989000000.0,3885000000.0,,,,78000000000.0,,,1228436000000.0,592050000000.0,6154000000.0,,7677000000.0,7609000000.0
14248,420600000,上海浦东发展银行股份有限公司,600000.XSHG,600000,,,2021-08-28,2021-01-01,2021-06-30,2021-06-30,0,321003,定期报告,159489000000.0,,,409753000000.0,,,6208000000.0,224333000000.0,453535000000.0,45836000000.0,119259000000.0,,,,,,,,,,,4545422000000.0,,,,,,,26576000000.0,,,,,,,,,,,,,,17580000000.0,,8209000000.0,,,,,46360000000.0,117441000000.0,7966193000000.0,265735000000.0,1025059000000.0,,,58657000000.0,16829000000.0,40089000000.0,115897000000.0,4429765000000.0,,,,,,,,11719000000.0,18938000000.0,,,5971000000.0,,,,,,,,,,,,1332342000000.0,7328458000000.0,29352000000.0,81711000000.0,,159292000000.0,637735000000.0,161858000000.0,,,637735000000.0,7966193000000.0,,,112691000000.0,,,3831000000.0,,,,89000000000.0,,,1222145000000.0,550103000000.0,6450000000.0,,7494000000.0,7457000000.0
14362,420600000,上海浦东发展银行股份有限公司,600000.XSHG,600000,,,2021-10-30,2021-01-01,2021-09-30,2021-09-30,0,321003,定期报告,131268000000.0,,,386838000000.0,,,10018000000.0,270274000000.0,475681000000.0,34351000000.0,1781000000.0,,,,,,,,,,,4577025000000.0,,,,,,,26814000000.0,,,,,,,,,,,,,,17761000000.0,,8230000000.0,,,,,51393000000.0,122252000000.0,7896999000000.0,232242000000.0,860601000000.0,,,94399000000.0,16942000000.0,28080000000.0,176798000000.0,4491057000000.0,,,,,,,,11498000000.0,23237000000.0,,,6152000000.0,,,,,,,,,,,,1301244000000.0,7249813000000.0,29352000000.0,81711000000.0,,159292000000.0,647186000000.0,171740000000.0,,,647186000000.0,7896999000000.0,,,112691000000.0,29920000000.0,79989000000.0,3400000000.0,,,,89000000000.0,,,1276220000000.0,492356000000.0,7092000000.0,,7645000000.0,7563000000.0
14575,420600000,上海浦东发展银行股份有限公司,600000.XSHG,600000,,,2022-04-28,2022-01-01,2022-03-31,2022-03-31,0,321003,定期报告,196251000000.0,,,370591000000.0,,,20538000000.0,394498000000.0,558644000000.0,38415000000.0,87681000000.0,,,,,,,,,,,4662315000000.0,,,,,,,31869000000.0,,,,,,,,,,,,,,18397000000.0,,8015000000.0,,,,,61246000000.0,113935000000.0,8255717000000.0,222596000000.0,633045000000.0,,,166344000000.0,63427000000.0,30500000000.0,240672000000.0,4558714000000.0,,,,,,,,7881000000.0,34739000000.0,,,7755000000.0,,,,,,,,,1581532000000.0,,,31127000000.0,7584345000000.0,29352000000.0,81712000000.0,,159292000000.0,671372000000.0,197625000000.0,,,671372000000.0,8255717000000.0,,,112691000000.0,29920000000.0,79989000000.0,1700000000.0,,,,89000000000.0,,,1212118000000.0,466338000000.0,6909000000.0,,7957000000.0,6013000000.0
14577,420600000,上海浦东发展银行股份有限公司,600000.XSHG,600000,,,2022-04-28,2021-01-01,2021-12-31,2021-12-31,0,321003,定期报告,115463000000.0,,,416110000000.0,,,13151000000.0,309958000000.0,487998000000.0,33756000000.0,101000000.0,,,,,,,,,,,4594234000000.0,,,,,,,26820000000.0,,,,,,,,,,,,,,18308000000.0,,8239000000.0,,,,,57542000000.0,92763000000.0,7969261000000.0,235223000000.0,932551000000.0,,,102727000000.0,19954000000.0,29507000000.0,170038000000.0,4431975000000.0,,,,,,,,13068000000.0,28905000000.0,,,6272000000.0,,,,,,,,,1303891000000.0,,,32806000000.0,7314910000000.0,29352000000.0,81712000000.0,,159292000000.0,654351000000.0,179455000000.0,,,654351000000.0,7969261000000.0,,,112691000000.0,29920000000.0,79989000000.0,2849000000.0,,,,89000000000.0,,,1304324000000.0,475294000000.0,7082000000.0,,8118000000.0,7993000000.0
14939,420600000,上海浦东发展银行股份有限公司,600000.XSHG,600000,,,2022-08-27,2022-01-01,2022-06-30,2022-06-30,0,321003,定期报告,118736000000.0,,,434922000000.0,,,4193000000.0,400936000000.0,574117000000.0,38984000000.0,88106000000.0,,,,,,,,,,,4672370000000.0,,,,,,,31922000000.0,,,,,,,,,,,,,,18161000000.0,,7802000000.0,,,,,53844000000.0,123539000000.0,8336542000000.0,217546000000.0,714720000000.0,,,167797000000.0,88218000000.0,34157000000.0,267391000000.0,4713173000000.0,,,,,,,,9314000000.0,20751000000.0,,,6256000000.0,,,,,,,,,1372645000000.0,,,48581000000.0,7668038000000.0,29352000000.0,81712000000.0,,174385000000.0,668504000000.0,176062000000.0,,,668504000000.0,8336542000000.0,,,112691000000.0,29920000000.0,79989000000.0,802000000.0,,,,93500000000.0,,,1204913000000.0,549243000000.0,7053000000.0,,7701000000.0,7489000000.0
15160,420600000,上海浦东发展银行股份有限公司,600000.XSHG,600000,,,2022-10-29,2022-01-01,2022-09-30,2022-09-30,0,321003,定期报告,98612000000.0,,,372488000000.0,,,2683000000.0,355485000000.0,570819000000.0,62041000000.0,40956000000.0,,,,,,,,,,,4714195000000.0,,,,,,,31939000000.0,,,,,,,,,,,,,,18646000000.0,,7810000000.0,,,,,61587000000.0,167819000000.0,8247770000000.0,198654000000.0,528842000000.0,,,175085000000.0,100279000000.0,61059000000.0,226772000000.0,4775728000000.0,,,,,,,,9840000000.0,26801000000.0,,,6221000000.0,,,,,,,,,,,,1457356000000.0,7573902000000.0,29352000000.0,81712000000.0,,174384000000.0,673868000000.0,183593000000.0,,,673868000000.0,8247770000000.0,,,112691000000.0,29920000000.0,79989000000.0,-1364000000.0,,,,93500000000.0,,,1174165000000.0,554056000000.0,7006000000.0,,7463000000.0,7265000000.0
15467,420600000,上海浦东发展银行股份有限公司,600000.XSHG,600000,,,2023-04-19,2022-01-01,2022-12-31,2022-12-31,0,321003,定期报告,157910000000.0,,,452719000000.0,,,14988000000.0,358862000000.0,636751000000.0,42770000000.0,111411000000.0,,,,,,,,,,,4695040000000.0,,,,,,,31626000000.0,,,,,,,,,,,,,,14721000000.0,4471000000.0,8036000000.0,,,,,66867000000.0,57255000000.0,8495750000000.0,164427000000.0,783068000000.0,,,168894000000.0,87776000000.0,37525000000.0,304949000000.0,4861357000000.0,,,,,,,,10764000000.0,31067000000.0,,,6228000000.0,,,,,,,,,1319856000000.0,,,33004000000.0,7816208000000.0,29352000000.0,81712000000.0,,174385000000.0,679542000000.0,190909000000.0,,,679542000000.0,8495750000000.0,,,112691000000.0,,,-3007000000.0,,,,93500000000.0,,,1193150000000.0,633808000000.0,7870000000.0,,7495000000.0,7293000000.0
15648,420600000,上海浦东发展银行股份有限公司,600000.XSHG,600000,,,2023-04-29,2023-01-01,2023-03-31,2023-03-31,0,321003,定期报告,140152000000.0,,,410478000000.0,,,1585000000.0,398234000000.0,621092000000.0,46882000000.0,32169000000.0,,,,,,,,,,,4762892000000.0,,,,,,,31682000000.0,,,,,,,,,,,,,,14436000000.0,5139000000.0,7914000000.0,,,,,70957000000.0,145031000000.0,8629849000000.0,197024000000.0,869917000000.0,,,246917000000.0,5933000000.0,36602000000.0,281326000000.0,4929533000000.0,,,,,,,,4756000000.0,35590000000.0,,,6123000000.0,,,,,,,,,,,,1316540000000.0,7937364000000.0,29352000000.0,81712000000.0,,174385000000.0,692485000000.0,202928000000.0,,,692485000000.0,8629849000000.0,,,112691000000.0,,,-2083000000.0,,,,93500000000.0,,,1306044000000.0,619966000000.0,7854000000.0,,7342000000.0,7103000000.0
15851,420600000,上海浦东发展银行股份有限公司,600000.XSHG,600000,,,2023-08-31,2023-01-01,2023-06-30,2023-06-30,0,321003,定期报告,133987000000.0,,,406615000000.0,,,834000000.0,401470000000.0,675283000000.0,70746000000.0,75358000000.0,,,,,,,,,,,4757344000000.0,,,,,,,31756000000.0,,,,,,,,,,,,,,17845000000.0,1856000000.0,7682000000.0,,,,,62750000000.0,140964000000.0,8694869000000.0,201491000000.0,794705000000.0,,,243097000000.0,5509000000.0,62185000000.0,316038000000.0,5036327000000.0,,,,,,,,5864000000.0,18186000000.0,,,6540000000.0,,,,,,,,,1261736000000.0,,,44931000000.0,8003542000000.0,29352000000.0,81712000000.0,,188929000000.0,691327000000.0,181481000000.0,,,691327000000.0,8694869000000.0,,,112691000000.0,29920000000.0,79989000000.0,-838000000.0,,,,98000000000.0,,,1343212000000.0,552995000000.0,7029000000.0,,7143000000.0,6933000000.0
15924,420600000,上海浦东发展银行股份有限公司,600000.XSHG,600000,,,2023-10-28,2023-01-01,2023-09-30,2023-09-30,0,321003,定期报告,87710000000.0,,,343028000000.0,,,16918000000.0,435320000000.0,686653000000.0,64488000000.0,65509000000.0,,,,,,,,,,,4693846000000.0,,,,,,,31744000000.0,,,,,,,,,,,,,,17615000000.0,1913000000.0,7585000000.0,,,,,67150000000.0,162351000000.0,8552571000000.0,206450000000.0,896545000000.0,,,151790000000.0,7194000000.0,56977000000.0,350301000000.0,4995362000000.0,,,,,,,,7061000000.0,22079000000.0,,,6904000000.0,,,,,,,,,,,,1151666000000.0,7859078000000.0,29352000000.0,81712000000.0,,188927000000.0,693493000000.0,184355000000.0,,,693493000000.0,8552571000000.0,,,112691000000.0,,,-1544000000.0,,,,98000000000.0,,,1290406000000.0,566298000000.0,7029000000.0,,7008000000.0,6749000000.0
16312,420600000,上海浦东发展银行股份有限公司,600000.XSHG,600000,,,2024-04-30,2024-01-01,2024-03-31,2024-03-31,0,321003,定期报告,94867000000.0,,,309462000000.0,,,5777000000.0,438451000000.0,639365000000.0,68283000000.0,169236000000.0,,,,,,,,,,,4963469000000.0,,,,,,,31817000000.0,,,,,,,,,,,,,,17961000000.0,1179000000.0,7233000000.0,,,,,72418000000.0,168671000000.0,8789532000000.0,233039000000.0,977456000000.0,,,195497000000.0,13163000000.0,62129000000.0,219472000000.0,4968424000000.0,,,,,,,,8939000000.0,30543000000.0,,,7044000000.0,,,,,,,,,1276241000000.0,,,70326000000.0,8068330000000.0,29352000000.0,81712000000.0,,188929000000.0,721202000000.0,207323000000.0,,,721202000000.0,8789532000000.0,,,112691000000.0,,,3195000000.0,,,,98000000000.0,,,1182919000000.0,605304000000.0,6730000000.0,,6390000000.0,6057000000.0
16340,420600000,上海浦东发展银行股份有限公司,600000.XSHG,600000,,,2024-04-30,2023-01-01,2023-12-31,2023-12-31,0,321003,定期报告,89196000000.0,,,532553000000.0,,,17526000000.0,460739000000.0,740523000000.0,56265000000.0,44719000000.0,,,,,,,,,,,4796566000000.0,,,,,,,31768000000.0,,,,,,,,,,,,,,18286000000.0,1159000000.0,7464000000.0,,,,,69250000000.0,63671000000.0,8758116000000.0,234591000000.0,1002087000000.0,,,199591000000.0,7869000000.0,52260000000.0,449030000000.0,5027145000000.0,,,,,,,,12067000000.0,24239000000.0,,,7753000000.0,,,,,,,,,1004010000000.0,,,28661000000.0,8055726000000.0,29352000000.0,81712000000.0,,188929000000.0,702390000000.0,189813000000.0,,,702390000000.0,8758116000000.0,,,112691000000.0,,,1893000000.0,,,,98000000000.0,,,1208379000000.0,606606000000.0,6730000000.0,,6716000000.0,6423000000.0
16508,420600000,上海浦东发展银行股份有限公司,600000.XSHG,600000,,,2024-08-20,2024-01-01,2024-06-30,2024-06-30,0,321003,定期报告,89553000000.0,,,409133000000.0,,,10925000000.0,408519000000.0,668279000000.0,72306000000.0,153830000000.0,,,,,,,,,,,5081314000000.0,,,,,,,34837000000.0,,,,,,,,,,,,,,17627000000.0,1322000000.0,7031000000.0,,,,,64972000000.0,148051000000.0,8985121000000.0,225837000000.0,936379000000.0,,,202186000000.0,23715000000.0,63515000000.0,315800000000.0,5035970000000.0,,,,,,,,10361000000.0,12110000000.0,,,7403000000.0,,,,,,,,,1341654000000.0,,,81358000000.0,8262261000000.0,29352000000.0,81712000000.0,,192222000000.0,722860000000.0,199242000000.0,,,722860000000.0,8985121000000.0,,,112691000000.0,,,5141000000.0,,,,102500000000.0,,,1190661000000.0,613753000000.0,6722000000.0,,6286000000.0,5973000000.0
16745,420600000,上海浦东发展银行股份有限公司,600000.XSHG,600000,,,2024-10-31,2024-01-01,2024-09-30,2024-09-30,0,321003,定期报告,74366000000.0,,,437331000000.0,,,9336000000.0,402255000000.0,741035000000.0,78769000000.0,203310000000.0,,,,,,,,,,,5115930000000.0,,,,,,,34835000000.0,,,,,,,,,,,,,,17317000000.0,1334000000.0,7014000000.0,,,,,70071000000.0,119014000000.0,9117944000000.0,186364000000.0,936341000000.0,,,228337000000.0,15236000000.0,72055000000.0,393557000000.0,5237588000000.0,,,,,,,,11790000000.0,16240000000.0,,,6834000000.0,,,,,,,,,1263247000000.0,,,46462000000.0,8419797000000.0,29352000000.0,81719000000.0,,192222000000.0,698147000000.0,204029000000.0,,,698147000000.0,9117944000000.0,,,82701000000.0,,,5624000000.0,,,,102500000000.0,,,1128141000000.0,664212000000.0,7597000000.0,,6077000000.0,5746000000.0
17390,420600000,上海浦东发展银行股份有限公司,600000.XSHG,600000,,,2025-03-29,2024-01-01,2024-12-31,2024-12-31,0,321003,定期报告,88993000000.0,,,405297000000.0,,,23062000000.0,422452000000.0,767780000000.0,88838000000.0,63879000000.0,,,,,,,,,,,5146724000000.0,,,,,,,34868000000.0,,,,,,,,,,,,,,17246000000.0,1233000000.0,7117000000.0,,,,,72695000000.0,98832000000.0,9140807000000.0,117770000000.0,884529000000.0,,,221830000000.0,29972000000.0,78434000000.0,406346000000.0,5175643000000.0,,,,,,,,10466000000.0,19465000000.0,,,7805000000.0,,,,,,,,,1417346000000.0,,,54324000000.0,8429437000000.0,29352000000.0,81719000000.0,,192222000000.0,711370000000.0,210531000000.0,,,711370000000.0,9140807000000.0,,,82701000000.0,,,12345000000.0,,,,102500000000.0,,,1120026000000.0,767129000000.0,8778000000.0,,5858000000.0,5507000000.0
17574,420600000,上海浦东发展银行股份有限公司,600000.XSHG,600000,,,2025-04-30,2025-01-01,2025-03-31,2025-03-31,0,321003,定期报告,54886000000.0,,,365704000000.0,,,26588000000.0,457234000000.0,732761000000.0,82713000000.0,99752000000.0,,,,,,,,,,,5329954000000.0,,,,,,,34903000000.0,,,,,,,,,,,,,,16890000000.0,1243000000.0,6847000000.0,,,,,78545000000.0,113514000000.0,9223246000000.0,85593000000.0,604014000000.0,,,218521000000.0,40880000000.0,66835000000.0,447114000000.0,5497461000000.0,,,,,,,,6390000000.0,25742000000.0,,,8491000000.0,,,,,,,,,1445865000000.0,,,49868000000.0,8502141000000.0,29352000000.0,81719000000.0,,192222000000.0,721105000000.0,226321000000.0,,,721105000000.0,9223246000000.0,,,82701000000.0,,,6290000000.0,,,,102500000000.0,,,1018287000000.0,788950000000.0,8775000000.0,,5700000000.0,5367000000.0
17715,420600000,上海浦东发展银行股份有限公司,600000.XSHG,600000,,,2025-08-28,2025-01-01,2025-06-30,2025-06-30,0,321003,定期报告,103510000000.0,,,373119000000.0,,,28898000000.0,426304000000.0,803414000000.0,74868000000.0,65450000000.0,,,,,,,,,,,5380277000000.0,,,,,,,34910000000.0,,,,,,,,,,,,,,16618000000.0,1324000000.0,6675000000.0,,,,,74071000000.0,119938000000.0,9323892000000.0,93653000000.0,733692000000.0,,,212885000000.0,40013000000.0,63269000000.0,453930000000.0,5619714000000.0,,,,,,,,5098000000.0,14491000000.0,,,7815000000.0,,,,,,,,,1242826000000.0,,,65132000000.0,8557611000000.0,30264000000.0,94268000000.0,,196551000000.0,766281000000.0,212687000000.0,,,766281000000.0,9323892000000.0,,,112045000000.0,,,9666000000.0,,,,110800000000.0,,,990166000000.0,808162000000.0,10764000000.0,,5424000000.0,5093000000.0
17988,420600000,上海浦东发展银行股份有限公司,600000.XSHG,600000,,,2025-10-31,2025-01-01,2025-09-30,2025-09-30,0,321003,定期报告,93587000000.0,,,318138000000.0,,,104057000000.0,458967000000.0,857978000000.0,86521000000.0,45579000000.0,,,,,,,,,,,5423166000000.0,,,,,,,34917000000.0,,,,,,,,,,,,,,17025000000.0,918000000.0,6694000000.0,,,,,80444000000.0,144912000000.0,9559134000000.0,100280000000.0,1078113000000.0,,,232959000000.0,67148000000.0,76733000000.0,359005000000.0,5639323000000.0,,,,,,,,7586000000.0,17949000000.0,,,7885000000.0,,,,,,,,,1104950000000.0,,,57698000000.0,8754559000000.0,31355000000.0,108873000000.0,,196551000000.0,804575000000.0,220669000000.0,,,804575000000.0,9559134000000.0,,,131287000000.0,,,5032000000.0,,,,110808000000.0,,,1024396000000.0,845789000000.0,10764000000.0,,5282000000.0,4930000000.0
18137,420600000,上海浦东发展银行股份有限公司,600000.XSHG,600000,,,2026-03-31,2025-01-01,2025-12-31,2025-12-31,0,321003,定期报告,99544000000.0,,,418792000000.0,,,82382000000.0,487125000000.0,892271000000.0,93364000000.0,56119000000.0,,,,,,,,,,,5461896000000.0,,,,,,,40910000000.0,,,,,,,,,,,,,,17558000000.0,1955000000.0,6737000000.0,,,,,81919000000.0,107342000000.0,9746607000000.0,138934000000.0,1424619000000.0,,,208617000000.0,63334000000.0,80836000000.0,206559000000.0,5610763000000.0,,,,,,,,8220000000.0,20072000000.0,,,8097000000.0,,,,,,,,,1139102000000.0,,,43804000000.0,8957754000000.0,33306000000.0,134276000000.0,,196551000000.0,788853000000.0,228226000000.0,,,788853000000.0,9746607000000.0,,,79919000000.0,,,5551000000.0,,,,111024000000.0,,,1020042000000.0,862456000000.0,11001000000.0,,5194000000.0,4797000000.0
18302,420600000,上海浦东发展银行股份有限公司,600000.XSHG,600000,,,2026-04-30,2026-01-01,2026-03-31,2026-03-31,0,321003,定期报告,103642000000.0,,,427542000000.0,,,118727000000.0,469325000000.0,904457000000.0,75225000000.0,79845000000.0,,,,,,,,,,,5585644000000.0,,,,,,,40405000000.0,,,,,,,,,,,,,,17132000000.0,2230000000.0,6466000000.0,,,,,85078000000.0,124712000000.0,9969817000000.0,158542000000.0,1483701000000.0,,,207722000000.0,144933000000.0,70928000000.0,112273000000.0,5816086000000.0,,,,,,,,4332000000.0,26347000000.0,,,7662000000.0,,,,,,,,,1067329000000.0,,,60712000000.0,9165102000000.0,33306000000.0,134252000000.0,,196551000000.0,804715000000.0,244059000000.0,,,804715000000.0,9969817000000.0,,,79919000000.0,,,5500000000.0,,,,111128000000.0,,,1005382000000.0,907496000000.0,11537000000.0,,4972000000.0,4535000000.0
