id,company_id,company_name,code,a_code,b_code,h_code,pub_date,start_date,end_date,report_date,report_type,source_id,source,operate_cash_flow,net_loan_and_advance_decrease,net_deposit_increase,net_borrowing_from_central_bank,net_deposit_in_cb_and_ib_de,net_borrowing_from_finance_co,interest_and_commission_cashin,trade_asset_increase,net_increase_in_placements,net_buyback,tax_levy_refund,net_original_insurance_cash,insurance_cash_amount,net_insurer_deposit_investment,subtotal_operate_cash_inflow,net_loan_and_advance_increase,saving_clients_decrease_amount,net_deposit_in_cb_and_ib,central_borrowing_decrease,other_money_increase,purchase_trade_asset_increase,repurchase_decrease,handling_charges_and_commission,goods_and_services_cash_paid,goods_sale_and_service_render_cash,net_cash_re_insurance,reserve_investment_decrease,original_compensation_paid,policy_dividend_cash_paid,staff_behalf_paid,tax_payments,subtotal_operate_cash_outflow,net_operate_cash_flow,invest_cash_flow,invest_withdrawal_cash,invest_proceeds,gain_from_disposal,subtotal_invest_cash_inflow,invest_cash_paid,impawned_loan_net_increase,fix_intan_other_asset_acqui_cash,subtotal_invest_cash_outflow,net_invest_cash_flow,finance_cash_flow,cash_from_invest,cash_from_bonds_issue,cash_from_borrowing,subtotal_finance_cash_inflow,borrowing_repayment,dividend_interest_payment,subtotal_finance_cash_outflow,net_finance_cash_flow,exchange_rate_change_effect,other_reason_effect_cash,cash_equivalent_increase,cash_equivalents_at_beginning,cash_and_equivalents_at_end,net_profit_cashflow_adjustment,net_profit,assets_depreciation_reserves,fixed_assets_depreciation,intangible_assets_amortization,defferred_expense_amortization,fix_intan_other_asset_dispo_loss,fixed_asset_scrap_loss,fair_value_change_loss,financial_cost,invest_loss,deffered_tax_asset_decrease,deffered_tax_liability_increase,inventory_decrease,operate_receivables_decrease,operate_payable_increase,others,net_operate_cash_flow2,activities_not_relate_major,debt_to_capital,cbs_expiring_in_one_year,financial_lease_fixed_assets,change_info_cash,cash_at_end,cash_at_beginning,equivalents_at_end,equivalents_at_beginning,other_influence2,cash_equivalent_increase2,investment_property_depreciation,net_dec_finance_out,net_cash_received_from_proxy_secu,net_inc_finance_out,net_cash_paid_to_proxy_secu,net_dec_in_placements,credit_impairment_loss
1259,300022955,贵阳银行股份有限公司,601997.XSHG,601997,,,2016-10-28,2016-01-01,2016-09-30,2016-09-30,0,321003,定期报告,,,68050699000.0,140000000.0,,4700000000.0,5992835000.0,,,,,,,,79360386000.0,16705513000.0,,7498329000.0,,,,,2361571000.0,,,,,,,943766000.0,1077786000.0,43848188000.0,35512198000.0,,358576885000.0,4108265000.0,12000.0,362685162000.0,411498416000.0,,913919000.0,412412335000.0,-49727173000.0,,4780499000.0,44509372000.0,,49289871000.0,36430000000.0,12025000.0,36442025000.0,12847846000.0,6150000.0,,-1360979000.0,6641345000.0,5280366000.0,,,,,,,,,,,,,,,,,,,,,,,,,,,,,,,,,,,,
1261,300022955,贵阳银行股份有限公司,601997.XSHG,601997,,,2017-04-15,2016-01-01,2016-12-31,2016-12-31,0,321003,定期报告,,,91012495000.0,245000000.0,,4950000000.0,8731643000.0,,,,,,,,114856623000.0,28525598000.0,,8650478000.0,,,,,3570283000.0,,,,,,,1358904000.0,1609868000.0,46395491000.0,68461132000.0,,515280889000.0,5633050000.0,,520914276000.0,605478775000.0,,1204964000.0,606683739000.0,-85769463000.0,,4780499000.0,88318482000.0,,93098981000.0,69330000000.0,138052000.0,69480578000.0,23618403000.0,6623000.0,,6316695000.0,6641345000.0,12958040000.0,,3688733000.0,3112861000.0,193081000.0,136011000.0,,481000.0,,12305000.0,,-330490000.0,-105211000.0,-817000.0,,-39188093000.0,105873887000.0,-4931616000.0,68461132000.0,,,,,,12958040000.0,6641345000.0,,,,6316695000.0,,,,,,,
1262,300022955,贵阳银行股份有限公司,601997.XSHG,601997,,,2017-04-29,2017-01-01,2017-03-31,2017-03-31,0,321003,定期报告,,0.0,19199336000.0,,0.0,3250000000.0,2301710000.0,,,,,,,,27430877000.0,2997052000.0,,877065000.0,,0.0,,,896016000.0,,,,,,,559046000.0,306775000.0,19475059000.0,7955818000.0,,122743533000.0,1846529000.0,,124657291000.0,137954836000.0,,287480000.0,138242316000.0,-13585025000.0,,0.0,32420000000.0,,32420000000.0,26020000000.0,843801000.0,26863801000.0,5556199000.0,-772000.0,,-73780000.0,12958040000.0,12884260000.0,,0.0,0.0,0.0,,0.0,,,,0.0,,,,,0.0,0.0,0.0,,,,,,,,,,,0.0,,,,,,,,
1263,300022955,贵阳银行股份有限公司,601997.XSHG,601997,,,2017-08-29,2017-01-01,2017-06-30,2017-06-30,0,321003,定期报告,,0.0,21143322000.0,,722590000.0,,7622041000.0,,,,,,,,40967279000.0,7636725000.0,,0.0,145000000.0,0.0,,,2271422000.0,,,,,,,163535000.0,766422000.0,24533621000.0,16433658000.0,,322752159000.0,4444679000.0,,327196953000.0,341325762000.0,,356553000.0,341682315000.0,-14485362000.0,,0.0,71073989000.0,,71073989000.0,50059755000.0,2319474000.0,52379229000.0,18694760000.0,365000.0,,20643421000.0,12958040000.0,33601461000.0,,1907517000.0,1929841000.0,123678000.0,79582000.0,0.0,800000.0,,5286000.0,,3723000.0,-335625000.0,,,-3819898000.0,20243777000.0,-3705023000.0,16433658000.0,,,,,,33601461000.0,12958040000.0,,,0.0,20643421000.0,,,,,,,
1264,300022955,贵阳银行股份有限公司,601997.XSHG,601997,,,2017-10-31,2017-01-01,2017-09-30,2017-09-30,0,321003,定期报告,,348345000.0,17947739000.0,,,9997691000.0,6743409000.0,,,,,,,,35191768000.0,21090719000.0,,0.0,157000000.0,0.0,,,3475119000.0,,,,,,,1339605000.0,948243000.0,29780172000.0,5411596000.0,,484660443000.0,7468752000.0,,492150232000.0,521565000000.0,,426944000.0,521991944000.0,-29841712000.0,,0.0,112779755000.0,,112779755000.0,77989755000.0,3293792000.0,81283547000.0,31496208000.0,709000.0,,7066801000.0,12958040000.0,20024841000.0,,0.0,0.0,0.0,,0.0,,,,0.0,,,,,0.0,0.0,0.0,,,,,,,,,,,0.0,,,,,,,,
3986,300022955,贵阳银行股份有限公司,601997.XSHG,601997,,,2018-04-28,2017-01-01,2017-12-31,2017-12-31,0,321003,定期报告,,,53892291000.0,2943000000.0,,5992909000.0,10649995000.0,,,,,,,,73967170000.0,24179417000.0,,4117765000.0,,,,,5006875000.0,,,,,,,1754444000.0,1257369000.0,53225700000.0,20741470000.0,,675178924000.0,10120223000.0,,685299907000.0,728928359000.0,,685427000.0,729613786000.0,-44313879000.0,,,150190843000.0,,150190843000.0,118817281000.0,2752333000.0,121569614000.0,28621229000.0,-34923000.0,,5013897000.0,20910455000.0,25924352000.0,,4587510000.0,3415932000.0,246477000.0,156912000.0,,961000.0,,27832000.0,,-110290000.0,-511509000.0,,,-28757198000.0,48479926000.0,-6795083000.0,20741470000.0,,,,,,25924352000.0,20910455000.0,,,,5013897000.0,,,,,,,
4012,300022955,贵阳银行股份有限公司,601997.XSHG,601997,,,2018-04-28,2018-01-01,2018-03-31,2018-03-31,0,321003,定期报告,,0.0,0.0,,3197560000.0,2015091000.0,2744835000.0,,,,,,,,9413710000.0,7927650000.0,16777758000.0,0.0,490000000.0,0.0,,,1850350000.0,,,,,,,683822000.0,318179000.0,32197312000.0,-22783602000.0,,98974595000.0,2453673000.0,,101428268000.0,96933845000.0,,140467000.0,97074312000.0,4353956000.0,,0.0,19240000000.0,,19240000000.0,9620000000.0,1197952000.0,10817952000.0,8422048000.0,1027000.0,,-10006571000.0,25924352000.0,15917781000.0,,0.0,0.0,0.0,,0.0,,,,0.0,,,,,0.0,0.0,0.0,,,,,,,,,,,0.0,,,,,,,,
4115,300022955,贵阳银行股份有限公司,601997.XSHG,601997,,,2018-08-25,2018-01-01,2018-06-30,2018-06-30,0,321003,定期报告,,0.0,0.0,,2771894000.0,1252231000.0,5840407000.0,,,,,,,,11763933000.0,15417842000.0,7671443000.0,0.0,2490000000.0,0.0,,,3613275000.0,,,,,,,1140249000.0,736599000.0,36021786000.0,-24257853000.0,,175261275000.0,5888506000.0,,181149800000.0,178683571000.0,,190414000.0,178873985000.0,2275815000.0,,0.0,74970000000.0,,74970000000.0,56370000000.0,2468349000.0,58838349000.0,16131651000.0,1775000.0,,-5848612000.0,25924352000.0,20075740000.0,,2313510000.0,1944800000.0,133516000.0,75850000.0,0.0,8000.0,,-24904000.0,2264266000.0,-81121000.0,-255982000.0,,,-16614233000.0,-7752891000.0,-6260672000.0,-24257853000.0,,,,,,,,,,0.0,,,,,,,,
4277,300022955,贵阳银行股份有限公司,601997.XSHG,601997,,,2018-10-30,2018-01-01,2018-09-30,2018-09-30,0,321003,定期报告,,0.0,0.0,,3289507000.0,2120091000.0,9125163000.0,,,,,,,,18208293000.0,36193907000.0,4167718000.0,0.0,2065000000.0,0.0,,,5541276000.0,,,,,,,1572669000.0,853159000.0,56698498000.0,-38490205000.0,,320332351000.0,9314941000.0,29000.0,329647321000.0,312685762000.0,,223254000.0,312909016000.0,16738305000.0,,0.0,112310000000.0,,112310000000.0,86170000000.0,4256105000.0,90426105000.0,21883895000.0,2480000.0,,134475000.0,25924352000.0,26058827000.0,,0.0,0.0,0.0,,0.0,,,,0.0,,,,,0.0,0.0,0.0,,,,,,,,,,,0.0,,,,,,,,
4482,300022955,贵阳银行股份有限公司,601997.XSHG,601997,,,2019-04-16,2018-01-01,2018-12-31,2018-12-31,0,321003,定期报告,,,2088756000.0,,5335218000.0,5211696000.0,12972336000.0,,,,,,,,27659954000.0,46384807000.0,,,563000000.0,,,,7514544000.0,,,,,,,2060793000.0,1138422000.0,65635438000.0,-37975484000.0,,444982097000.0,12450521000.0,117000.0,457432735000.0,448168518000.0,,602733000.0,448771251000.0,8661484000.0,,4992896000.0,131215907000.0,,136208803000.0,111375346000.0,3569098000.0,114944444000.0,21264359000.0,5878000.0,,-8043763000.0,25924352000.0,17880589000.0,,5228677000.0,3618674000.0,279414000.0,142823000.0,,523000.0,,-36917000.0,,-240115000.0,-390950000.0,,,-46175762000.0,7465624000.0,-7867475000.0,-37975484000.0,,,,,,,,,,,,,,,,,,
4662,300022955,贵阳银行股份有限公司,601997.XSHG,601997,,,2019-04-30,2019-01-01,2019-03-31,2019-03-31,0,321003,定期报告,,,6465976000.0,,4743605000.0,4011960000.0,3643048000.0,,,4083011000.0,,,,,23136972000.0,15866837000.0,,,10000000.0,,,,1497840000.0,,,,,,,770168000.0,338288000.0,22010741000.0,1126231000.0,,194282645000.0,2266937000.0,8000.0,196549590000.0,196084862000.0,,145863000.0,196230725000.0,318865000.0,,,39580000000.0,,39580000000.0,32630000000.0,879609000.0,33509609000.0,6070391000.0,419000.0,,7515906000.0,17880589000.0,25396495000.0,,,,,,,,,,,,,,,,,,,,,,,,,,,,,,,,,,,,
6784,300022955,贵阳银行股份有限公司,601997.XSHG,601997,,,2019-08-27,2019-01-01,2019-06-30,2019-06-30,0,321003,定期报告,,0.0,16091348000.0,9998000000.0,2475640000.0,,7408550000.0,,,,,,,,46440468000.0,24569097000.0,,0.0,,92088000.0,,,3562685000.0,,,,,,,1254955000.0,749570000.0,33274028000.0,13166440000.0,,429530534000.0,5380227000.0,,434917166000.0,437852258000.0,,469483000.0,438321741000.0,-3404575000.0,,0.0,67040298000.0,,67040298000.0,61475224000.0,2834263000.0,64309487000.0,2730811000.0,2541000.0,,12495217000.0,17880589000.0,30375806000.0,,2735124000.0,2087934000.0,149635000.0,71958000.0,0.0,13000.0,,106134000.0,,-777770000.0,-395113000.0,,,-25133823000.0,37743988000.0,-3421640000.0,13166440000.0,,,,,,,,,,,,,,,,,,
6974,300022955,贵阳银行股份有限公司,601997.XSHG,601997,,,2019-10-29,2019-01-01,2019-09-30,2019-09-30,0,321003,定期报告,,0.0,12465433000.0,11136000000.0,3951807000.0,8476263000.0,11587167000.0,,,,,,,,51105344000.0,30693438000.0,,0.0,,92088000.0,,,5828863000.0,,,,,,,1799876000.0,1053863000.0,43740682000.0,7364662000.0,,549711962000.0,8594475000.0,,558312977000.0,561749072000.0,,700141000.0,562449213000.0,-4136236000.0,,0.0,95140000000.0,,95263701000.0,87030000000.0,3364359000.0,90394359000.0,4869342000.0,1160000.0,,8098928000.0,17880589000.0,25979517000.0,,0.0,0.0,0.0,,0.0,,,,0.0,,,,,0.0,0.0,0.0,,,,,,,,,,,0.0,,,,,,,,
8595,300022955,贵阳银行股份有限公司,601997.XSHG,601997,,,2020-04-28,2019-01-01,2019-12-31,2019-12-31,0,321003,定期报告,,,22522550000.0,11931000000.0,2823415000.0,,16065639000.0,,4386390000.0,,,,,,60067746000.0,35869514000.0,,,,,,,7961946000.0,,,,,,,2350245000.0,2053575000.0,53118317000.0,6949429000.0,,730223907000.0,12404511000.0,5714000.0,742634132000.0,741532892000.0,,1090917000.0,742623809000.0,10323000.0,,,140460000000.0,,140583700000.0,131260000000.0,4895174000.0,136155174000.0,4428526000.0,1169000.0,,11389447000.0,17880589000.0,29270036000.0,,5997889000.0,4317389000.0,315281000.0,138664000.0,,407000.0,,33067000.0,,-1606782000.0,-822813000.0,,,-36787928000.0,42818212000.0,-7453957000.0,6949429000.0,,,,,,,,,,,,,,,,,,
8609,300022955,贵阳银行股份有限公司,601997.XSHG,601997,,,2020-04-28,2020-01-01,2020-03-31,2020-03-31,0,321003,定期报告,,,,3393000000.0,3526355000.0,594406000.0,3703078000.0,,,,,,,,12786167000.0,8188345000.0,,,,0.0,,,2203940000.0,,,,,,,751748000.0,230051000.0,18106099000.0,-5319932000.0,,98576242000.0,2434987000.0,287000.0,101011516000.0,101014284000.0,,,101079609000.0,-68093000.0,,,23660000000.0,,23660000000.0,22270000000.0,,22738072000.0,921928000.0,456000.0,,-4465641000.0,29270036000.0,24804395000.0,,,,,,,,,,,,,,,,,,,,,,,,,,,,,,0.0,,,,,,
8922,300022955,贵阳银行股份有限公司,601997.XSHG,601997,,,2020-08-29,2020-01-01,2020-06-30,2020-06-30,0,321003,定期报告,,,,1101930000.0,1812569000.0,,8394121000.0,,1160652000.0,,,,,,19050835000.0,10706874000.0,8020733000.0,,,,,,4865766000.0,,,,,,,1185593000.0,1013846000.0,28915534000.0,-9864699000.0,,905775003000.0,6349157000.0,5348000.0,912129508000.0,906244618000.0,,175948000.0,906420566000.0,5708942000.0,,,61000000000.0,,61000000000.0,52940000000.0,1980221000.0,54920221000.0,6079779000.0,-173000.0,,1923849000.0,29270036000.0,31193885000.0,,2941310000.0,,194943000.0,,74386000.0,78000.0,,94713000.0,,-1000296000.0,-716445000.0,,,-10733713000.0,495267000.0,-1214942000.0,-9864699000.0,,,,,,,,,,,,,,,,,,
9101,300022955,贵阳银行股份有限公司,601997.XSHG,601997,,,2020-10-31,2020-01-01,2020-09-30,2020-09-30,0,321003,定期报告,,,3232064000.0,5120836000.0,975459000.0,,12599491000.0,,990890000.0,,,,,,31756432000.0,13921505000.0,,,,0.0,,,7053757000.0,,,,,,,1659612000.0,1361983000.0,27170173000.0,4586259000.0,,1767974903000.0,10195722000.0,5593000.0,1778176218000.0,1779519498000.0,,239118000.0,1779758616000.0,-1582398000.0,,,71710000000.0,,71710000000.0,79400000000.0,2950288000.0,82350288000.0,-10640288000.0,1348000.0,,-7635079000.0,29270036000.0,21634957000.0,,,,,,,,,,,,,,,,,,,,,,,,,,,,,,0.0,,,,,,
12904,300022955,贵阳银行股份有限公司,601997.XSHG,601997,,,2021-04-30,2020-01-01,2020-12-31,2020-12-31,0,321003,定期报告,,,36389031000.0,6439391000.0,,,17316461000.0,,1106315000.0,1942813000.0,,,,,63472643000.0,,,22720000.0,,,,,9492715000.0,,,,,,,2196136000.0,1776089000.0,50448070000.0,13024573000.0,,2060491424000.0,14077595000.0,,2074570444000.0,2063550801000.0,,564488000.0,2064115289000.0,10455155000.0,,,121810000000.0,,121810000000.0,142530000000.0,4393495000.0,146923495000.0,-25113495000.0,4170000.0,,-1629597000.0,29270036000.0,27640439000.0,,6142688000.0,,383790000.0,147273000.0,,276000.0,,110665000.0,,-1536781000.0,-860097000.0,,,-34179550000.0,46422254000.0,-8937875000.0,13024573000.0,,,,,,27640439000.0,29270036000.0,,,,-1629597000.0,,,,,,,5331930000.0
12937,300022955,贵阳银行股份有限公司,601997.XSHG,601997,,,2021-04-30,2021-01-01,2021-03-31,2021-03-31,0,321003,定期报告,,,9317773000.0,,0.0,1919867000.0,4476214000.0,,,,,,,,15844068000.0,7795587000.0,,674176000.0,757531000.0,100678000.0,,,2795418000.0,,,,,,,803495000.0,639376000.0,17142152000.0,-1298084000.0,,403523988000.0,2128192000.0,288000.0,405652468000.0,398938980000.0,,174789000.0,399113769000.0,6538699000.0,,,8470000000.0,,8470000000.0,11850000000.0,221038000.0,12071038000.0,-3601038000.0,250000.0,,1639827000.0,27640439000.0,29280266000.0,,,,,,,,,,,,,,,,,,,,,,,,,,,,,,0.0,,,,,,
13102,300022955,贵阳银行股份有限公司,601997.XSHG,601997,,,2021-08-28,2021-01-01,2021-06-30,2021-06-30,0,321003,定期报告,,,2955979000.0,,,,9387822000.0,,2384468000.0,,,,,,14998514000.0,16386172000.0,,333510000.0,2716625000.0,,,,5348639000.0,,,,,,,1302081000.0,1456384000.0,33223803000.0,-18225289000.0,,568539556000.0,5517466000.0,27591000.0,574084613000.0,558303415000.0,,250522000.0,558553937000.0,15530676000.0,,4496179000.0,42530000000.0,,47026179000.0,44190000000.0,2139842000.0,46375601000.0,650578000.0,612000.0,,-2043423000.0,27640439000.0,25597016000.0,,3011402000.0,,189206000.0,82372000.0,,-64000.0,,-60821000.0,,-414001000.0,-320396000.0,,,-19297976000.0,795547000.0,-4300155000.0,-18225289000.0,,,,,,,,,,,,,,,,,,2089597000.0
13344,300022955,贵阳银行股份有限公司,601997.XSHG,601997,,,2021-10-30,2021-01-01,2021-09-30,2021-09-30,0,321003,定期报告,,,6452750000.0,0.0,2408300000.0,,13463338000.0,,1693920000.0,,,,,,28363483000.0,17596608000.0,,,285784000.0,,,,8017922000.0,,,,,,,1918682000.0,1887799000.0,32710765000.0,-4347282000.0,,752680789000.0,9065662000.0,30649000.0,761777100000.0,754757447000.0,,379162000.0,755136609000.0,6640491000.0,,4496179000.0,56190000000.0,,60686179000.0,72190000000.0,2813984000.0,75123083000.0,-14436904000.0,1177000.0,,-12142518000.0,27640439000.0,15497921000.0,,,,,,,,,,,,,,,,,,,,,,,,,,,,,,,,,,,,
13658,300022955,贵阳银行股份有限公司,601997.XSHG,601997,,,2022-04-29,2022-01-01,2022-03-31,2022-03-31,0,321003,定期报告,,,,1321358000.0,154237000.0,,4419859000.0,,,,,,,,8725834000.0,6035809000.0,3908549000.0,,,109910000.0,,,3064243000.0,,,,,,,931071000.0,464897000.0,16435786000.0,-7709952000.0,,226343079000.0,2389941000.0,1008000.0,228734028000.0,230030208000.0,,119602000.0,230149810000.0,-1415782000.0,,,24790000000.0,,24926519000.0,11450000000.0,488309000.0,11982678000.0,12943841000.0,154000.0,,3818261000.0,14685962000.0,18504223000.0,,,,,,,,,,,,,,,,,,,,,,,,,,,,,,,,,,,15000000.0,
13692,300022955,贵阳银行股份有限公司,601997.XSHG,601997,,,2022-04-29,2021-01-01,2021-12-31,2021-12-31,0,321003,定期报告,,,836746000.0,6212540000.0,3004234000.0,,19003589000.0,,66920000.0,,,,,,32655561000.0,27232136000.0,,,,,,,11337270000.0,,,,,,,2505296000.0,2225371000.0,46769542000.0,-14113981000.0,,918706525000.0,12709198000.0,11145000.0,931426868000.0,926984406000.0,,493481000.0,927477887000.0,3948981000.0,,4496179000.0,,101180000000.0,105676179000.0,104430000000.0,3932863000.0,108466213000.0,-2790034000.0,557000.0,,-12954477000.0,27640439000.0,14685962000.0,,6255915000.0,,378936000.0,158061000.0,,-296000.0,,-120201000.0,,-1126588000.0,-332294000.0,,,-25609721000.0,11358166000.0,-8987085000.0,-14113981000.0,,,,,,,,,,,,,,,,,,3911126000.0
13957,300022955,贵阳银行股份有限公司,601997.XSHG,601997,,,2022-08-27,2022-01-01,2022-06-30,2022-06-30,0,321003,定期报告,,,7107859000.0,4465339000.0,,1212624000.0,9022399000.0,,,,,,,,21951673000.0,14970356000.0,,537099000.0,,,,938777000.0,5704125000.0,,,,,,,1367690000.0,1351203000.0,27562085000.0,-5610412000.0,,466251493000.0,5361462000.0,2218000.0,471615173000.0,472825170000.0,,192622000.0,473017792000.0,-1402619000.0,,,60560000000.0,,60696519000.0,53990000000.0,2279296000.0,56329547000.0,4366972000.0,262000.0,,-2645797000.0,14685962000.0,12040165000.0,,3009190000.0,193561000.0,186939000.0,87324000.0,,-91000.0,,13380000.0,,-550692000.0,-646570000.0,,,-18059809000.0,11969724000.0,-4473057000.0,-5610412000.0,,,,,,,,,,,,,,,,,,2659689000.0
14335,300022955,贵阳银行股份有限公司,601997.XSHG,601997,,,2022-10-29,2022-01-01,2022-09-30,2022-09-30,0,321003,定期报告,,,4927117000.0,4951222000.0,165870000.0,,13267815000.0,,3078100000.0,,,,,,31397993000.0,21162041000.0,,,,,,,8389447000.0,,,,,,,1911811000.0,1725098000.0,35288309000.0,-3890316000.0,,717117638000.0,7537930000.0,2062000.0,724657630000.0,727151833000.0,,348638000.0,727500471000.0,-2842841000.0,,,84000000000.0,,84136519000.0,76210000000.0,2703706000.0,79012024000.0,5124495000.0,231000.0,,-1608431000.0,14685962000.0,13077531000.0,,,,,,,,,,,,,,,,,,,,,,,,,,,,,,,,,,,,
14927,300022955,贵阳银行股份有限公司,601997.XSHG,601997,,,2023-04-29,2022-01-01,2022-12-31,2022-12-31,0,321003,定期报告,,,14438341000.0,6202750000.0,,,19386774000.0,,1259207000.0,,,,,,49086631000.0,32605243000.0,,2326612000.0,,110000000.0,,,11197996000.0,,,,,,,2564053000.0,2249845000.0,53621414000.0,-4534783000.0,,1136336207000.0,11071604000.0,5986000.0,1147413797000.0,1141178429000.0,,516685000.0,1141695114000.0,5718683000.0,,,119120000000.0,,119256519000.0,118310000000.0,3670778000.0,122102139000.0,-2845620000.0,8377000.0,,-1653343000.0,14685962000.0,13032619000.0,,6246201000.0,193561000.0,373289000.0,169696000.0,,-107000.0,,6823000.0,,-1270019000.0,-670391000.0,,,-36514556000.0,31450951000.0,-8805203000.0,-4534783000.0,,,,,,,,,,,,,,,,,,4284972000.0
14985,300022955,贵阳银行股份有限公司,601997.XSHG,601997,,,2023-04-29,2023-01-01,2023-03-31,2023-03-31,0,321003,定期报告,,,22770619000.0,2594554000.0,1501367000.0,,4551365000.0,,2764403000.0,0.0,,,,,34231103000.0,10941980000.0,,,,,,,4248105000.0,,,,,,,886094000.0,524593000.0,22118503000.0,12112600000.0,,255124271000.0,3235427000.0,18329000.0,258378027000.0,262255216000.0,,88923000.0,262344139000.0,-3966112000.0,,,23900000000.0,,23900000000.0,29610000000.0,430675000.0,30071056000.0,-6171056000.0,312000.0,,1975744000.0,13032619000.0,15008363000.0,,,,,,,,,,,,,,,,,,,,,,,,,,,,,,,,,,,,
15083,300022955,贵阳银行股份有限公司,601997.XSHG,601997,,,2023-08-26,2023-01-01,2023-06-30,2023-06-30,0,321003,定期报告,,,14794670000.0,6726698000.0,2217857000.0,,9470179000.0,,3167978000.0,,,,,,36942473000.0,27738921000.0,,,,,,,7512535000.0,,,,,,,1436152000.0,1476783000.0,42049908000.0,-5107435000.0,,603157539000.0,6703291000.0,82000.0,609860912000.0,604375316000.0,,90436000.0,604465752000.0,5395160000.0,,,67280000000.0,,67280000000.0,66590000000.0,2286071000.0,68926955000.0,-1646955000.0,801000.0,,-1358429000.0,13032619000.0,11674190000.0,,2920502000.0,,169164000.0,96798000.0,,-23000.0,,645000.0,,-555536000.0,-246907000.0,,,-27493083000.0,21465904000.0,-4120466000.0,-5107435000.0,,,,,,,,,,,,,,,,,,2655567000.0
15365,300022955,贵阳银行股份有限公司,601997.XSHG,601997,,,2023-10-28,2023-01-01,2023-09-30,2023-09-30,0,321003,定期报告,,,11645401000.0,13736749000.0,2532200000.0,,14441678000.0,,1485140000.0,,,,,,44625873000.0,34404467000.0,,,,,,,10637844000.0,,,,,,,1977204000.0,1800666000.0,58899633000.0,-14273760000.0,,954775388000.0,9195027000.0,88000.0,963970503000.0,951931693000.0,,238558000.0,952170251000.0,11800252000.0,,,83920000000.0,,83920000000.0,81790000000.0,2637165000.0,84502522000.0,-582522000.0,1133000.0,,-3054897000.0,13032619000.0,9977722000.0,,,,,,,,,,,,,,,,,,,,,,,,,,,,,,,,,,,,
15922,300022955,贵阳银行股份有限公司,601997.XSHG,601997,,,2024-04-27,2023-01-01,2023-12-31,2023-12-31,0,321003,定期报告,110000000.0,,21969485000.0,19841629000.0,1607271000.0,,20723586000.0,,3084363000.0,,,,,,67927064000.0,41175063000.0,,,,,,4556999000.0,13552329000.0,,,,,,,2582987000.0,2326598000.0,68497599000.0,-570535000.0,1925084000.0,1266068362000.0,12275613000.0,3792000.0,1278347767000.0,1249286658000.0,,333587000.0,1249620245000.0,28727522000.0,,,124410000000.0,,124410000000.0,126060000000.0,3754359000.0,129917394000.0,-5507394000.0,3860000.0,,22653453000.0,13032619000.0,35686072000.0,,5634221000.0,,346611000.0,188826000.0,,98000.0,,-17858000.0,,-1108046000.0,30917000.0,,,-41680733000.0,38827710000.0,,-570535000.0,103035000.0,,,,-7689920000.0,,,,,,,,,,,,,4897639000.0
15983,300022955,贵阳银行股份有限公司,601997.XSHG,601997,,,2024-04-27,2024-01-01,2024-03-31,2024-03-31,0,321003,定期报告,93710000.0,,2057994000.0,2167695000.0,2883475000.0,,4422467000.0,,292902000.0,20391735000.0,,,,,33175149000.0,7080622000.0,,,,,,,3926962000.0,,,,,,,829192000.0,531140000.0,14120018000.0,19055131000.0,1185607000.0,464384688000.0,1948850000.0,1368000.0,466334906000.0,483738301000.0,,349693000.0,484087994000.0,-17753088000.0,,,31320000000.0,,31320000000.0,21720000000.0,535679000.0,22306498000.0,9013502000.0,312000.0,,10315857000.0,35686072000.0,46001929000.0,,,,,,,,,,,,,,,,,,,50819000.0,,,,,,,,,,,,,,,,,
16317,300022955,贵阳银行股份有限公司,601997.XSHG,601997,,,2024-08-31,2024-01-01,2024-06-30,2024-06-30,0,321003,定期报告,11400484000.0,,6649563000.0,5468035000.0,2519266000.0,,9397478000.0,,458135000.0,,,,,,36220098000.0,16339724000.0,,,,,,,7241159000.0,,,,,,,1375121000.0,1265122000.0,28245382000.0,7974716000.0,1410456000.0,854705866000.0,4929860000.0,2556000.0,859638282000.0,864453308000.0,,1016582000.0,865469890000.0,-5831608000.0,,,61290000000.0,,61290000000.0,60770000000.0,2224629000.0,63069250000.0,-1779250000.0,1012000.0,,364870000.0,35686072000.0,36050942000.0,,2711890000.0,,183505000.0,102394000.0,,-473000.0,,-342613000.0,,-1020539000.0,-655534000.0,,,-16288298000.0,23292643000.0,,7974716000.0,74621000.0,,,,-2720054000.0,,,,,,,,,,,,,2711795000.0
16410,300022955,贵阳银行股份有限公司,601997.XSHG,601997,,,2024-10-29,2024-01-01,2024-09-30,2024-09-30,0,321003,定期报告,16272352000.0,,14031980000.0,1323217000.0,2373709000.0,,13767168000.0,,1790089000.0,,,,,,50084988000.0,21847337000.0,,,,,,,9762637000.0,,,,,,,1970908000.0,1560454000.0,38753141000.0,11331847000.0,1684335000.0,1042929463000.0,6926941000.0,6506000.0,1049862910000.0,1057623721000.0,,1677277000.0,1059300998000.0,-9438088000.0,,,77180000000.0,,77180000000.0,82060000000.0,2493185000.0,84648700000.0,-7468700000.0,76000.0,,-5574865000.0,35686072000.0,30111207000.0,,,,,,,,,,,,,,,,,,,95515000.0,,,,,,,,,,,,,,,,,
17082,300022955,贵阳银行股份有限公司,601997.XSHG,601997,,,2025-04-29,2025-01-01,2025-03-31,2025-03-31,0,321003,定期报告,18132512000.0,,19440724000.0,969940000.0,,,3717396000.0,,,,,,,,43001685000.0,5722134000.0,,92623000.0,,,,,3508812000.0,,,,,,,811902000.0,431859000.0,12685516000.0,30316169000.0,,331931366000.0,2508243000.0,268000.0,334439877000.0,354933440000.0,,1030655000.0,355964095000.0,-21524218000.0,,,25263485000.0,,25263485000.0,22890000000.0,163737000.0,23107147000.0,2156338000.0,333000.0,,10948622000.0,20882053000.0,31830675000.0,,,,,,,,,,,,,,,,,,,53410000.0,,,,,,,,,,,,,,,,979974000.0,
17116,300022955,贵阳银行股份有限公司,601997.XSHG,601997,,,2025-04-29,2024-01-01,2024-12-31,2024-12-31,0,321003,定期报告,93320000.0,,304391000.0,7812513000.0,3168914000.0,,20761466000.0,,2033295000.0,,,,,,34630418000.0,17472260000.0,,,,,,,12136769000.0,,,,,,,2531785000.0,2036200000.0,37249561000.0,-2619143000.0,1919522000.0,1225478981000.0,9456419000.0,9988000.0,1234945388000.0,1242805224000.0,,2013277000.0,1244818501000.0,-9873113000.0,,,125790000000.0,,125790000000.0,124610000000.0,3313791000.0,128103725000.0,-2313725000.0,1962000.0,,-14804019000.0,35686072000.0,20882053000.0,,5314143000.0,,376889000.0,203251000.0,,-34676000.0,,-988835000.0,,-2231065000.0,-567467000.0,,,-15924737000.0,10945149000.0,,-2619143000.0,179934000.0,,,,-4994640000.0,,,,,,,,,,,,,5282845000.0
17426,300022955,贵阳银行股份有限公司,601997.XSHG,601997,,,2025-08-26,2025-01-01,2025-06-30,2025-06-30,0,321003,定期报告,460926000.0,,9031443000.0,1403432000.0,1710511000.0,,8257006000.0,,2212440000.0,11870000000.0,,,,,35529835000.0,6341184000.0,,,,,,,6777159000.0,,,,,,,1361254000.0,1538049000.0,16427568000.0,19102267000.0,,818015315000.0,4176839000.0,3184000.0,822195338000.0,833629569000.0,,2206058000.0,835835627000.0,-13640289000.0,,,86818331000.0,,86818331000.0,75390000000.0,1215810000.0,76690770000.0,10127561000.0,232000.0,,15589771000.0,20882053000.0,36471824000.0,,2528900000.0,,212773000.0,106249000.0,,772000.0,,510872000.0,,-1739430000.0,-473998000.0,,,-5479451000.0,23544198000.0,,19102267000.0,,,,,-2129413000.0,10716970000.0,9001377000.0,25754854000.0,11880676000.0,,15589771000.0,,,,,,,2020795000.0
17794,300022955,贵阳银行股份有限公司,601997.XSHG,601997,,,2025-10-31,2025-01-01,2025-09-30,2025-09-30,0,321003,定期报告,783457000.0,,11908265000.0,4264040000.0,1957603000.0,,12265204000.0,,2220176000.0,3017500000.0,,,,,38198019000.0,9633265000.0,,,,,,,8683853000.0,,,,,,,1924426000.0,1847217000.0,22717286000.0,15480733000.0,,1206167904000.0,6855856000.0,5164000.0,1213028924000.0,1228477244000.0,,2499244000.0,1230976488000.0,-17947564000.0,,,113543787000.0,,113543787000.0,97850000000.0,1266623000.0,99222430000.0,14321357000.0,-96000.0,,11854430000.0,20882053000.0,32736483000.0,,,,,,,,,,,,,,,,,,,,,,,,,,,,,,,,,,,,
18017,300022955,贵阳银行股份有限公司,601997.XSHG,601997,,,2026-04-23,2025-01-01,2025-12-31,2025-12-31,0,321003,定期报告,1435319000.0,,23384969000.0,2995110000.0,,1896305000.0,19649350000.0,,,,,,,,50239579000.0,17214651000.0,,59206000.0,,,,,10999865000.0,,,,,,,2541114000.0,2325068000.0,40769121000.0,9470458000.0,6295279000.0,1376941699000.0,9856737000.0,8620000.0,1386807056000.0,1387567476000.0,,3363550000.0,1390931026000.0,-4123970000.0,,,165579114000.0,,165579114000.0,154410000000.0,1494621000.0,156027970000.0,9551144000.0,-803000.0,,14896829000.0,20882053000.0,35778882000.0,,5339363000.0,207347000.0,445829000.0,218890000.0,,1424000.0,,873744000.0,,-2907953000.0,-922632000.0,,,-15324541000.0,23047141000.0,,9470458000.0,,,,,-4352926000.0,12019384000.0,9001377000.0,23759498000.0,11880676000.0,,14896829000.0,,,,,,,2844772000.0
18039,300022955,贵阳银行股份有限公司,601997.XSHG,601997,,,2026-04-23,2026-01-01,2026-03-31,2026-03-31,0,321003,定期报告,10540987000.0,,12152675000.0,,807419000.0,,3712543000.0,,,,,,,,28946783000.0,4994084000.0,,,2984855000.0,,,,4159419000.0,,,,,,,820218000.0,436958000.0,14999378000.0,13947405000.0,,408718895000.0,1490103000.0,11640000.0,410220638000.0,426109971000.0,,2641572000.0,428751543000.0,-18530905000.0,,,24064539000.0,,24064539000.0,19730000000.0,185088000.0,19933067000.0,4131472000.0,-1114000.0,,-453142000.0,35778882000.0,35325740000.0,,,,,,,,,,,,,,,,,,,,,,,,,,,,,,,,,,,316104000.0,
